mfcc_1,mfcc_2,mfcc_3,mfcc_4,mfcc_5,mfcc_6,mfcc_7,mfcc_8,mfcc_9,mfcc_10,mfcc_11,mfcc_12,mfcc_13,mel_1,mel_2,mel_3,mel_4,mel_5,mel_6,mel_7,mel_8,mel_9,mel_10,mel_11,mel_12,mel_13,mel_14,mel_15,mel_16,mel_17,mel_18,mel_19,mel_20,mel_21,mel_22,mel_23,mel_24,mel_25,mel_26,mel_27,mel_28,mel_29,mel_30,mel_31,mel_32,mel_33,mel_34,mel_35,mel_36,mel_37,mel_38,mel_39,mel_40,mel_41,mel_42,mel_43,mel_44,mel_45,mel_46,mel_47,mel_48,mel_49,mel_50,mel_51,mel_52,mel_53,mel_54,mel_55,mel_56,mel_57,mel_58,mel_59,mel_60,mel_61,mel_62,mel_63,mel_64,mel_65,mel_66,mel_67,mel_68,mel_69,mel_70,mel_71,mel_72,mel_73,mel_74,mel_75,mel_76,mel_77,mel_78,mel_79,mel_80,mel_81,mel_82,mel_83,mel_84,mel_85,mel_86,mel_87,mel_88,mel_89,mel_90,mel_91,mel_92,mel_93,mel_94,mel_95,mel_96,mel_97,mel_98,mel_99,mel_100,mel_101,mel_102,mel_103,mel_104,mel_105,mel_106,mel_107,mel_108,mel_109,mel_110,mel_111,mel_112,mel_113,mel_114,mel_115,mel_116,mel_117,mel_118,mel_119,mel_120,mel_121,mel_122,mel_123,mel_124,mel_125,mel_126,mel_127,mel_128,label
-213.35764,67.80447,5.7932854,-3.4460049,-23.19717,-33.354076,-25.853666,-4.9919095,-19.44531,-28.046766,-6.8862453,-15.316089,0.06856095,-69.55077,-68.991516,-67.368935,-62.753414,-53.37296,-50.62982,-47.14508,-43.01974,-37.98388,-31.583538,-28.126015,-32.301464,-37.397205,-38.967026,-40.283344,-41.66597,-40.22021,-39.39998,-38.51895,-34.9734,-31.324078,-29.927736,-31.862373,-35.177204,-37.940723,-41.428047,-43.103657,-43.938618,-44.98512,-43.747334,-42.11388,-40.25355,-38.98322,-42.247593,-46.376198,-45.37892,-45.678146,-47.659847,-48.609715,-46.704338,-44.042507,-45.79728,-47.286015,-47.520966,-48.366196,-51.092205,-52.344734,-51.781788,-51.202435,-49.883907,-51.800976,-54.69407,-53.66174,-55.19365,-61.25627,-60.25761,-57.361687,-58.6521,-61.971317,-58.040966,-54.405468,-54.457436,-53.41323,-50.508583,-52.526447,-52.346394,-50.991287,-50.282204,-50.08095,-49.242184,-50.6732,-50.39414,-50.88072,-51.96837,-52.903915,-52.93293,-52.096714,-52.29769,-53.13695,-55.002514,-54.095318,-52.483402,-53.08178,-55.3237,-54.760868,-53.57121,-55.2497,-57.742165,-57.62107,-57.539642,-61.493877,-61.53232,-61.050186,-64.2908,-63.500225,-61.52495,-60.168575,-56.993195,-56.6629,-56.777786,-55.82176,-55.350677,-53.69909,-53.13349,-53.547226,-55.298405,-56.2969,-55.370266,-54.471195,-56.25413,-57.904583,-61.105885,-61.69894,-62.03367,-62.628773,-65.19169,-64.91422,-63.560867,-62.4145,-61.060406,-58.508873,-55.840164,-55.245293,-55.161945,-56.295647,-56.79675,-60.885857,-69.75607,0
-179.39865,149.8363,-13.198859,-15.223557,-35.399014,-24.4564,-15.8288555,-8.466495,-4.694354,-6.1314178,-1.1822268,-2.2755928,-3.739501,-51.494965,-50.385677,-50.011654,-49.63394,-47.43852,-38.742985,-26.902029,-29.998709,-40.373756,-42.38939,-41.794575,-41.63467,-34.142403,-25.318295,-23.085402,-29.907518,-35.69436,-36.330154,-33.910587,-26.854921,-22.341011,-20.692814,-23.547344,-29.81397,-32.09806,-31.602354,-28.42097,-26.385506,-23.898968,-23.426317,-26.520227,-31.506413,-34.648083,-33.92709,-32.97573,-33.49679,-33.21745,-34.167007,-36.206745,-37.227215,-37.487045,-36.64539,-38.21597,-38.856766,-39.52606,-42.372997,-41.678905,-42.003014,-44.892387,-45.997253,-46.102726,-45.48008,-43.390648,-44.000393,-48.87052,-49.986416,-48.356407,-47.767307,-48.199303,-50.845524,-52.672684,-50.92881,-49.180206,-50.62658,-53.60868,-53.184917,-52.09256,-52.468433,-53.065136,-51.723396,-51.248154,-52.817974,-52.47659,-53.10923,-54.316113,-54.479645,-55.40007,-57.6755,-57.19276,-56.87161,-58.599556,-58.278088,-56.571815,-57.040672,-56.563454,-55.89678,-57.45756,-59.382584,-61.47884,-60.732388,-60.261784,-59.543716,-59.285934,-61.331184,-61.943382,-63.4124,-64.80067,-65.03798,-63.967922,-63.632133,-62.30564,-61.669952,-61.213478,-61.539307,-62.141994,-62.58652,-64.229866,-66.93265,-69.64483,-70.832886,-71.30362,-71.70257,-72.11994,-71.2581,-69.77064,-69.645515,-68.84389,-67.41517,-67.141884,-67.53923,-68.49828,-68.6776,-68.814415,-69.52481,-70.07281,-70.33513,-72.83984,-78.21307,0
-188.1322,95.19736,-0.7486571,46.174095,-17.150543,-4.5935755,-13.287131,-10.344658,-11.952709,-12.01359,-6.4487967,-4.186765,-9.679161,-54.417274,-53.864967,-53.206303,-50.97422,-48.735992,-40.081814,-20.101137,-12.314535,-19.405876,-31.68369,-42.10607,-47.432537,-46.429794,-40.471626,-31.006083,-27.985859,-34.47979,-40.34612,-42.351788,-41.575867,-39.835632,-35.83366,-32.665554,-34.241016,-40.48105,-46.900543,-49.291344,-49.262264,-47.900787,-43.71398,-42.92599,-46.443897,-50.37663,-52.592113,-54.52403,-54.38643,-51.9553,-48.313457,-47.067158,-49.260723,-51.8526,-54.326324,-56.13261,-55.032124,-52.19347,-51.480877,-52.15068,-52.26573,-53.532734,-55.30338,-55.266815,-53.81745,-55.18743,-55.47113,-55.615818,-56.40975,-54.10044,-53.515438,-54.709698,-56.6013,-56.989758,-55.19343,-54.984264,-54.79021,-55.07264,-53.181793,-53.539364,-55.11648,-54.53534,-52.342014,-51.693012,-53.620056,-53.928402,-51.62415,-51.89624,-53.327957,-51.1907,-51.65367,-54.619854,-53.813393,-53.0993,-54.55052,-52.672768,-52.730534,-53.444725,-51.680702,-51.891987,-51.67949,-51.71948,-54.952053,-55.253166,-56.53781,-56.225166,-57.542534,-56.93102,-57.162617,-56.295654,-55.439526,-54.54531,-54.065243,-53.921524,-54.63171,-56.07553,-58.378002,-60.353836,-61.803238,-63.33432,-65.46358,-66.98317,-66.90459,-67.71744,-67.60977,-67.24936,-67.15459,-67.01132,-67.85078,-68.743126,-68.59471,-68.82843,-68.91227,-69.17871,-69.0718,-70.03432,-70.10552,-71.286674,-74.520584,-79.33688,-79.90484,0
-167.792,75.29105,16.568933,34.79848,9.346069,-3.9220695,-16.687376,-5.159154,-13.837854,0.15482584,-16.547148,4.9049416,-7.8196917,-44.893887,-47.438484,-50.621204,-44.44126,-29.543299,-19.813154,-22.70345,-34.968296,-39.90241,-38.505203,-33.60152,-29.59741,-29.039349,-32.093197,-36.62056,-38.17324,-37.679424,-35.08678,-32.51629,-34.60406,-38.335632,-41.530037,-42.678234,-41.5866,-40.025803,-41.91395,-45.059273,-46.853348,-47.781254,-46.94216,-47.130993,-47.379658,-49.284794,-50.5029,-50.702232,-52.08954,-52.944256,-52.301792,-53.24053,-54.053944,-53.900944,-52.43741,-52.911324,-51.83629,-51.674183,-51.54846,-50.99756,-51.494057,-52.510227,-53.389977,-53.61984,-53.702553,-52.899574,-52.34084,-53.299316,-53.2073,-52.93275,-50.66549,-49.07319,-48.837387,-51.181896,-52.349857,-50.96358,-49.52619,-48.812054,-49.56486,-47.638985,-48.01536,-49.77047,-50.217678,-48.276676,-48.53264,-49.73365,-49.793514,-51.491234,-52.884533,-54.205986,-55.497387,-53.794197,-52.288177,-52.204926,-52.467426,-51.387306,-50.380127,-52.399025,-52.48944,-52.279884,-53.87869,-54.166473,-52.31566,-52.332554,-53.70596,-53.10528,-54.54692,-54.61377,-55.94575,-57.534184,-58.54718,-59.017033,-57.353477,-56.44933,-57.11025,-57.658,-59.517475,-58.078342,-56.899754,-57.01074,-57.20412,-58.30697,-58.11405,-57.227123,-57.279667,-57.054913,-55.769463,-56.17046,-56.084736,-56.698135,-57.550274,-57.669212,-56.569996,-55.615532,-56.122097,-56.754726,-57.48386,-59.53469,-65.76287,-74.729485,-79.64397,0
-141.45357,92.44181,-39.37226,63.29097,-31.203012,27.911175,-26.27596,4.975826,-4.2947035,-0.0030269471,-6.312915,4.0636415,-10.644008,-38.733597,-36.128597,-32.818134,-19.435959,-9.557533,-20.308249,-32.92085,-29.849554,-25.842875,-22.795465,-23.415545,-24.730747,-28.255613,-31.080452,-28.566095,-22.392834,-22.154556,-29.550373,-33.688282,-31.144062,-25.419325,-26.480633,-32.735184,-34.535385,-30.367548,-27.181732,-28.4061,-31.140429,-31.461275,-32.202644,-33.66098,-34.553528,-35.616726,-37.860394,-38.19007,-36.814205,-32.6432,-32.828537,-36.504368,-38.533047,-37.76066,-34.439697,-33.50295,-36.392754,-39.141033,-38.75967,-34.86684,-33.87757,-36.111416,-38.541958,-37.31347,-34.892532,-36.698143,-38.47554,-35.35146,-33.85643,-36.09461,-36.297356,-34.61969,-33.755783,-34.64676,-34.402733,-31.713387,-32.182083,-32.80941,-31.612724,-33.95126,-34.615074,-36.37602,-37.49362,-37.422146,-35.909943,-36.99869,-35.950577,-36.734135,-35.82737,-35.386322,-34.84417,-35.375923,-35.24091,-34.506683,-35.277763,-35.91337,-36.140327,-36.90324,-39.16785,-38.97789,-38.624462,-39.145454,-38.18324,-37.134052,-36.66953,-35.492702,-34.267395,-33.006947,-32.401443,-32.607063,-32.306305,-32.787212,-34.694366,-36.385155,-37.241623,-36.800117,-37.6084,-38.909683,-42.25301,-45.838547,-46.42376,-48.268345,-50.00853,-52.16571,-50.770508,-51.008327,-53.70223,-54.544884,-54.313965,-56.16067,-58.806118,-58.964775,-59.24945,-59.923622,-64.118355,-67.70637,-73.374886,-78.80473,-79.52306,-79.702225,-79.702324,0
-140.23601,118.2695,1.6104304,16.040363,-2.1671526,10.565565,-6.660809,-20.878036,-15.607518,-1.1668962,-14.985888,1.8384572,-7.63672,-44.542374,-45.98888,-38.098766,-25.414959,-25.19006,-32.038326,-30.719667,-28.179873,-28.258852,-28.026802,-27.357325,-30.205534,-32.99121,-31.00607,-25.837994,-25.8839,-29.099934,-30.059107,-27.858772,-26.578304,-27.410992,-30.479744,-32.112873,-35.221825,-37.82854,-38.521694,-40.726585,-42.813572,-43.324646,-42.47705,-41.519794,-42.613953,-42.931118,-43.417812,-42.8019,-41.978878,-40.995815,-40.73217,-43.14882,-42.997955,-42.141453,-41.02257,-40.532963,-40.939186,-41.536427,-41.993603,-41.595997,-41.76605,-42.921505,-42.38279,-41.2185,-41.100044,-42.996758,-42.760242,-41.92473,-42.866585,-43.428436,-41.281178,-41.81796,-43.969875,-44.413162,-45.18607,-47.166744,-47.682846,-46.727608,-47.24129,-48.052475,-51.048985,-51.0898,-53.97542,-55.27631,-55.059536,-55.591385,-54.788227,-54.06791,-52.75744,-52.501064,-52.185177,-51.745216,-51.966705,-50.625763,-50.98461,-51.82013,-53.4978,-54.052715,-53.297733,-52.65906,-52.705612,-52.642746,-51.75355,-51.95694,-51.885296,-52.408054,-54.02761,-53.782234,-54.30556,-54.99514,-55.764473,-55.98742,-55.38891,-55.846485,-55.069668,-56.911957,-57.89917,-59.636993,-61.700893,-65.864075,-65.64061,-63.587265,-62.889603,-61.640633,-60.065617,-59.73813,-60.35649,-60.84456,-61.44969,-61.274303,-59.49388,-58.0427,-58.73989,-58.88886,-58.932453,-59.089626,-60.253227,-64.23108,-70.86293,-77.10087,-79.112785,0
-166.40091,97.12286,5.555635,51.39406,8.801546,-14.708249,-23.21634,-12.676408,-18.746948,2.0240386,-22.38087,0.8942726,-11.3021145,-45.50851,-46.383205,-50.989307,-42.88503,-21.280203,-13.643391,-22.422356,-34.50842,-35.80014,-30.844088,-22.714409,-20.133982,-23.641531,-27.63561,-28.401123,-27.51419,-26.956865,-27.753487,-29.416298,-31.263554,-32.372066,-33.443207,-33.62053,-33.836662,-35.73649,-39.65555,-41.52496,-41.670715,-41.092976,-40.965744,-44.53372,-46.73408,-47.643646,-47.383102,-47.720043,-48.722885,-49.611736,-50.408348,-51.288525,-51.847866,-51.70126,-51.73318,-52.092434,-51.451984,-52.44404,-52.202366,-52.340187,-50.652073,-51.445755,-52.8466,-52.088524,-51.410473,-49.80112,-49.25831,-49.103703,-48.879852,-47.754665,-47.085567,-46.84842,-45.294,-45.842968,-46.84626,-45.037083,-44.697346,-46.195164,-45.904186,-44.426105,-42.525627,-43.015423,-45.820095,-46.511852,-46.785255,-46.192436,-46.442722,-46.93134,-47.53889,-47.43503,-47.834995,-49.463448,-47.383644,-45.03139,-44.761333,-46.25477,-47.35777,-47.685223,-49.07811,-50.066563,-49.929634,-49.87227,-49.550274,-47.34492,-47.996788,-49.773746,-52.125755,-54.225513,-55.647263,-56.227306,-54.720024,-55.58708,-57.597305,-58.579624,-60.228012,-61.373283,-61.55263,-61.294476,-59.75478,-60.98086,-58.975395,-57.739758,-57.42167,-56.23514,-56.212013,-56.022114,-57.222878,-59.16255,-59.992832,-60.383392,-60.734325,-60.182457,-57.70827,-56.865208,-57.834946,-60.467056,-61.818367,-64.7172,-70.22477,-77.890915,-79.80661,0
-138.22089,128.07936,-22.634872,49.262756,1.6297292,-6.5208855,8.508039,-12.34442,-1.3018072,-1.4061286,-5.530764,0.45048013,-0.7338452,-20.663342,-29.836884,-34.06167,-30.216208,-16.16699,-11.82221,-23.506948,-32.981018,-33.423164,-25.614841,-19.94864,-19.835716,-26.787218,-30.13939,-29.698603,-24.600319,-22.863329,-24.843336,-27.67887,-28.310965,-27.288969,-28.465408,-31.90822,-34.82636,-35.177345,-33.703064,-31.58242,-32.173836,-37.25893,-39.766617,-39.021038,-34.879265,-33.466564,-36.005783,-39.744316,-41.957928,-38.349297,-34.77138,-36.207333,-39.810654,-42.227974,-42.080013,-39.37358,-37.160194,-38.19573,-40.06357,-40.874928,-40.26086,-38.034092,-39.748764,-41.741837,-42.07643,-41.215107,-40.40112,-42.33205,-42.660694,-40.7771,-39.620636,-39.474556,-39.95601,-39.82189,-39.895805,-40.068233,-40.897987,-40.69666,-40.381245,-40.49043,-40.599495,-40.71442,-40.137383,-41.64836,-43.064594,-43.073254,-43.875443,-43.011265,-42.39681,-41.502495,-39.82892,-40.030914,-38.45174,-38.443356,-39.497334,-39.821682,-40.673225,-39.99526,-41.418285,-43.25713,-43.533463,-45.15103,-45.49664,-45.971775,-45.618008,-46.022537,-46.254555,-45.903683,-46.709076,-47.84316,-50.53435,-51.984,-53.70378,-55.845367,-57.15938,-58.213238,-60.239716,-61.655376,-61.68393,-62.848717,-63.1118,-62.824955,-63.802826,-65.53262,-64.34747,-63.023293,-63.39798,-64.71974,-64.0322,-64.15765,-64.567635,-64.36061,-64.58709,-64.83375,-65.332825,-64.60603,-65.067566,-65.86262,-65.04435,-65.201035,-66.57997,0
-164.25299,53.340626,10.647115,-11.278347,-28.023037,-23.384491,-33.76576,-15.016977,-1.585456,-21.968243,-16.917858,-13.951057,-1.5312917,-67.171074,-64.77017,-62.18372,-56.015247,-45.914143,-43.55591,-40.78039,-39.11657,-35.31564,-30.573631,-29.18264,-28.168764,-29.119781,-32.097504,-34.457996,-36.898716,-35.838604,-33.01591,-29.86566,-30.153633,-29.394575,-28.846296,-28.87346,-29.76948,-32.05485,-33.875538,-34.756866,-34.589092,-35.077637,-34.682457,-34.975933,-34.19196,-35.767654,-36.927254,-38.74389,-38.987038,-37.964268,-37.682835,-38.954136,-38.632187,-39.644474,-40.261364,-41.473804,-43.12134,-45.834347,-48.20271,-49.90833,-49.028233,-48.393578,-47.659245,-47.19283,-47.335033,-46.88853,-46.875065,-48.436375,-49.941647,-49.45453,-48.674824,-48.539906,-47.210262,-45.132275,-43.289925,-43.18201,-44.690975,-45.165237,-44.95605,-44.33385,-43.525856,-42.914772,-44.313572,-45.223377,-45.72254,-46.549446,-47.033638,-48.299137,-51.282917,-51.309628,-53.27968,-54.800167,-57.31084,-56.99538,-53.059868,-50.757175,-50.74323,-50.171864,-47.06247,-45.66392,-47.004562,-49.70925,-49.49523,-48.84104,-50.081734,-50.703754,-49.204483,-47.75956,-48.85097,-50.049686,-47.9481,-47.21237,-47.875378,-46.6394,-45.628418,-45.738213,-46.951096,-45.48292,-45.405296,-47.7528,-47.408295,-46.854065,-48.791977,-49.525364,-49.61279,-50.561813,-52.347954,-51.505188,-53.222656,-54.825417,-53.772026,-55.02584,-53.922752,-53.162617,-53.143425,-49.334045,-46.78134,-46.25548,-45.383736,-48.20469,-57.416824,0
-273.15167,99.11771,8.310463,50.64523,8.820959,9.569364,8.3816805,4.3036423,6.614003,4.9985433,1.091818,7.024593,-1.3555597,-22.27542,-26.307835,-31.628098,-31.766266,-30.165545,-37.618614,-42.095768,-40.14138,-35.320255,-35.972,-40.48202,-43.63466,-41.79794,-38.12455,-39.223217,-43.634026,-46.572742,-45.234196,-44.57161,-46.442257,-48.65866,-48.070877,-46.878227,-45.929222,-47.61714,-50.447063,-50.740253,-50.44236,-50.632652,-52.03452,-52.055305,-53.309513,-51.966335,-52.176327,-53.643475,-54.129025,-53.33707,-53.85177,-55.261925,-54.951176,-54.57967,-54.966805,-55.99703,-56.512333,-56.873035,-55.426792,-55.866207,-56.29843,-56.320744,-56.67068,-57.286602,-58.07542,-57.07715,-56.705437,-56.98952,-57.05037,-56.11983,-56.827583,-56.649967,-55.4857,-55.01022,-56.135986,-55.60294,-55.61728,-57.045048,-55.677334,-56.485157,-56.550884,-56.450462,-56.06591,-55.600037,-56.25591,-56.772423,-56.788185,-56.049286,-55.847523,-55.646744,-54.638123,-54.509174,-54.97167,-55.49228,-55.65095,-57.040436,-57.847332,-57.97254,-58.32587,-57.924603,-58.05669,-57.974823,-57.42849,-56.896896,-56.95747,-57.353317,-58.228065,-58.459476,-59.15675,-59.627407,-60.777584,-61.31948,-61.558777,-62.139023,-62.708977,-63.63338,-64.66726,-65.91663,-67.00381,-67.77678,-68.89581,-69.581696,-69.70922,-69.681206,-69.91493,-69.819176,-69.625404,-68.99186,-68.266785,-67.385155,-68.5094,-69.47826,-69.73673,-70.55779,-71.20131,-71.82319,-72.59781,-72.38859,-72.231125,-74.67723,-78.542336,0
-232.37375,125.199234,27.755884,31.072779,10.160989,7.58287,-5.9127913,-0.80314785,-9.8188925,8.190933,-4.08538,0.7766854,-9.29096,-36.742954,-37.123924,-35.725334,-21.344793,-16.55406,-25.70821,-32.33738,-31.803638,-26.727003,-27.081797,-31.897982,-33.82146,-31.861279,-31.327778,-33.770885,-35.668797,-34.32352,-33.58256,-35.639236,-38.337738,-38.32451,-37.466183,-37.354855,-39.796852,-41.97087,-42.759827,-42.310184,-42.914154,-44.922375,-45.194492,-45.011223,-45.225414,-47.01725,-49.082348,-49.19838,-49.053932,-49.24278,-50.72433,-50.69903,-51.16613,-52.12962,-51.717724,-52.27457,-52.280575,-52.674908,-52.391216,-52.91033,-52.631325,-52.166107,-52.246902,-51.729153,-51.334194,-51.511665,-52.2559,-52.156143,-52.102272,-52.53421,-51.851757,-51.93852,-52.928043,-53.24042,-54.233437,-54.21428,-55.37058,-56.80842,-56.329643,-57.22898,-57.42751,-57.68338,-57.80935,-58.652786,-59.890614,-58.52258,-57.67836,-56.630413,-56.81982,-56.18291,-56.125946,-55.931087,-56.863575,-57.660706,-57.91869,-58.65644,-59.25589,-59.979824,-60.65096,-61.235527,-61.43061,-61.092674,-60.75665,-60.76525,-60.409756,-60.443836,-61.858845,-62.993385,-63.65743,-63.31459,-63.112804,-64.32775,-63.41981,-62.998013,-62.525215,-63.07045,-64.2518,-64.870804,-65.642365,-66.37301,-65.99513,-65.81605,-64.172356,-63.599483,-63.26563,-63.436806,-63.487583,-64.31163,-65.12768,-65.02855,-65.04087,-64.4898,-64.16677,-64.80361,-65.33878,-66.00809,-66.824646,-69.45784,-74.231316,-78.75148,-79.609764,0
-164.40129,94.57603,-26.016405,97.08794,-32.99393,25.463871,-11.450186,6.643097,5.699433,-8.00132,16.145966,-8.390721,2.8554022,-14.563917,-19.63536,-11.510671,-17.874979,-22.351028,-18.973766,-22.01612,-23.220417,-22.924942,-25.497038,-24.985655,-23.786524,-23.800215,-24.352495,-25.122957,-24.8007,-23.95886,-25.846916,-25.96061,-27.531902,-28.989714,-29.384478,-31.063662,-31.335035,-31.683165,-32.4587,-32.053566,-32.696358,-33.372375,-32.98286,-34.788124,-34.719086,-35.493904,-37.872032,-37.508137,-36.93168,-37.837864,-37.840645,-38.21117,-39.22371,-39.623966,-40.82636,-40.711895,-39.308247,-39.9901,-39.901966,-41.002544,-41.136665,-40.676754,-40.299847,-41.495388,-41.267582,-41.475243,-41.3106,-40.311184,-40.459183,-39.144558,-37.88842,-37.33024,-37.972286,-38.319923,-37.761684,-37.734818,-38.241623,-37.621143,-37.846066,-37.39855,-37.54314,-36.67263,-36.752037,-37.178413,-35.991474,-36.504562,-36.592762,-34.230976,-31.427156,-29.419003,-28.004738,-26.953672,-26.858353,-28.312807,-30.838799,-32.8707,-34.00767,-34.869827,-35.676605,-37.3358,-35.802734,-34.84636,-34.314766,-33.230762,-32.720833,-32.55223,-32.604733,-30.305122,-29.786703,-29.54135,-30.18136,-30.08251,-30.731766,-31.827887,-34.06828,-35.84141,-36.492023,-36.257854,-36.623096,-39.014957,-41.429253,-43.74846,-48.8358,-55.520897,-58.341324,-58.992,-60.253902,-61.11564,-63.755146,-65.97213,-66.61038,-67.59135,-68.87118,-69.37474,-70.15374,-70.295006,-70.37595,-70.22871,-70.62353,-70.48662,-70.23957,0
-111.32245,86.146996,17.858204,19.796951,11.743845,-0.4831665,-8.133747,-2.8548107,-4.053252,-6.7875295,-7.4100637,-8.798191,-3.9975197,-27.248075,-29.75519,-37.494644,-42.366913,-36.625267,-23.102617,-18.22232,-22.962402,-29.67252,-30.069994,-27.17781,-26.162952,-25.82676,-28.144829,-26.280075,-25.907944,-31.38449,-34.05842,-35.883774,-34.11088,-32.021263,-32.822586,-32.861725,-31.512533,-32.432808,-38.244213,-42.72873,-42.683804,-43.194542,-41.40375,-38.615944,-39.516197,-40.772472,-41.830765,-42.896317,-42.317677,-40.121334,-39.03321,-39.325024,-40.883278,-40.292793,-41.116417,-45.189453,-43.15632,-44.33392,-47.700752,-49.881584,-45.75056,-44.2082,-45.50583,-45.53569,-44.668518,-44.888535,-46.186882,-45.21864,-42.03369,-43.36528,-45.15655,-44.418457,-42.74793,-41.6345,-42.560326,-43.723972,-43.922638,-42.166584,-42.77773,-46.04891,-48.81647,-44.831684,-46.0442,-46.09486,-44.304966,-47.204597,-49.800957,-48.723633,-47.083454,-46.448734,-47.372704,-48.31228,-46.15604,-44.591526,-43.89193,-45.879833,-48.73417,-50.946133,-50.499386,-51.87958,-54.823326,-55.668785,-53.903492,-52.360992,-49.105118,-48.91656,-51.95484,-49.28738,-51.145287,-51.40177,-51.60513,-54.544636,-52.316174,-50.517246,-47.6905,-48.202126,-51.266396,-52.65497,-56.680336,-54.44885,-53.45253,-52.562847,-52.392696,-52.51982,-52.653603,-54.470325,-56.17687,-55.563423,-54.25969,-52.208504,-52.74385,-53.94579,-52.54482,-53.46034,-53.459126,-51.02205,-50.837864,-52.105213,-51.63666,-56.103508,-66.075165,0
-172.25476,102.2327,-30.467785,14.541012,-8.769945,-34.436695,-0.46065208,-16.822598,-11.387073,0.6739022,-15.45459,1.0873401,-12.868807,-50.65795,-55.16061,-53.914623,-51.265354,-36.678226,-30.070124,-31.494627,-35.633545,-39.47748,-37.418953,-32.754673,-34.508247,-38.068398,-35.996956,-30.854403,-28.305223,-30.357462,-32.307167,-33.9172,-32.276905,-30.79144,-30.182686,-32.044918,-34.764164,-37.24517,-36.38796,-34.055065,-33.40129,-33.628845,-33.501335,-35.157856,-38.5192,-38.65538,-39.18059,-40.399513,-40.518597,-38.192776,-36.347958,-37.49396,-41.01038,-42.43305,-43.360992,-42.602047,-41.61617,-41.787045,-44.18668,-45.975754,-43.059944,-41.987545,-44.277836,-44.66147,-45.042347,-45.34972,-44.13848,-44.858715,-43.2651,-41.76677,-43.75588,-46.41878,-45.458523,-43.453907,-43.69685,-44.079857,-44.12075,-45.527878,-44.312416,-43.268593,-44.7744,-45.154667,-43.274082,-44.533077,-45.174263,-45.64158,-44.341778,-44.395138,-46.171288,-44.63115,-43.747864,-43.239124,-41.796448,-41.072414,-41.927338,-41.998764,-43.114067,-45.563442,-46.69847,-48.20078,-49.400562,-49.46404,-50.554688,-49.42205,-49.397926,-49.066723,-49.517044,-50.494255,-52.130455,-54.845848,-57.592014,-60.393627,-61.639557,-61.872803,-62.170444,-63.847637,-66.020065,-67.14875,-67.79329,-66.12584,-65.43182,-65.4416,-65.73507,-65.512215,-65.04537,-64.16099,-62.46584,-60.771793,-59.43659,-59.09681,-58.91291,-59.235126,-58.953175,-58.60644,-59.388954,-60.43711,-61.63299,-62.03782,-63.130722,-66.10033,-73.6487,0
-232.24257,98.88288,21.088047,15.043095,-14.181341,-1.3974094,-17.623585,-5.992269,-14.848371,9.641659,0.78191864,11.242487,-5.3563457,-42.88242,-51.48081,-49.63559,-47.593727,-42.6492,-34.330547,-29.072227,-36.3676,-45.7421,-47.636543,-46.864414,-43.419502,-36.288803,-31.594158,-33.834103,-41.76307,-45.84829,-46.56876,-44.58106,-39.52486,-35.7668,-36.342403,-38.53886,-39.315125,-38.691353,-37.906605,-36.823147,-38.16076,-42.71515,-47.33132,-49.615273,-49.888893,-48.835957,-48.365345,-49.161167,-51.91325,-53.307217,-57.13634,-59.3014,-56.15292,-54.047924,-53.593685,-54.48191,-54.01452,-54.7563,-54.81903,-51.353382,-50.81984,-51.361134,-53.3807,-55.081562,-53.4685,-53.17846,-52.468014,-53.30592,-57.337482,-58.959717,-60.230255,-60.276184,-60.36769,-59.992073,-58.817978,-58.716972,-59.583706,-58.771214,-57.8094,-58.76101,-59.973663,-61.044003,-58.918156,-62.207478,-61.564133,-61.173965,-61.512444,-59.826694,-59.780865,-61.189682,-60.843678,-60.06003,-61.341022,-61.249912,-62.47778,-62.44732,-59.89318,-59.927166,-59.751637,-59.614822,-60.559753,-61.73152,-63.37012,-63.315456,-63.41026,-61.31408,-59.233593,-59.18577,-60.88549,-62.536476,-62.329624,-61.83144,-62.20307,-64.51944,-67.30085,-67.55343,-66.57026,-64.934235,-61.570766,-61.41456,-61.248886,-60.782852,-61.221783,-62.65863,-63.849182,-63.409237,-61.87417,-60.945736,-62.33328,-63.62797,-65.39533,-65.924095,-68.828445,-68.915,-68.73375,-68.55462,-70.26674,-72.76392,-72.5652,-75.081116,-79.10902,0
-164.33542,108.63524,-23.843626,48.78664,2.3385952,-10.47538,8.704815,-8.427515,-2.940887,-3.4077652,-8.288831,3.183094,-8.48029,-28.111498,-36.106194,-40.30648,-39.676285,-30.457867,-18.45768,-17.61189,-29.004593,-36.605633,-35.376305,-29.68813,-24.929573,-24.539465,-28.316282,-32.986217,-35.469936,-33.37511,-30.01983,-29.321953,-32.277214,-36.170216,-38.556168,-39.658947,-40.262455,-37.811314,-37.19552,-37.951042,-37.374424,-37.88049,-37.499813,-38.531208,-39.254486,-40.751747,-43.014286,-43.608448,-42.974678,-41.78398,-42.88701,-43.558994,-43.505222,-44.33716,-44.94198,-43.12943,-41.240425,-41.183006,-41.847992,-42.827408,-44.652912,-43.848392,-42.435745,-43.929882,-44.399784,-45.741558,-46.215973,-46.283596,-45.69252,-45.557507,-44.63614,-44.78327,-43.59857,-43.965935,-43.29804,-42.9004,-43.121025,-43.257504,-41.620304,-42.423386,-43.489765,-42.93859,-42.146877,-43.419373,-43.761993,-42.311058,-43.133053,-42.848156,-41.28821,-40.71528,-40.04977,-39.094776,-40.320538,-41.7467,-42.387985,-43.84224,-43.41022,-43.570152,-44.377094,-45.008945,-46.04435,-46.62004,-47.311813,-47.71767,-46.969532,-45.057316,-43.768566,-44.64642,-46.84288,-48.85131,-50.83233,-54.400345,-57.692196,-60.853077,-61.528725,-61.539734,-62.055714,-63.03606,-64.28093,-63.445766,-62.196922,-62.803726,-63.92204,-63.537678,-63.19216,-63.163044,-63.77501,-64.548164,-64.16617,-64.03026,-64.15291,-64.14386,-64.57839,-64.19828,-64.75736,-66.08564,-66.67933,-66.214386,-65.515686,-66.10445,-66.72361,0
-179.91713,100.33216,-3.3386793,27.74877,-16.326872,-1.9963208,-12.154173,-4.241282,-1.9405665,-11.008492,-8.814405,0.022861965,-12.731042,-53.671925,-52.16792,-51.74989,-50.326794,-47.153984,-35.862,-21.771051,-19.570026,-26.738558,-35.127068,-40.71503,-41.70481,-41.10581,-39.27102,-35.915554,-35.48785,-38.546055,-42.131332,-41.082462,-41.35699,-42.468494,-41.014793,-38.406975,-38.182266,-38.20372,-40.649555,-43.04452,-44.45593,-45.689857,-43.953392,-41.37731,-39.80459,-42.046974,-47.134144,-49.34935,-49.641384,-49.815945,-47.797867,-46.27642,-45.645924,-48.14222,-50.629322,-51.453953,-50.568623,-49.53581,-49.272087,-49.37555,-49.52281,-50.4615,-51.517017,-52.77457,-54.361713,-53.915363,-53.44435,-52.979816,-54.05155,-54.78961,-54.26524,-52.47514,-52.368046,-54.90661,-56.517376,-54.101234,-50.603405,-51.32785,-53.74266,-53.268436,-51.45477,-51.469856,-52.536736,-50.903854,-50.492092,-51.435783,-53.55203,-53.91393,-53.931995,-55.007442,-55.58702,-55.332832,-57.524002,-58.130047,-57.142696,-57.343895,-56.518833,-56.48306,-56.091972,-55.62095,-55.560665,-54.98787,-55.318474,-55.146893,-55.683037,-55.86525,-55.1386,-55.64331,-56.55382,-57.358017,-57.15889,-57.31023,-57.860497,-57.76691,-57.24201,-57.230442,-57.901936,-59.44128,-61.793644,-63.26099,-64.58819,-65.334404,-66.31116,-67.46877,-67.49733,-67.464806,-67.44818,-67.50219,-67.98998,-67.38895,-66.62033,-66.13292,-66.03908,-66.90209,-67.468254,-68.55699,-68.907715,-70.48404,-73.12694,-76.63509,-79.579575,0
-165.66338,45.88942,19.568369,8.8461895,-33.053,-20.26789,-38.201324,-19.080166,-6.08032,-20.454693,-12.836801,-8.270713,-4.695866,-65.86222,-64.47275,-61.894314,-55.25015,-47.76531,-44.680634,-36.97889,-30.681412,-29.092632,-28.402767,-31.007488,-35.04657,-36.875847,-34.57669,-30.673218,-30.67669,-31.14603,-30.779903,-30.058895,-28.49514,-28.200474,-28.987091,-29.831541,-31.043196,-33.60102,-35.16917,-35.24564,-34.229496,-34.534767,-35.366024,-35.80449,-36.481865,-39.69344,-41.281136,-42.85871,-45.647564,-46.352882,-45.488655,-45.410862,-45.346462,-44.743313,-45.710617,-46.535053,-46.406242,-47.73551,-49.22208,-48.75084,-48.141777,-50.20399,-51.47432,-51.46185,-52.376976,-52.307716,-50.911285,-51.229233,-52.084965,-53.0148,-51.333847,-49.500786,-48.08981,-46.28804,-46.6072,-47.618244,-48.439312,-47.898857,-46.225468,-44.067574,-45.243633,-47.070263,-47.505924,-45.896694,-46.809708,-48.59625,-50.16713,-51.247227,-50.01618,-50.456966,-51.809517,-51.610096,-50.795223,-50.865517,-51.558018,-50.575657,-50.551605,-51.183887,-50.52033,-48.051514,-47.288998,-46.189144,-45.896637,-46.507736,-46.855995,-46.90793,-46.313507,-45.69387,-44.59169,-43.96653,-43.920662,-44.687122,-45.093468,-45.12907,-44.21607,-44.383476,-44.683163,-44.173115,-44.072514,-44.288162,-45.93401,-46.91357,-47.833427,-49.788692,-52.32909,-51.6153,-50.846928,-50.963688,-51.866734,-52.361744,-54.141964,-55.245552,-55.468365,-52.69382,-50.84849,-49.826977,-50.227154,-51.27537,-50.36983,-51.902317,-61.61119,0
-265.6544,67.434235,-13.054544,9.919922,-32.116608,-18.948313,-28.415724,-32.290165,-1.877158,-8.151754,-6.656931,-16.94143,2.5141103,-70.89436,-68.165855,-63.413765,-58.798298,-51.95582,-47.902718,-44.409916,-41.167496,-42.21105,-42.05014,-39.244514,-39.86215,-40.32634,-38.596184,-36.023666,-35.131695,-34.77416,-34.20222,-38.481003,-39.27177,-40.70102,-39.42245,-35.59901,-32.931587,-33.522217,-34.61828,-36.802742,-38.35322,-39.488136,-38.489162,-40.562416,-42.356853,-43.46213,-44.69173,-45.83234,-46.643105,-47.397644,-47.866898,-49.102352,-51.75366,-52.584778,-50.6667,-48.898407,-49.95169,-52.13787,-53.54351,-53.00659,-50.43165,-48.404057,-48.597736,-49.8932,-50.63872,-50.56083,-50.70755,-50.8836,-50.834316,-48.274307,-46.8687,-48.57931,-49.32005,-48.09423,-47.88058,-48.365696,-50.26715,-49.534676,-49.53852,-48.356853,-47.403725,-48.85923,-51.919163,-52.287334,-54.003803,-57.235546,-59.59592,-57.99952,-56.163673,-55.893063,-55.703846,-54.237995,-53.16649,-52.323154,-51.300285,-50.844967,-50.45952,-50.050983,-50.139145,-50.585884,-49.84566,-48.77768,-49.584305,-50.52671,-51.059105,-52.131,-51.791676,-52.191467,-52.1307,-52.418423,-52.580463,-53.508663,-54.725643,-54.984745,-55.08558,-55.550045,-55.13535,-54.252922,-55.138676,-55.569164,-55.860355,-57.536415,-59.104393,-59.3023,-60.80393,-62.074787,-63.958656,-66.32868,-67.587296,-69.86441,-70.52416,-70.05003,-68.48415,-66.14748,-63.12887,-60.18385,-58.445927,-57.825253,-58.084045,-60.546917,-68.09167,0
-127.453926,56.181263,7.734892,5.9725165,-8.879355,4.987869,-6.6164527,-23.474957,-15.345452,-7.751915,-15.383488,-3.5690246,-8.023136,-47.981964,-50.44819,-50.238132,-50.79452,-44.211163,-35.464443,-31.444035,-32.169926,-33.168003,-34.96093,-32.359406,-30.556145,-32.2802,-34.81168,-34.029343,-31.668102,-30.493849,-30.935223,-32.745884,-35.289825,-36.57823,-37.75644,-38.711124,-37.91523,-39.02807,-44.13327,-45.350586,-45.277557,-42.778633,-41.441784,-41.39435,-41.382435,-41.310932,-42.040283,-44.66359,-44.304234,-45.77656,-50.104893,-48.68327,-44.766727,-41.935402,-38.955643,-40.39374,-41.52458,-42.665665,-44.2987,-42.205544,-40.415817,-41.088074,-43.327255,-43.90891,-44.075233,-42.857838,-41.460728,-41.20323,-44.683453,-45.841373,-45.822872,-45.930832,-45.128223,-44.86594,-46.570976,-46.882988,-46.334072,-46.629047,-47.438953,-48.381397,-48.421772,-49.856586,-49.822903,-51.22125,-52.09131,-52.89643,-52.505333,-52.25441,-51.616493,-50.274242,-49.404816,-50.638523,-52.134705,-50.75676,-48.871754,-45.598007,-45.240685,-47.15028,-46.98035,-48.85809,-49.578476,-48.710583,-46.714947,-46.680344,-47.452576,-46.303867,-44.008736,-44.01697,-45.9143,-46.804646,-48.481544,-49.499214,-50.24121,-51.630848,-51.347622,-51.230587,-52.29709,-50.956554,-49.89093,-51.3955,-52.55072,-51.820568,-53.644882,-52.93176,-51.55393,-51.692574,-50.8529,-50.69594,-52.16648,-52.707268,-51.918022,-51.854607,-52.47336,-52.012142,-51.248604,-51.141453,-50.588367,-50.29134,-51.744778,-55.81386,-67.240746,0
-281.8174,144.86494,7.9809585,46.597084,22.455769,17.734476,-7.1723604,23.552246,-17.4376,4.7635856,11.955248,6.0568976,-11.225484,-14.0378275,-17.127897,-20.845526,-16.453236,-18.392502,-26.561089,-28.55647,-22.95802,-23.038881,-31.0905,-32.17842,-27.819315,-25.588917,-31.587273,-33.5481,-29.887947,-27.690945,-33.08737,-37.9022,-37.083454,-35.975433,-37.93646,-39.987217,-40.057877,-39.191334,-39.691914,-42.20693,-43.24742,-43.44414,-42.935787,-45.64388,-47.172535,-46.241917,-46.163902,-47.17241,-47.350227,-47.794746,-46.510494,-46.78019,-49.59654,-50.24772,-47.95124,-48.088284,-48.61445,-47.363583,-45.930794,-45.912907,-47.167103,-47.65306,-46.70247,-47.609303,-47.397663,-47.339397,-47.193344,-46.32821,-46.698524,-48.443703,-48.323624,-48.507294,-49.101677,-49.487907,-52.19186,-53.288303,-53.848423,-53.28735,-52.825493,-51.438934,-50.842003,-50.77343,-50.47396,-50.584774,-49.23531,-49.644962,-48.560352,-48.036438,-44.835434,-42.987125,-42.598186,-43.993595,-47.19051,-51.200058,-55.627884,-58.481358,-59.866146,-59.51587,-61.221073,-62.94532,-64.57854,-65.187386,-65.72363,-64.82393,-63.742737,-63.234516,-61.745876,-60.616184,-61.11413,-61.895176,-62.217274,-61.57637,-61.77003,-62.71056,-63.50128,-63.788517,-62.797447,-61.896534,-63.33469,-63.6543,-61.803448,-61.47047,-62.505142,-62.934723,-63.375355,-63.849438,-63.230164,-63.106506,-63.22066,-64.694595,-66.06621,-68.344894,-70.46165,-72.97855,-74.52662,-75.99768,-77.581795,-78.80996,-79.66524,-79.724236,-79.723335,0
-225.48006,60.21703,10.1533575,19.929012,-30.70964,-28.468979,-14.343443,-21.738373,-13.665329,-10.676451,-12.925257,-8.31667,-5.064821,-71.78831,-60.501507,-59.26333,-60.09683,-55.59438,-51.714123,-49.44222,-46.698006,-43.27071,-37.42446,-35.654137,-35.588856,-37.052982,-39.278534,-41.518143,-43.18821,-42.66319,-41.121185,-38.627113,-39.067528,-35.343464,-36.926792,-38.55099,-38.55083,-40.854713,-41.38023,-43.867043,-46.239956,-45.230667,-45.914608,-48.345753,-47.748447,-48.534706,-49.55909,-51.047127,-50.483723,-52.199417,-50.03019,-50.525864,-49.659832,-52.133327,-54.53758,-55.77353,-56.2846,-56.71493,-57.74484,-57.50471,-56.082672,-54.461086,-54.859406,-57.027927,-59.088,-59.914246,-61.214806,-61.38213,-61.134796,-60.641922,-59.551743,-58.359913,-56.12388,-55.02316,-56.212593,-58.906433,-59.70833,-58.3672,-56.890614,-56.69671,-57.620094,-56.883263,-57.62327,-58.90938,-57.517498,-57.56131,-59.41946,-58.497654,-55.985638,-53.260677,-53.602516,-54.981457,-55.450096,-54.096916,-52.316692,-51.715275,-51.443657,-50.97277,-50.225616,-52.238945,-54.022556,-54.693367,-54.392357,-54.569355,-55.069935,-55.491405,-55.751385,-53.311718,-52.217567,-54.27175,-55.813362,-58.19239,-58.270306,-57.8625,-59.78375,-58.949192,-60.03003,-61.3737,-61.456856,-62.415855,-60.68828,-59.825184,-59.890846,-61.990692,-64.342155,-65.60368,-65.80148,-64.571945,-63.064396,-63.70538,-62.509846,-62.190617,-61.924995,-61.263046,-61.302,-61.362473,-62.125294,-63.020702,-63.38536,-64.308815,-71.00301,0
-204.59079,75.91656,-2.441989,5.1992083,-24.21302,-12.139766,-27.350594,-38.590908,-10.983681,-12.639826,-18.103075,-12.995497,-0.45041797,-71.179565,-67.67792,-63.898514,-58.050594,-52.491966,-47.09544,-39.000275,-32.535244,-30.466154,-31.006039,-32.313797,-34.60879,-34.920982,-34.918396,-34.14761,-33.349083,-33.743458,-33.195164,-33.24876,-33.69982,-33.33699,-33.62939,-33.898853,-34.266834,-35.07198,-36.853954,-37.87594,-38.0164,-41.552555,-42.453014,-41.560017,-41.90969,-44.414955,-47.21635,-48.314022,-48.011673,-48.351383,-48.192425,-46.4878,-45.70222,-46.393032,-49.257023,-50.35817,-48.925312,-48.393448,-49.376118,-48.195972,-48.001766,-46.898254,-46.731415,-45.98446,-45.46053,-46.460632,-47.52101,-49.455727,-51.527912,-51.65105,-51.349434,-48.43915,-45.843006,-46.518497,-46.88119,-46.863354,-46.693676,-46.740788,-48.295254,-48.579914,-49.256454,-50.155647,-51.209393,-54.128822,-56.663204,-58.73102,-57.965317,-58.038586,-59.707634,-61.62391,-59.571743,-56.5048,-54.180096,-53.77531,-51.898445,-51.60863,-52.39323,-50.61285,-49.996124,-50.31041,-50.229645,-50.298115,-51.45652,-51.01051,-50.880592,-51.664196,-51.16948,-51.596375,-51.83304,-51.981045,-52.691612,-54.246284,-55.476612,-56.500614,-56.551727,-56.671074,-56.913532,-57.07489,-56.66256,-55.020676,-55.04408,-55.61901,-57.216805,-58.82835,-60.842777,-61.47184,-62.833736,-65.408714,-66.451614,-64.58359,-63.05992,-62.08121,-61.62846,-60.286526,-60.278503,-61.075798,-60.775517,-59.472546,-58.620583,-59.403904,-66.745605,0
-239.63097,68.72219,-24.341875,1.1209813,-50.91324,-27.60216,-15.287887,-19.853868,-13.83373,-17.551287,-2.474856,-20.569094,12.01952,-76.79121,-74.88521,-71.33417,-63.11418,-65.109825,-65.26762,-63.07981,-56.462364,-50.694878,-40.193005,-36.543354,-43.117645,-49.65823,-50.355495,-48.44485,-49.072346,-49.633583,-48.120686,-44.71775,-37.354588,-29.363056,-28.346699,-33.787148,-40.701645,-45.72051,-48.19027,-49.89589,-50.28305,-49.4476,-45.318367,-40.43778,-36.355286,-37.076385,-40.896065,-48.151608,-52.640743,-53.018692,-52.935005,-53.1506,-50.770714,-47.477314,-44.068554,-42.862244,-43.309963,-45.919807,-51.633503,-55.2126,-55.29241,-55.644398,-55.214653,-55.582367,-56.647877,-57.137463,-57.070652,-58.948208,-60.35506,-60.689774,-59.646427,-56.571217,-54.09946,-53.533016,-57.193455,-60.97448,-58.25894,-55.76285,-54.626778,-55.155724,-58.747776,-61.50193,-61.051052,-58.201817,-58.706703,-58.793266,-61.864597,-61.636974,-58.025425,-56.87787,-56.12678,-54.85353,-52.57897,-52.27277,-53.111847,-53.060375,-50.79806,-50.989296,-51.62243,-52.91073,-53.628647,-54.674553,-55.645622,-59.568707,-62.58792,-62.4094,-62.501175,-60.446922,-57.824203,-57.66041,-59.122517,-57.986645,-58.079575,-58.111866,-56.70465,-59.207012,-59.449608,-60.32334,-62.258957,-61.510925,-61.67616,-62.482525,-62.712585,-64.33187,-68.71382,-71.24857,-73.37182,-74.275185,-74.117676,-74.22287,-74.68467,-75.42397,-75.81568,-74.19847,-71.96137,-68.4755,-66.17216,-64.99588,-64.89923,-65.93076,-73.10902,0
-175.80933,98.106804,-6.7247844,28.770947,-9.54044,-5.444571,-14.122247,-14.619688,-8.872758,-10.286533,-9.969261,-2.8669608,-9.228268,-52.97653,-50.490044,-47.82213,-42.383408,-36.410786,-34.235382,-33.25156,-33.999905,-35.347084,-35.30058,-36.27296,-34.774345,-33.099125,-30.242613,-29.78932,-31.456728,-32.909916,-34.811176,-35.642,-35.000797,-35.574787,-38.051765,-39.54774,-40.303745,-38.697506,-38.758038,-38.992405,-39.66434,-41.59446,-43.895878,-46.28677,-46.712177,-46.80316,-46.303226,-45.7861,-45.63109,-44.895966,-45.644413,-47.215977,-48.48663,-49.086697,-49.654953,-49.33497,-47.34687,-46.518257,-44.735306,-46.397263,-49.790176,-50.234848,-49.878956,-49.788933,-50.280434,-50.46594,-50.11237,-49.783794,-49.223972,-48.932716,-48.92776,-48.795116,-48.08624,-47.906185,-48.768967,-48.352974,-49.030655,-49.249863,-49.725792,-49.372818,-50.134506,-51.021244,-50.638107,-51.118927,-51.86943,-50.70697,-50.28227,-50.782673,-50.19411,-51.053364,-52.46225,-52.797806,-51.92433,-52.047577,-50.67232,-50.202393,-50.970116,-52.10145,-53.04589,-54.34576,-54.05834,-54.936714,-54.650337,-55.36241,-54.384098,-53.270737,-52.72643,-52.455433,-53.24617,-54.87751,-55.255917,-54.308956,-54.25478,-55.240303,-55.680065,-56.47028,-58.055332,-60.86012,-62.919132,-64.86553,-65.138794,-64.68559,-64.475716,-64.91519,-63.753777,-62.50606,-63.137363,-63.337597,-63.54163,-63.829937,-63.923336,-64.67083,-65.47952,-66.06025,-66.47345,-66.6405,-67.35457,-66.90739,-66.92457,-69.15895,-76.07905,0
-162.249,157.4746,-11.576144,19.815771,-1.090807,-11.785804,8.621232,-24.914986,1.827005,3.6149173,-2.0985985,-3.8236113,-4.3889017,-37.34792,-30.072891,-40.24716,-41.09871,-35.262928,-33.285275,-21.208178,-16.70406,-24.097841,-34.51454,-39.217236,-39.668617,-37.821648,-32.603764,-25.36601,-22.688751,-23.59008,-31.681551,-36.29927,-35.556496,-33.607975,-33.483425,-33.17991,-31.799356,-30.972528,-35.104534,-39.701164,-37.946568,-36.274586,-36.06399,-37.46252,-35.6783,-35.63646,-38.666855,-41.919716,-42.75151,-45.830902,-45.867218,-44.17167,-41.83272,-41.951763,-39.773735,-42.134144,-48.338715,-49.885525,-48.540733,-46.343475,-44.490437,-41.458797,-43.44494,-45.08704,-46.827232,-45.236084,-42.97447,-42.573097,-44.71642,-46.7814,-46.844585,-46.71211,-45.866173,-47.24257,-49.259758,-49.31034,-50.847164,-50.304832,-51.484352,-51.9519,-53.303616,-54.31072,-56.963394,-57.94261,-54.75712,-54.21287,-53.774555,-53.93553,-54.483265,-54.23104,-53.612457,-53.976826,-55.839104,-55.510582,-55.05034,-54.74692,-52.46645,-52.195667,-53.98528,-56.155964,-58.18246,-57.46122,-53.91953,-53.421658,-54.222538,-55.9613,-59.486393,-60.532482,-60.562374,-63.18665,-64.639366,-66.02401,-68.480896,-70.619675,-70.4039,-70.393105,-70.584404,-70.702576,-71.71451,-72.83355,-73.415215,-74.076935,-74.39113,-75.08701,-75.70222,-76.09455,-76.380714,-76.86787,-76.07605,-75.37319,-74.97059,-73.0689,-68.33992,-66.533905,-68.141945,-70.24016,-70.64539,-71.41516,-69.761185,-67.0617,-75.869354,0
-235.51067,49.393036,10.796313,2.855697,-28.537169,-19.401686,-26.293411,-25.37152,-2.4699113,-12.876869,-21.02557,-6.397969,-3.5747788,-69.66519,-66.53772,-62.9981,-59.13996,-52.6191,-52.090797,-43.985382,-38.614674,-36.619747,-34.04758,-34.771336,-38.006386,-38.904373,-38.356995,-35.596947,-37.308365,-38.037724,-37.02816,-35.564182,-36.669975,-37.91742,-37.17117,-37.82537,-38.7122,-39.365788,-39.315132,-39.811413,-38.041885,-36.90921,-38.40763,-41.16653,-42.762318,-44.509216,-44.911667,-45.404243,-46.051098,-46.725815,-48.2803,-50.27224,-51.60112,-51.46055,-49.934277,-49.991116,-48.96417,-48.696793,-49.31218,-49.365433,-50.954994,-51.501072,-53.582554,-54.39933,-55.169785,-54.65882,-53.627987,-53.67557,-54.74908,-55.698586,-54.05779,-51.654156,-50.45588,-50.039757,-50.553593,-50.589016,-49.963734,-48.952682,-48.297005,-48.6619,-49.18426,-49.712856,-50.819088,-52.663284,-53.621986,-55.188393,-56.503975,-57.856102,-57.641277,-57.861446,-58.161896,-58.422512,-58.109398,-57.01212,-55.668064,-53.95561,-52.774353,-52.26121,-50.446484,-48.20254,-47.42069,-48.76056,-48.393272,-47.935696,-50.087418,-51.123043,-52.14432,-50.522423,-48.620705,-49.580193,-52.507328,-52.75577,-51.3826,-52.024128,-53.789753,-53.101032,-52.88673,-54.191624,-54.725876,-54.27831,-54.315285,-52.977867,-52.709843,-55.005898,-56.467056,-56.974827,-58.010643,-59.80369,-59.110428,-59.020954,-58.28362,-57.87029,-55.93701,-54.617767,-54.303207,-53.026806,-52.76375,-52.437202,-55.05817,-59.24095,-67.86871,0
-212.19917,59.95615,9.245367,12.61689,-30.765385,-28.754988,-38.90444,-5.5258775,-6.914035,-31.879318,-8.099288,-4.668038,-0.67412174,-71.63193,-68.73832,-64.42283,-58.34413,-54.612392,-47.318123,-41.945526,-38.08939,-37.017757,-36.905415,-38.628963,-40.005177,-38.213215,-38.86489,-37.77892,-38.168766,-37.711376,-36.236767,-34.92769,-33.87863,-31.32556,-32.825825,-34.139477,-35.45544,-37.742634,-38.661682,-39.343666,-39.477013,-41.019497,-42.52806,-42.929283,-43.150932,-45.396214,-46.002087,-48.39827,-48.40056,-49.038395,-49.76354,-49.744484,-49.747307,-48.046345,-47.59212,-47.695118,-48.70289,-50.84098,-52.40561,-53.657032,-55.406868,-56.10826,-59.090294,-59.846485,-58.63795,-58.86046,-58.715252,-59.797287,-60.563076,-61.212627,-61.05529,-58.939285,-57.889767,-55.374756,-53.156124,-50.801304,-50.250786,-49.68604,-49.393536,-49.989807,-49.74883,-48.160744,-46.42999,-46.24964,-48.280933,-49.622536,-51.32595,-52.718655,-53.135914,-54.278095,-54.126846,-54.286667,-54.737118,-55.34172,-53.665997,-53.88013,-56.063614,-56.490005,-56.420063,-57.224865,-57.831375,-58.75495,-59.075706,-59.60451,-57.776012,-54.71401,-53.421066,-52.398666,-52.96618,-52.467686,-51.874123,-50.8004,-49.122234,-49.827496,-50.69374,-52.08855,-52.598408,-53.909595,-54.395943,-53.098145,-53.625515,-55.283573,-56.344,-56.60212,-57.66621,-58.59234,-60.730145,-63.28653,-63.986855,-66.35489,-62.93851,-61.312366,-61.11987,-60.485565,-59.97,-60.76122,-60.082256,-59.650734,-59.004578,-61.505913,-69.3683,0
-124.43594,71.185524,-18.09981,47.60377,-33.930984,15.21083,-20.296066,0.75993204,-19.39033,12.330811,-18.657951,4.7587576,-6.712385,-44.23811,-43.686172,-43.906967,-34.351242,-25.425814,-25.396145,-33.381996,-38.608986,-37.217457,-33.626904,-31.302229,-32.334953,-33.44569,-34.162056,-33.075974,-31.909115,-30.390078,-28.766397,-28.084087,-29.547386,-33.60844,-36.125103,-34.69029,-34.662037,-36.8292,-37.33591,-37.646225,-38.40321,-38.31612,-38.576363,-39.53117,-40.1003,-40.80391,-39.08666,-38.259094,-38.603146,-40.28967,-41.583782,-41.95046,-42.233105,-43.33176,-43.708282,-42.575134,-42.223686,-41.977345,-42.48635,-42.324753,-42.604755,-42.22362,-43.270695,-43.22239,-44.263073,-45.108463,-44.350765,-42.55392,-43.210358,-43.50263,-41.98533,-41.499176,-42.336823,-42.33146,-42.39742,-43.023518,-44.288788,-42.77908,-42.211823,-43.21907,-43.23969,-44.451836,-45.94634,-46.886436,-46.35615,-45.645092,-45.192398,-45.022522,-44.985363,-44.519054,-43.650433,-42.488865,-41.023254,-39.544525,-38.16046,-38.36124,-39.556366,-39.917545,-39.333553,-39.221355,-40.64569,-40.440998,-40.27666,-40.320587,-39.833576,-40.820972,-40.258945,-39.458668,-40.948868,-42.412853,-43.353058,-42.906322,-43.64872,-45.2151,-46.263367,-46.771866,-46.529247,-46.05142,-46.549065,-47.289875,-47.993484,-47.788254,-48.24511,-47.642742,-48.085915,-49.830395,-50.609463,-52.236973,-52.746254,-52.304863,-53.14512,-54.938362,-55.94501,-57.925858,-61.30244,-66.806404,-72.27506,-75.82547,-78.61089,-79.71249,-79.859985,0
-230.84264,25.677643,40.867474,0.7079706,-25.10207,-22.486681,-33.91141,-9.318461,-7.286249,-21.591213,-11.974229,-9.947383,-1.1940039,-70.01029,-66.74579,-63.41528,-55.516685,-44.877056,-40.11525,-39.52389,-39.05041,-38.331,-36.14278,-35.08473,-36.429073,-37.50311,-39.349613,-38.850613,-37.186893,-34.482655,-33.3723,-31.438005,-34.762775,-34.01515,-35.582066,-36.95337,-36.829372,-37.430744,-37.481884,-37.840836,-40.559437,-41.768414,-42.23365,-44.128967,-44.225674,-44.730843,-45.055016,-47.067444,-46.445683,-47.523563,-45.704964,-46.294155,-47.65823,-49.85405,-50.75749,-51.43763,-52.180782,-52.204903,-53.028885,-53.007416,-54.368195,-55.74599,-57.05905,-58.259235,-58.113537,-58.99244,-58.717445,-57.020046,-56.3226,-56.51545,-56.750576,-55.826347,-55.87705,-53.772415,-53.872864,-53.364677,-52.064842,-51.91454,-51.132698,-50.92924,-50.081474,-50.40721,-51.261097,-50.68737,-50.459267,-51.40625,-54.154488,-54.53316,-53.569603,-54.03209,-55.265217,-54.786095,-53.982113,-54.230053,-58.081142,-56.060474,-52.82918,-52.13825,-51.08757,-50.947735,-52.703644,-54.55608,-53.68034,-53.719753,-53.03646,-51.821777,-50.880966,-49.914394,-47.508675,-47.465378,-46.80142,-47.992058,-47.087723,-45.88965,-46.146812,-46.49155,-46.906673,-45.846416,-46.106438,-45.668694,-44.98718,-43.7963,-44.27829,-44.53304,-46.4888,-48.864716,-49.220398,-51.045708,-52.144333,-53.34129,-51.930748,-50.24274,-49.994987,-48.45821,-47.54888,-48.087143,-46.84961,-45.73224,-45.088535,-47.700768,-58.149822,0
-165.20013,92.305244,-14.183523,28.951292,-15.949095,0.865242,-8.931522,0.48676088,-3.8306634,-3.9135702,-11.047197,1.059965,-14.576081,-48.241295,-46.20646,-45.953217,-44.411068,-43.20476,-36.11246,-22.83691,-9.605675,-14.473834,-27.582127,-39.976345,-44.87754,-45.02836,-40.79597,-36.701096,-31.245867,-26.586626,-30.331425,-38.776615,-43.475243,-42.405876,-39.737938,-39.28226,-37.826664,-32.538334,-30.456184,-33.52066,-38.35889,-41.21474,-42.505386,-42.8674,-43.249866,-41.312737,-37.243214,-35.20222,-37.598816,-41.410122,-44.71324,-46.041904,-45.75247,-44.33767,-41.116203,-37.763313,-39.024265,-43.22825,-46.947525,-49.055626,-49.127773,-45.61621,-42.283016,-42.193535,-45.461266,-48.95217,-49.775497,-48.85775,-46.398552,-43.766285,-45.112938,-46.935265,-48.039284,-48.66985,-46.22903,-45.078625,-45.538036,-46.787376,-46.983845,-45.123444,-44.939434,-46.41531,-47.317802,-46.36823,-44.46481,-46.093735,-47.57236,-46.935936,-46.912308,-47.176235,-48.136497,-47.68257,-48.123783,-49.551643,-48.54664,-47.96337,-48.89159,-48.530342,-48.029697,-48.841267,-48.02056,-49.04118,-50.125732,-50.27203,-51.294533,-50.505413,-50.502712,-49.199326,-49.625328,-49.098537,-48.61273,-49.287266,-50.49203,-51.80914,-53.098522,-53.773155,-54.559616,-55.877186,-56.77474,-58.401962,-59.54468,-60.736443,-60.28138,-60.096657,-60.085213,-59.54784,-58.790394,-59.407238,-60.180473,-60.530632,-60.210373,-60.581318,-59.949894,-61.67679,-62.217945,-62.624844,-63.20267,-65.423706,-70.25356,-75.65475,-79.737076,0
-120.24456,125.62949,-33.59288,26.999641,-47.961037,-12.323947,-25.318373,-23.972982,-22.410349,-5.1757393,-33.143562,-4.655003,-19.88229,-66.76355,-61.205025,-54.37531,-47.87031,-46.46372,-35.866825,-32.32656,-26.489784,-23.407019,-21.9793,-20.845467,-20.89719,-23.13797,-25.483213,-26.205511,-24.994612,-23.996563,-23.610363,-24.743305,-25.187948,-27.1682,-27.040358,-26.763096,-26.90994,-25.897242,-26.601828,-29.202688,-30.881418,-30.578491,-31.405684,-31.498154,-32.60882,-31.201202,-30.492964,-31.786964,-34.82801,-37.02987,-37.985012,-38.803753,-38.90541,-36.794193,-34.443764,-35.0135,-36.396694,-38.200443,-39.658684,-40.85411,-41.8449,-40.46934,-40.151337,-41.868027,-43.872593,-43.97551,-42.8596,-41.24619,-40.442383,-42.320522,-42.31133,-41.31327,-41.449253,-42.54144,-41.476864,-43.389565,-44.703335,-45.91003,-46.42682,-45.160156,-43.409225,-43.364513,-42.54382,-42.93897,-44.933945,-47.024136,-50.32355,-51.90224,-50.425503,-47.86548,-47.194927,-46.883755,-47.150944,-45.93674,-43.815403,-43.61615,-42.976337,-42.297314,-42.93782,-40.840714,-40.668842,-42.89293,-44.49117,-46.38458,-47.06513,-45.95161,-43.65349,-43.507393,-45.8004,-48.495758,-48.83192,-49.527126,-50.16339,-52.833252,-55.02515,-58.39401,-58.925434,-58.640583,-60.048294,-61.339943,-59.34877,-59.638546,-62.69582,-61.420174,-60.898033,-64.21534,-62.97046,-59.336468,-57.948975,-58.6159,-58.84074,-62.336094,-66.5644,-70.49384,-72.096634,-74.87165,-77.02572,-78.95204,-79.503,-79.506966,-79.50851,0
-183.96588,97.234535,-2.8789508,-12.728846,-56.676933,-0.46009296,-21.718618,-29.507448,-2.1042655,-16.25034,-14.002952,-12.2957,1.114546,-66.93517,-65.498116,-63.61709,-57.801735,-52.380833,-39.21005,-32.387276,-34.587246,-39.757385,-43.041412,-40.222816,-36.186203,-29.913137,-26.82865,-28.204956,-32.34333,-35.019512,-36.891933,-35.50088,-35.406647,-32.360725,-31.90423,-31.694084,-29.541834,-29.494823,-30.707634,-31.903708,-32.966007,-32.414932,-34.01907,-34.41353,-34.079155,-36.40056,-39.308758,-39.666862,-37.860703,-37.458668,-37.615185,-37.012276,-38.137344,-39.975365,-39.430428,-38.647446,-39.10435,-39.896435,-40.968693,-41.16479,-42.325134,-44.55016,-44.951042,-47.33093,-48.51578,-48.067974,-46.566956,-46.830368,-48.55667,-49.04526,-48.246815,-47.458836,-47.541176,-50.876427,-51.366657,-50.575474,-49.633076,-51.92087,-54.230938,-54.073906,-53.728962,-54.123642,-57.031048,-58.099823,-57.449802,-57.498367,-59.742237,-60.801758,-61.558044,-61.794415,-61.985622,-62.29166,-61.54814,-59.697834,-57.74301,-57.02477,-55.52089,-54.33324,-52.556103,-50.671425,-50.26407,-50.562088,-49.81178,-50.188297,-50.20616,-49.58898,-49.28414,-48.685017,-48.799046,-50.359955,-50.99716,-50.7432,-50.424824,-52.529415,-53.50524,-54.499092,-53.935776,-53.266533,-54.259686,-55.4232,-53.032738,-53.956577,-56.30901,-57.98353,-61.248543,-63.378563,-64.76562,-65.53333,-66.80836,-68.4068,-69.196266,-70.05741,-69.16025,-66.93975,-65.944466,-62.989685,-60.884308,-60.330193,-60.993813,-63.31056,-71.334694,0
-185.08754,79.47602,7.671871,21.958736,-55.356853,-28.299603,-7.45582,-21.61886,-22.869097,-12.3706665,-11.12368,-11.924271,2.3115602,-64.70007,-63.628326,-61.5474,-56.01529,-45.279587,-44.416763,-32.68285,-27.607855,-29.607372,-30.83415,-33.057594,-37.82113,-38.407494,-34.01271,-28.22893,-28.3189,-29.320427,-29.646236,-29.346785,-29.205887,-28.012949,-26.818996,-26.94604,-30.407276,-34.31494,-36.482357,-36.40438,-34.48039,-34.907223,-35.131397,-34.783108,-34.14321,-34.69998,-37.86057,-40.043373,-42.090992,-44.031513,-44.39416,-43.332233,-42.843456,-44.235878,-43.26516,-40.89306,-40.587906,-44.98202,-45.489334,-44.71366,-46.30528,-47.898685,-49.617363,-51.95634,-52.346527,-51.557236,-52.60537,-53.971706,-55.555668,-56.240597,-55.375774,-56.095554,-55.097332,-54.448193,-56.490856,-58.631596,-56.778,-56.329853,-55.958294,-53.86631,-52.211575,-53.830387,-56.27969,-55.365643,-51.50064,-51.122635,-53.27573,-51.47757,-49.719967,-51.354527,-48.879402,-46.771484,-47.626297,-46.682304,-45.441525,-45.419918,-44.773563,-45.34055,-43.518124,-42.975834,-41.825592,-42.067104,-42.49389,-43.63967,-44.556305,-44.55571,-47.324863,-47.476696,-50.258427,-50.831974,-52.023327,-52.46449,-53.717815,-53.431957,-54.845154,-55.246906,-56.505833,-55.77138,-54.508575,-55.714397,-52.25128,-49.4045,-49.6148,-51.072994,-52.1728,-55.5669,-60.481396,-63.49355,-66.3956,-67.56254,-68.32308,-67.194214,-65.433556,-63.821472,-62.899155,-61.514957,-60.228798,-57.464443,-56.219975,-58.211414,-67.371635,0
-198.66072,96.00992,-23.841373,34.090267,3.1476755,-11.608646,-14.677634,-27.638632,-10.794487,-5.0349526,-13.524469,6.418388,-20.621798,-64.296844,-54.405983,-42.782444,-26.949583,-22.205437,-28.584894,-33.42619,-26.74248,-22.698364,-23.478655,-25.938599,-27.006824,-25.807728,-27.510183,-26.194212,-25.693336,-29.18455,-33.355293,-32.395367,-28.058002,-28.30279,-31.91222,-33.083168,-29.854343,-29.892155,-32.859016,-33.317528,-33.60173,-33.856045,-35.263424,-39.160496,-41.037025,-40.584538,-43.598248,-47.028954,-45.175472,-43.873745,-45.88878,-47.296944,-43.02035,-41.360794,-42.637917,-44.875202,-41.87165,-40.07201,-41.45396,-43.679424,-41.68958,-41.49196,-42.092808,-40.611824,-38.26336,-35.65934,-35.83012,-37.347588,-37.462536,-40.106445,-43.09582,-40.713264,-37.825462,-37.71045,-38.66432,-36.78588,-38.42231,-40.64448,-39.837082,-41.185337,-41.66353,-40.889587,-40.778145,-40.1118,-40.44476,-40.635487,-39.94574,-40.05512,-38.614296,-38.49316,-39.637077,-40.495884,-42.470787,-44.670067,-47.931458,-49.525715,-49.678246,-50.34964,-47.816517,-44.45817,-42.06165,-40.77569,-39.744465,-39.20455,-39.465332,-39.96606,-41.002262,-43.877056,-47.675697,-52.76209,-55.260933,-55.438633,-52.711124,-52.249073,-53.589607,-54.141792,-56.284355,-57.463608,-58.87148,-60.434467,-61.28923,-61.9888,-60.72358,-61.23872,-61.249023,-58.18943,-56.368916,-55.140785,-56.1815,-56.87032,-57.088,-57.20302,-57.78317,-58.581135,-59.865883,-60.91889,-60.344532,-60.19245,-59.996197,-62.379185,-72.40883,0
-135.41566,86.18765,-28.63199,29.31756,-8.927286,-31.309328,-19.328259,-9.601874,-7.1366386,-3.875849,-14.849224,-3.3143659,-4.5987587,-47.313217,-47.427544,-47.222874,-46.798477,-46.60859,-45.74924,-42.74948,-37.08406,-30.338531,-24.355795,-21.38812,-24.992252,-31.14234,-34.49628,-35.958927,-36.849422,-36.903824,-34.28556,-31.377449,-29.110462,-28.671062,-27.701601,-28.169758,-30.203554,-33.06009,-33.670494,-34.02733,-34.80752,-35.471935,-36.60418,-38.239502,-38.42584,-36.41052,-36.84322,-37.753555,-38.72012,-41.69832,-44.78664,-45.310707,-44.274746,-42.442474,-42.771973,-42.075947,-41.596016,-42.543396,-45.04947,-46.67401,-47.382687,-48.43866,-48.947598,-48.443367,-46.20141,-45.262924,-45.414696,-44.94151,-44.68696,-43.42183,-44.686413,-45.006134,-44.13197,-40.960884,-37.990776,-38.09653,-38.640865,-40.180122,-40.2658,-38.569336,-35.301403,-36.077126,-38.685364,-39.78415,-40.92696,-41.085068,-41.77872,-44.83859,-44.599266,-41.19687,-39.773663,-42.167377,-41.97267,-39.28586,-38.97561,-41.284748,-41.634277,-40.11039,-41.891594,-45.665478,-45.83883,-45.39394,-47.1034,-49.090355,-48.894733,-50.248684,-51.171776,-50.52842,-50.479088,-49.688427,-49.32514,-50.238174,-51.27113,-53.101067,-55.742405,-58.363537,-60.377792,-59.184555,-59.58049,-58.593098,-58.17974,-57.649303,-57.17052,-57.639954,-57.83965,-59.29505,-58.03045,-58.621155,-59.001328,-59.77807,-59.791065,-61.33789,-60.54779,-58.732094,-58.418022,-58.272556,-58.607662,-59.54403,-61.713547,-65.977844,-73.79627,0
-212.86859,66.51405,19.8634,14.708386,-19.175062,-31.810947,-31.535929,-9.512472,-12.370584,-18.03477,-11.55371,-10.01498,4.3208985,-68.24137,-58.759384,-57.5275,-57.007236,-49.207253,-51.710346,-47.411354,-34.532063,-29.895454,-31.447855,-35.78326,-39.46427,-40.78224,-39.99611,-37.938965,-36.061234,-31.622673,-30.175797,-30.733452,-31.98854,-35.562183,-37.858845,-38.636,-37.916508,-37.37345,-37.177723,-37.85782,-39.176414,-40.71183,-42.538994,-44.817085,-46.745956,-47.69351,-48.80284,-48.17675,-48.90696,-48.818768,-48.394463,-49.32686,-51.008644,-54.127007,-54.635983,-52.954765,-52.99153,-52.76034,-52.635006,-52.586754,-54.327717,-56.28077,-59.132946,-60.40451,-61.439545,-62.782524,-60.669044,-58.921604,-59.475544,-58.822964,-58.9743,-58.110085,-54.867477,-53.850838,-54.111492,-54.754307,-53.68805,-52.499214,-50.717148,-49.20994,-49.244785,-50.092213,-51.106094,-52.045162,-52.580242,-54.918926,-55.510696,-54.777027,-54.154537,-55.569714,-55.839573,-54.569145,-53.26094,-55.645096,-55.74077,-54.122,-54.078056,-54.172768,-52.57236,-52.853653,-53.557716,-52.980083,-56.30452,-58.667477,-59.667397,-60.511604,-62.017544,-61.63241,-60.07517,-59.60811,-57.464195,-56.246086,-53.287674,-53.306934,-53.56613,-54.08427,-54.090553,-54.580345,-55.70072,-56.190937,-56.28497,-57.486137,-58.691795,-59.389214,-59.534954,-59.21438,-59.39387,-60.24857,-61.467945,-62.662228,-61.740353,-60.277588,-59.96237,-59.490173,-58.32609,-58.257153,-58.279152,-58.75738,-59.05333,-60.850956,-68.745155,0
-165.29846,85.37346,2.521804,42.990074,13.07358,8.280691,-0.21718468,-1.3552017,4.45577,7.7285953,-5.065457,8.678915,2.324317,-15.948474,-18.097752,-17.172813,-29.194805,-24.62507,-27.315178,-33.292828,-35.26703,-32.898273,-29.615154,-30.639713,-32.23641,-31.60171,-29.93507,-28.569044,-30.329767,-31.48433,-31.935392,-33.128483,-33.334877,-34.53522,-37.08612,-39.053085,-38.30071,-37.786747,-38.355686,-38.788555,-39.35718,-40.215897,-42.023006,-42.622234,-43.04334,-43.81647,-43.631702,-42.051235,-41.340946,-43.187847,-44.31028,-44.0741,-44.40766,-44.270237,-44.130707,-45.076122,-45.37975,-45.41853,-45.468845,-45.456207,-45.2479,-44.985283,-44.470398,-44.804398,-45.20557,-44.668663,-43.813114,-42.84294,-42.097645,-42.226402,-42.329098,-42.33208,-41.37928,-41.426632,-41.467308,-41.01082,-40.65828,-41.8898,-42.84706,-42.175304,-42.28665,-43.251076,-43.400036,-43.4102,-43.256466,-43.682644,-44.844166,-44.619003,-43.864788,-43.39568,-44.66598,-45.569366,-45.669678,-46.075752,-47.137974,-46.17309,-45.91054,-45.862305,-45.705902,-45.219055,-43.872303,-43.5967,-43.669376,-44.11268,-44.84299,-44.844498,-46.110546,-47.026207,-47.553078,-50.06344,-49.705563,-49.932446,-50.842953,-52.594524,-52.11818,-52.693005,-53.548203,-53.95623,-54.132874,-53.553795,-53.867035,-54.314808,-54.489456,-54.939415,-55.493694,-55.722816,-55.704853,-54.69736,-55.251427,-55.55596,-55.835274,-55.61862,-55.92035,-56.363934,-55.981876,-56.191307,-56.36552,-56.461555,-58.047245,-61.320904,-72.89108,0
-205.70236,93.53328,-18.183624,39.936802,-18.206097,19.509398,-32.546375,-4.433411,-12.437601,15.922657,-15.474489,5.8402967,-2.1568685,-40.42878,-43.33288,-38.88807,-33.518818,-29.406414,-31.791523,-32.8123,-30.467758,-32.27591,-35.215847,-36.545174,-35.57526,-34.90015,-33.785877,-33.211376,-33.036,-31.975689,-29.391075,-29.838642,-30.113922,-31.120562,-31.948103,-32.341194,-34.658867,-37.139927,-37.91774,-37.206783,-38.11925,-39.18016,-39.050163,-41.59849,-41.76709,-42.419563,-43.005245,-42.947384,-43.35922,-43.21612,-44.599228,-45.948994,-46.028835,-45.24355,-45.554955,-45.70835,-45.516563,-45.777985,-46.617615,-45.150642,-44.231052,-44.118828,-45.526154,-43.91726,-43.96041,-42.894093,-42.928146,-42.985016,-42.389076,-40.449066,-39.671204,-40.268517,-40.5509,-39.85488,-37.61594,-39.72898,-41.208485,-41.725,-42.697437,-43.919907,-45.191597,-46.75559,-47.818085,-48.191166,-48.748928,-48.678806,-47.2472,-48.221527,-50.318413,-49.353,-49.597225,-49.235645,-49.680187,-48.912586,-48.230915,-47.1089,-46.66293,-45.50756,-44.763245,-45.780674,-46.048477,-47.050377,-47.49908,-46.88922,-47.88311,-48.280056,-48.45376,-47.76558,-46.031788,-47.150288,-47.364822,-47.88179,-49.049885,-51.27147,-51.455727,-51.874973,-51.30548,-53.334927,-53.204433,-51.966846,-52.33262,-51.643597,-51.78852,-51.815334,-53.083244,-53.725323,-53.89149,-54.8817,-55.37456,-56.180367,-57.568348,-60.155518,-63.838207,-67.17708,-70.85228,-73.34854,-74.944084,-77.81,-79.00048,-79.70978,-79.7416,0
-182.44,60.887897,12.273797,-19.250814,-20.935091,-7.66575,-40.822514,-28.53065,-3.0911295,-9.52805,-17.698702,-17.295864,3.5743084,-67.51133,-64.38775,-61.780334,-54.658356,-48.600006,-42.753544,-39.814953,-37.499306,-34.960762,-32.37698,-30.94337,-29.085321,-30.337244,-33.796944,-33.976612,-34.109077,-33.736744,-30.627771,-28.825636,-30.419687,-32.81698,-33.171005,-32.543514,-32.861286,-32.676548,-33.00914,-32.309956,-35.071537,-35.989403,-33.476936,-34.289425,-36.012253,-37.398354,-39.932243,-43.20678,-43.153606,-42.04379,-42.89947,-44.617676,-45.837246,-46.54282,-44.925373,-43.153294,-42.79353,-41.31507,-44.21535,-48.120636,-48.651352,-46.243656,-46.104816,-44.87972,-44.117336,-44.621017,-45.5267,-46.552784,-45.463142,-43.988796,-43.970867,-43.798508,-44.2208,-42.781757,-40.174168,-40.574078,-42.805565,-43.46479,-41.43394,-42.480293,-44.678074,-47.999664,-50.39248,-53.070873,-54.212086,-53.675056,-55.376675,-58.45777,-63.01325,-62.075798,-58.9774,-58.339733,-57.643513,-57.522175,-54.16689,-52.48829,-52.025974,-51.960663,-51.32989,-50.17425,-49.569115,-50.044643,-52.193985,-53.520714,-53.88765,-51.793312,-50.669044,-51.521416,-52.19579,-51.181744,-51.019794,-50.44333,-48.994083,-48.691116,-47.091583,-48.12217,-48.567535,-48.15488,-47.833637,-46.404354,-46.719494,-46.81228,-47.681877,-49.130486,-50.686195,-50.943516,-52.48575,-54.171616,-55.043106,-58.254826,-59.15098,-55.977375,-53.60402,-50.62318,-50.644344,-51.10423,-49.318016,-48.84822,-48.822586,-51.89727,-61.55181,0
-193.0834,65.24173,-9.183273,15.880974,-26.70906,-27.261982,-15.136138,-11.045086,-11.976553,-21.582071,-7.677626,-14.117739,3.6203036,-62.33613,-51.09473,-50.24735,-50.436954,-42.19486,-39.284916,-31.952082,-27.148111,-28.050463,-31.263138,-32.019604,-31.085106,-30.9974,-29.42979,-27.140404,-26.983,-27.430483,-27.245218,-26.598232,-29.388918,-29.56469,-27.451807,-27.469198,-29.598913,-32.54062,-32.66108,-33.86873,-33.976624,-33.53392,-32.262516,-32.99709,-34.590828,-35.71294,-34.40644,-35.13901,-35.811703,-35.35359,-35.11017,-36.78914,-39.571735,-41.33061,-40.20014,-38.3497,-37.45282,-37.786613,-39.77259,-43.07828,-44.398895,-43.080254,-39.873993,-39.005093,-41.628952,-44.630623,-46.626984,-47.806683,-48.18294,-47.40905,-48.845524,-48.78663,-45.692497,-43.341633,-42.69141,-42.98414,-43.198288,-41.323746,-38.21475,-37.227028,-38.19473,-39.887993,-40.60069,-43.054363,-42.69716,-40.452564,-39.99806,-41.38342,-42.440273,-41.734882,-40.76643,-40.253944,-39.436707,-40.736458,-41.036163,-39.565556,-40.275684,-41.734787,-41.105446,-41.22726,-39.773304,-40.601875,-42.368523,-43.17403,-44.26633,-45.188473,-46.327286,-45.97839,-46.567337,-47.78163,-47.778866,-47.74816,-45.702793,-45.25513,-45.712536,-44.351933,-45.40961,-46.71531,-46.614494,-48.47847,-47.35402,-47.65167,-47.136932,-47.503384,-50.07394,-53.609146,-57.410286,-59.25852,-58.03158,-57.02679,-58.461113,-59.037357,-56.06255,-53.57739,-51.70941,-50.172993,-49.568886,-49.066124,-49.0986,-50.06752,-59.773895,0
-168.26817,73.94086,-93.36881,16.266062,-23.401207,-4.8263693,-17.256788,-15.308037,-16.40198,5.2704763,-8.453392,-3.501843,-4.3439193,-51.899853,-52.167385,-50.53766,-47.276848,-45.11529,-48.699013,-49.541687,-44.621788,-36.15888,-36.240726,-41.038986,-40.00535,-37.228676,-35.76506,-35.663807,-36.431667,-33.8988,-29.631788,-29.26112,-29.905708,-31.603193,-31.614426,-31.26554,-31.978712,-34.079918,-35.957035,-36.17193,-34.95561,-34.21297,-34.546894,-33.701626,-30.781239,-29.883038,-32.19692,-35.31719,-35.199043,-34.360115,-34.015038,-34.78174,-35.884407,-32.952118,-32.045113,-33.077812,-33.182964,-31.542965,-31.058855,-32.50064,-31.83157,-31.299877,-31.217587,-30.581753,-28.129173,-28.259533,-28.712284,-26.880615,-26.210514,-27.76004,-26.26367,-26.750587,-28.606607,-29.626799,-28.537855,-29.922504,-30.292336,-30.921066,-32.106895,-32.68469,-32.686726,-33.849304,-32.701435,-33.56912,-33.123516,-32.983704,-33.439346,-33.12776,-33.167793,-33.255684,-33.882156,-33.618134,-33.610023,-32.483685,-32.989586,-33.177452,-34.38298,-35.25244,-34.633896,-34.28053,-34.09446,-34.757957,-36.22011,-38.71462,-39.627632,-40.232113,-40.851124,-43.068413,-43.19464,-44.719597,-46.781647,-47.063866,-47.193325,-47.062546,-46.196083,-47.044823,-47.946392,-50.42246,-53.730995,-53.697933,-54.30965,-52.862965,-53.276035,-54.106144,-54.739147,-54.781704,-56.311844,-57.610317,-58.69732,-59.651062,-61.09156,-61.47599,-61.461933,-61.51269,-61.98466,-62.61071,-64.20939,-66.14509,-68.896675,-72.094894,-75.94325,0
-232.46666,62.476482,11.517841,46.151287,15.854271,10.75668,10.92049,8.858302,7.858744,4.387088,3.69986,12.146489,-0.92090946,-14.776562,-21.03338,-18.464027,-19.09421,-24.3194,-32.31049,-29.922522,-27.226099,-28.66505,-31.936657,-33.927696,-36.894894,-38.891327,-38.7943,-37.392097,-37.113827,-36.862087,-36.469105,-36.82899,-37.428627,-39.10825,-41.644577,-41.639034,-41.361576,-41.65806,-42.42874,-43.704178,-43.50356,-42.579933,-44.340443,-45.349937,-45.227463,-45.11157,-45.424812,-46.129787,-46.122253,-44.28467,-44.36148,-46.231197,-47.125877,-46.7552,-43.752174,-43.61197,-47.364147,-46.70598,-46.43527,-46.381557,-46.98403,-46.902504,-46.207016,-46.095764,-46.475426,-46.208214,-45.56993,-47.05867,-46.760654,-47.97198,-47.23258,-46.89468,-45.509766,-43.71604,-44.11276,-44.97504,-44.83942,-45.500603,-44.746918,-44.811535,-45.482265,-43.60636,-42.81479,-41.46008,-42.252274,-43.490585,-43.030922,-43.793015,-43.8241,-42.618244,-42.765945,-43.294712,-43.057583,-43.601593,-44.721462,-44.814373,-45.360672,-45.4167,-45.511093,-45.463196,-44.574142,-45.39784,-45.392025,-45.334362,-46.276886,-47.25417,-46.143333,-43.637886,-44.244125,-47.278866,-47.127216,-47.21267,-46.59249,-47.675842,-47.146183,-47.649303,-50.192898,-51.62824,-52.26079,-53.213223,-55.53469,-53.85014,-54.969376,-56.230732,-51.508293,-54.221176,-54.968372,-52.85793,-52.359943,-50.43162,-49.861588,-50.864975,-50.74373,-52.64703,-54.02715,-53.94719,-51.071194,-53.885914,-54.959194,-56.71874,-68.79378,0
-244.22478,108.124245,16.093662,26.675161,5.690108,10.938724,-0.2626703,-1.9624699,-2.166927,7.255182,-4.5632777,3.0696886,-10.827232,-34.314445,-38.412197,-35.930748,-28.127125,-25.672615,-31.460382,-33.68276,-33.802166,-35.237778,-35.434696,-35.84776,-35.687275,-35.240223,-35.50213,-38.050865,-40.029156,-40.729507,-39.44096,-38.913578,-39.439224,-40.178707,-41.637585,-43.847656,-44.716236,-43.74669,-43.98883,-44.71019,-46.117245,-47.832096,-46.87634,-45.498455,-45.81981,-46.73437,-46.847282,-46.712704,-48.417645,-50.61295,-51.07949,-50.38245,-49.400803,-50.253086,-51.429955,-52.80126,-52.290066,-51.818844,-51.542645,-51.759163,-51.569714,-51.025528,-51.056473,-50.97512,-50.644184,-51.031544,-51.088383,-51.371468,-52.038002,-52.234673,-52.009182,-52.626766,-53.0903,-52.03506,-52.00088,-52.43487,-53.67014,-54.793026,-55.108265,-55.84432,-56.907887,-57.632046,-58.527374,-59.105534,-58.354446,-57.85346,-58.194916,-57.04591,-56.47446,-56.1383,-56.631577,-56.65895,-55.91962,-57.122784,-57.139267,-57.7189,-57.368614,-58.40228,-59.22886,-59.678127,-60.45018,-59.788055,-59.199726,-58.05571,-58.32964,-59.049282,-59.44745,-60.1103,-59.942917,-59.65193,-59.577187,-59.49121,-59.86962,-59.48749,-59.79403,-61.129074,-63.751534,-65.7393,-66.64073,-66.47081,-66.19198,-65.84625,-65.81929,-65.967804,-65.92635,-64.93454,-63.641495,-63.701366,-63.70703,-63.961388,-63.201473,-62.346333,-62.388233,-62.706333,-63.755238,-64.34601,-66.00156,-67.87771,-72.827194,-78.776375,-79.85248,0
-209.48706,107.115166,-25.66243,17.704643,-40.468422,-16.777933,-29.10988,-22.580273,4.060553,-26.061996,-2.9292076,-19.570423,8.231249,-67.58926,-53.424873,-52.48754,-57.84306,-48.717922,-45.525177,-36.291363,-29.23596,-27.142176,-28.473917,-32.410446,-37.133713,-39.821148,-36.803017,-29.86087,-26.480022,-26.40596,-28.792948,-29.599337,-29.203863,-29.293383,-29.63416,-29.84146,-29.878773,-31.039272,-31.01212,-32.591408,-33.87505,-32.847168,-30.359367,-31.100368,-34.831635,-36.85763,-38.218052,-39.93203,-40.966824,-41.271614,-40.345806,-39.583965,-38.122787,-38.751423,-40.32524,-41.335922,-42.686966,-42.9716,-44.18673,-45.05615,-46.3751,-46.6027,-48.21944,-47.649094,-46.69791,-47.63919,-48.791195,-49.243507,-48.069782,-46.13079,-44.969276,-44.313583,-46.174118,-47.004295,-44.942516,-42.952797,-43.539318,-45.881325,-45.501987,-44.60088,-43.015255,-42.14809,-45.605064,-48.504574,-47.81329,-45.97617,-46.161095,-48.952816,-52.091652,-53.52661,-53.4744,-55.033745,-56.375633,-54.088467,-48.495716,-47.0381,-48.020752,-46.212452,-43.998894,-46.649036,-49.919724,-49.360428,-50.29611,-53.128086,-52.35062,-54.356064,-53.914593,-51.49568,-51.21262,-49.320538,-49.315933,-49.287525,-47.09612,-47.54959,-49.101326,-50.70321,-52.237362,-51.908222,-55.066185,-55.895077,-57.74397,-58.089325,-60.887905,-61.794544,-65.09669,-69.75818,-72.794,-74.21725,-74.73388,-73.9803,-73.006584,-73.23792,-72.85067,-72.43308,-70.26908,-67.14018,-64.17155,-62.79971,-60.747196,-61.907505,-69.93647,0
-113.12495,73.17351,-9.595949,30.662249,5.9568167,-3.4855144,2.7044559,1.469297,-12.089159,15.229023,3.1739788,2.767262,3.5985622,-21.37489,-20.691914,-20.345833,-24.705315,-19.501408,-22.32096,-30.031647,-32.113323,-28.114357,-26.19694,-27.827038,-29.069466,-28.504631,-28.43969,-27.448177,-29.586138,-27.472162,-24.529295,-24.615616,-26.689098,-29.55423,-30.54186,-27.244255,-25.319132,-27.47592,-31.686647,-33.398212,-31.762308,-29.346146,-30.658089,-33.978596,-36.373394,-35.56374,-34.539944,-34.51398,-34.846977,-36.50542,-36.709476,-36.38053,-35.94468,-34.759018,-34.58194,-34.6899,-35.851757,-36.778454,-35.38028,-34.497242,-34.755726,-35.084904,-35.62856,-35.82535,-35.809616,-35.971363,-35.040844,-33.637005,-34.182274,-33.007397,-32.973984,-34.375248,-34.233288,-34.159218,-34.11044,-35.175957,-35.53743,-37.183956,-38.362083,-37.545723,-37.53798,-37.200928,-37.32833,-37.634705,-37.30753,-36.248215,-35.51932,-35.315704,-34.57303,-33.892136,-32.045902,-31.181007,-29.845634,-30.304014,-32.035072,-31.496536,-31.974876,-34.984882,-36.339016,-36.27791,-37.489464,-37.980644,-38.201263,-39.14663,-40.216713,-41.869015,-42.22972,-43.184616,-43.184566,-43.496223,-44.53114,-44.59325,-44.263775,-44.793694,-45.361244,-46.01048,-46.590466,-46.370922,-45.95868,-46.06746,-46.037926,-46.130318,-45.65412,-45.919647,-44.59224,-43.325996,-42.764877,-43.831837,-45.37594,-46.06886,-47.36683,-47.995304,-48.158695,-48.961132,-49.050827,-49.202736,-49.266483,-48.927963,-48.978943,-51.54897,-62.258224,0
-228.36438,91.05055,-47.522564,67.30771,-34.462124,20.295563,-16.950327,-9.629421,12.248232,8.58267,-5.2850814,2.1733031,-0.7192048,-27.307358,-35.336853,-34.798534,-41.363007,-34.646214,-24.276777,-21.448408,-28.33877,-36.384438,-37.84271,-39.56366,-37.630672,-31.048555,-28.699055,-30.582281,-35.53745,-38.992317,-37.976307,-35.32878,-30.756727,-28.312761,-31.516628,-34.512444,-36.263165,-35.82227,-34.748127,-32.62567,-31.366852,-33.49833,-36.291767,-39.679974,-41.8638,-39.28919,-35.894047,-35.297436,-38.2571,-40.47272,-42.18949,-43.098434,-42.0607,-41.171738,-42.206074,-42.967136,-42.620415,-43.915718,-44.359726,-42.6107,-42.493404,-43.12223,-42.661785,-43.034615,-41.74168,-40.843124,-40.1432,-39.432575,-38.963234,-38.148037,-37.721664,-37.54117,-37.348175,-34.833,-34.822243,-35.01068,-37.41785,-37.180347,-37.148067,-38.855507,-38.964905,-38.39076,-38.746532,-42.11118,-43.479168,-43.449505,-43.595123,-43.46792,-42.29501,-42.66482,-42.490067,-41.930027,-40.769535,-40.603783,-39.700935,-37.76711,-36.739174,-36.38648,-36.90563,-37.908775,-36.344597,-36.0336,-36.176785,-37.22098,-35.709877,-36.473766,-36.32894,-36.562233,-37.08878,-38.761047,-36.824604,-37.738636,-39.310303,-41.5193,-42.53537,-45.070934,-45.97467,-45.573402,-48.27239,-51.77858,-54.0332,-56.34287,-59.988514,-60.891876,-61.241146,-62.834167,-62.850613,-63.246296,-63.245274,-64.01455,-64.69973,-65.478165,-66.87187,-68.826996,-71.005806,-73.25208,-75.09162,-77.14292,-78.443985,-79.47872,-79.48651,0
-190.37502,112.97141,-11.558231,26.10988,-22.874516,3.3441036,-42.365593,18.97481,-14.12414,3.2151184,6.7647743,0.9126746,-2.1657186,-27.421131,-32.210762,-42.806427,-43.559967,-36.044567,-39.135708,-43.886543,-45.018085,-36.544777,-31.12805,-33.33232,-38.029243,-39.563797,-33.753387,-32.704876,-31.801363,-31.005713,-31.65762,-28.790903,-28.273926,-29.873594,-30.989843,-33.902683,-33.337276,-31.393696,-33.168724,-34.303463,-35.18125,-35.5016,-34.044147,-36.722107,-38.72303,-39.76539,-39.80195,-38.996037,-40.403656,-42.52021,-40.78672,-41.635902,-43.9382,-46.976894,-47.603798,-47.18906,-46.863483,-46.67547,-46.95591,-45.538372,-46.655804,-46.8367,-47.371952,-48.949936,-48.230816,-47.530437,-48.76737,-48.51076,-47.035194,-46.586067,-46.44138,-45.93919,-46.091885,-46.466984,-43.89919,-45.08444,-48.393578,-48.22256,-48.554085,-48.84128,-47.69496,-47.735,-47.25405,-47.017124,-46.992134,-46.227394,-46.574947,-45.906185,-46.388176,-46.325703,-46.54569,-46.132015,-46.962593,-49.49198,-51.719776,-53.52217,-54.45682,-57.896545,-59.77809,-58.708233,-59.28057,-59.2151,-58.23515,-57.73611,-58.777584,-58.119186,-56.61696,-56.040565,-55.597893,-54.982956,-56.716045,-55.903748,-52.92607,-52.20351,-51.244778,-50.451405,-50.11231,-49.719868,-50.52515,-51.985535,-53.019016,-53.630238,-55.732662,-55.634678,-56.950016,-57.61774,-59.66344,-59.5395,-59.34215,-61.706894,-64.06446,-66.31774,-67.8149,-70.72946,-74.58384,-77.56104,-78.15824,-78.85536,-79.54711,-79.73278,-79.73508,0
-142.9376,114.03461,-12.292383,46.234722,-11.522706,19.122637,-27.055868,12.543291,-21.028353,13.246752,-11.379441,3.733326,-2.280114,-28.667858,-29.81261,-28.79431,-28.385395,-20.016657,-24.244022,-28.913666,-29.399498,-28.78699,-28.708815,-26.221745,-23.602612,-25.505987,-29.480923,-29.314775,-26.52706,-23.420551,-22.403776,-26.727713,-32.786133,-34.335827,-31.846273,-29.706709,-30.994297,-33.96864,-34.80028,-34.729664,-34.333603,-35.560566,-35.655903,-36.132072,-38.440933,-39.983597,-40.10086,-38.290943,-37.96112,-38.623997,-41.122337,-41.43243,-43.478844,-43.86036,-42.268845,-41.072685,-41.290436,-41.250263,-42.05976,-39.998337,-38.649265,-40.62961,-41.56494,-42.509075,-41.941273,-42.286285,-43.157856,-42.35373,-41.03862,-39.2101,-40.82682,-41.639515,-40.86889,-39.896534,-40.691532,-40.90255,-41.006702,-41.912796,-41.56332,-42.00371,-41.255703,-41.422195,-41.748783,-42.26572,-43.9851,-46.01693,-46.645733,-46.415115,-44.726254,-44.32952,-44.105473,-43.235332,-43.913544,-42.510895,-42.306217,-42.594578,-43.22427,-45.692047,-47.397873,-47.259384,-47.128094,-50.216877,-49.842964,-47.953285,-47.45864,-48.258503,-47.772068,-47.50608,-48.92753,-51.49618,-52.33567,-52.6215,-52.26552,-50.87502,-50.350746,-50.948406,-50.948914,-47.997765,-46.417473,-48.879593,-50.014206,-49.96001,-51.57851,-49.89489,-50.031998,-52.43267,-53.42602,-53.205914,-53.919876,-54.478516,-56.867023,-59.590195,-62.15742,-67.787895,-72.40934,-74.97291,-76.62533,-78.25645,-79.11428,-79.24722,-79.25034,0
-277.44647,87.84201,21.855242,13.809369,-48.533264,-20.726126,-26.472746,-20.973804,-7.8602576,-24.226662,-10.477894,-14.295815,0.92076063,-71.81642,-67.859634,-65.173676,-54.91179,-52.988743,-48.03965,-41.979465,-37.035973,-34.72371,-34.85774,-34.910946,-36.87856,-36.106075,-35.552273,-34.655926,-34.182182,-34.729668,-37.511627,-36.57076,-34.24318,-32.776783,-32.89994,-32.630573,-33.696625,-35.191254,-36.568466,-39.349365,-42.98353,-43.627697,-41.857906,-40.687325,-41.48185,-42.20995,-43.31603,-46.420864,-48.14524,-49.276657,-50.66424,-49.515003,-47.561806,-49.010555,-49.81736,-50.75559,-50.896152,-52.924576,-54.112408,-55.51197,-56.771397,-55.25405,-55.920815,-57.68599,-59.85094,-61.28728,-63.13683,-63.83914,-63.486317,-62.72139,-60.991516,-60.165424,-60.149063,-59.362213,-58.551247,-58.483498,-57.615738,-58.217575,-59.13978,-60.694805,-60.2435,-58.61797,-59.463707,-60.253735,-60.204872,-60.45415,-59.71371,-61.396072,-62.17958,-62.372826,-61.32618,-60.19757,-60.519615,-60.847008,-58.974747,-57.483734,-57.48612,-57.311108,-56.132984,-55.787155,-56.97268,-57.28409,-58.85503,-58.76622,-56.7999,-56.007313,-56.02501,-55.35551,-54.44158,-54.018715,-53.955074,-54.796608,-54.897358,-55.507072,-56.401154,-57.36152,-58.8511,-58.898495,-58.502296,-58.44317,-58.53481,-58.445488,-59.30365,-61.2077,-63.124756,-65.03313,-67.59404,-70.0714,-72.88377,-72.60024,-71.06839,-70.74743,-69.25716,-69.03049,-69.10873,-67.74219,-65.58271,-63.467434,-61.65513,-63.57595,-72.634,0
-280.93564,88.7938,-4.046643,5.5489306,-31.293947,-17.80459,-24.9483,-23.024906,-0.53604156,-12.283302,-4.908573,-8.994416,-1.60879,-74.48215,-65.098434,-63.716724,-62.686607,-55.391262,-55.478123,-47.78367,-40.610397,-41.06101,-42.53239,-44.20866,-47.30667,-47.475216,-50.147675,-43.714046,-38.840023,-39.462482,-42.33238,-41.230335,-42.22403,-42.557358,-40.530178,-39.1123,-38.608448,-39.05851,-42.208588,-45.16207,-46.549244,-46.09226,-43.165005,-43.31836,-42.436066,-43.56665,-48.88542,-52.222538,-54.82979,-55.026775,-54.703087,-54.00242,-51.565872,-51.720802,-53.777767,-54.480846,-55.906593,-56.372124,-56.595142,-55.720367,-54.04072,-54.79042,-60.788,-60.888683,-57.897957,-57.881126,-56.214508,-55.844494,-58.6188,-58.210243,-58.281513,-57.126675,-56.332184,-58.005577,-59.307053,-58.72652,-56.806023,-56.73639,-57.684643,-57.922638,-57.459663,-57.694065,-58.74036,-60.697517,-62.150036,-61.86885,-61.119946,-63.28926,-63.625206,-62.327213,-63.587063,-64.267296,-62.347076,-63.079098,-63.672245,-62.019733,-61.444763,-61.085026,-60.02825,-61.393864,-60.393307,-59.41763,-60.662426,-60.02037,-61.30605,-62.410915,-61.903835,-61.697105,-61.394955,-61.280006,-60.840023,-61.560078,-60.705536,-61.639694,-62.259968,-63.195568,-63.44462,-64.12327,-64.573685,-65.82465,-68.0127,-68.91591,-68.06239,-68.71172,-69.667404,-71.597046,-72.764496,-73.83176,-74.54965,-74.778915,-73.63595,-72.98225,-73.242325,-73.51779,-72.317955,-71.54557,-69.85193,-68.57697,-67.94073,-69.28456,-74.94899,0
-133.36739,91.0558,-5.7792077,15.613184,-6.387081,-14.383083,-29.65443,-15.565328,-18.0282,-13.336372,-15.47289,-4.1133265,-10.165931,-52.8495,-51.99072,-55.079033,-50.826202,-39.723732,-29.91251,-25.458288,-31.054066,-37.33691,-36.489586,-34.023777,-31.388187,-26.938221,-22.420229,-21.386795,-23.991636,-26.794851,-30.250378,-29.602139,-27.183142,-26.641325,-28.311556,-31.899752,-35.15355,-36.61869,-36.507343,-36.363213,-36.685234,-37.884666,-38.77116,-41.37988,-40.94592,-40.739517,-40.31329,-41.303196,-41.285465,-42.099834,-43.037735,-44.795063,-43.55289,-44.029457,-46.490887,-46.042683,-46.057507,-45.558376,-43.058464,-40.56296,-44.023937,-45.00935,-44.73406,-45.91681,-45.383034,-46.068928,-45.727573,-45.268578,-45.580803,-44.07518,-43.75317,-45.626274,-43.774303,-43.397717,-43.19774,-42.58026,-41.72133,-42.58533,-43.349712,-44.353687,-44.32714,-44.171158,-45.150253,-44.99873,-44.967472,-46.207012,-45.97596,-45.480747,-46.77513,-47.356735,-46.390835,-47.952675,-48.152664,-47.695324,-49.63123,-51.09981,-51.769802,-53.376007,-51.731483,-50.77282,-49.405872,-49.508556,-49.32081,-48.684757,-50.632076,-53.815006,-56.619827,-56.3275,-56.49263,-53.88005,-51.690212,-50.59505,-50.188526,-50.93187,-51.270733,-51.966248,-53.472103,-55.36815,-56.629524,-57.849262,-59.079235,-58.358963,-56.833492,-56.224804,-57.19564,-57.044674,-55.81034,-55.746124,-56.244774,-56.680527,-55.699535,-57.381195,-57.310158,-57.094036,-59.49537,-59.785748,-59.91072,-59.788868,-61.45665,-65.46128,-73.947525,0
-164.78545,65.09902,-37.702602,25.332655,-16.68856,0.29693592,-18.28507,-10.672387,2.363948,-3.7770908,-4.3172464,0.648777,2.554695,-25.468607,-44.16544,-45.730125,-42.129158,-36.815914,-36.657574,-41.01663,-41.26824,-39.637077,-35.08494,-32.672287,-33.810665,-34.93749,-34.178703,-31.27581,-30.790695,-30.666807,-31.95496,-32.186676,-32.380688,-30.74371,-29.424688,-30.314156,-32.900425,-34.854042,-33.529346,-31.814356,-32.471096,-33.53788,-36.49436,-37.810036,-38.06107,-37.95258,-37.677475,-37.551186,-38.27046,-38.580303,-37.669823,-36.333725,-35.709244,-36.28661,-36.467865,-37.65024,-37.88019,-37.931355,-38.493553,-39.21498,-39.891582,-39.143234,-39.037155,-40.829372,-40.18945,-38.183372,-38.558277,-38.670902,-35.457478,-34.813828,-35.660393,-35.14513,-34.216267,-33.94339,-33.31016,-32.519226,-33.62776,-34.80643,-34.95754,-35.08884,-36.866077,-36.539253,-38.555008,-38.961044,-39.61749,-40.779118,-40.515182,-38.979404,-37.844093,-37.063366,-38.250164,-39.067524,-40.228413,-39.33705,-38.851902,-38.991608,-39.267033,-40.537876,-41.465096,-43.23848,-42.015842,-40.959476,-39.947933,-39.322533,-39.03364,-39.244194,-39.18412,-39.546604,-38.71779,-40.437508,-42.151867,-42.02393,-42.51658,-43.128395,-43.736797,-44.33932,-45.349762,-44.68246,-44.660168,-47.36891,-48.84159,-49.80558,-51.811604,-53.557438,-54.51574,-55.71848,-56.41943,-56.33836,-56.132973,-54.484413,-55.015976,-54.67867,-54.097393,-53.8018,-55.194298,-56.376244,-56.887383,-57.078278,-58.391872,-61.651684,-70.69065,0
-153.99985,73.375275,5.129936,31.63119,-0.64105314,-3.4082947,-24.218237,-2.2330115,-10.893801,11.6531105,-15.263039,2.7272916,-1.1777945,-42.217426,-43.587982,-47.056263,-34.10686,-23.666027,-25.547493,-34.589256,-38.869194,-35.204655,-30.63773,-30.688522,-34.01436,-35.05543,-34.89046,-33.221397,-32.349842,-33.174175,-33.74604,-32.072906,-31.600922,-32.632866,-34.335503,-34.84394,-34.813488,-35.500317,-37.35788,-39.13417,-40.035942,-39.990368,-40.493935,-41.485847,-42.8402,-43.375343,-43.26632,-43.951637,-45.286575,-46.50179,-46.657818,-48.12067,-49.752525,-49.641094,-49.43749,-48.26667,-47.137146,-47.15505,-47.870174,-48.37207,-48.98993,-49.04858,-48.27147,-47.958817,-48.751602,-49.186256,-49.96024,-48.7785,-47.681244,-46.61543,-44.525677,-43.38125,-43.988083,-44.522156,-42.204308,-41.413914,-41.517147,-41.06312,-41.383923,-42.00102,-44.155594,-47.327724,-47.8001,-46.921894,-48.40809,-49.21332,-49.41417,-49.632107,-48.442127,-49.81372,-50.314987,-49.052956,-46.567165,-43.94453,-41.646183,-43.19232,-45.37021,-46.62406,-47.505806,-48.484207,-48.94981,-50.344658,-51.23614,-50.379963,-50.597298,-51.866146,-49.635284,-49.30199,-50.239616,-49.083153,-50.681664,-52.640053,-52.826977,-52.943268,-53.830498,-54.657757,-53.912563,-53.2019,-52.15425,-52.111984,-51.225647,-51.87655,-52.376183,-51.463608,-50.825592,-50.16665,-50.459984,-52.253235,-52.71785,-54.15974,-54.844368,-55.821568,-54.28836,-52.710606,-53.873615,-55.70738,-57.096836,-59.244854,-65.58454,-73.90152,-79.38027,0
-208.16045,87.038605,-29.60983,11.953489,-23.198082,-16.559252,-32.118355,-20.317333,2.743327,-21.715906,-14.169276,-11.132379,-1.7774382,-69.41001,-65.11708,-62.4881,-56.83571,-49.015728,-46.989475,-44.508125,-40.50847,-39.302197,-34.961655,-32.20276,-31.615839,-33.852074,-38.58082,-39.088505,-38.66589,-38.89312,-38.68495,-36.54837,-37.451878,-36.217617,-35.498623,-32.386936,-32.414173,-34.645622,-37.17821,-38.968845,-41.54962,-43.621906,-42.377945,-39.839214,-40.405647,-40.752647,-42.757088,-42.62792,-42.812702,-44.51716,-46.81576,-46.017754,-43.569523,-43.499027,-46.558403,-48.321293,-49.176212,-48.783424,-47.57531,-47.206882,-47.12276,-48.60508,-51.005264,-50.399628,-49.868515,-50.623585,-51.08429,-50.917645,-48.624683,-47.920067,-47.80351,-46.94194,-44.945244,-44.60989,-45.847652,-44.40114,-41.568794,-41.73954,-44.74395,-45.330105,-43.550713,-43.594322,-43.797287,-47.084026,-50.416965,-51.46639,-50.48324,-50.20884,-50.07185,-51.991913,-53.41027,-54.58156,-53.581455,-54.044895,-56.308167,-57.47623,-56.6777,-54.265385,-52.791424,-53.66807,-53.02852,-49.85936,-50.743343,-52.25339,-52.410366,-52.255447,-53.09733,-54.15593,-52.865864,-53.45442,-53.8985,-53.39363,-55.07659,-56.116547,-55.883186,-56.97751,-57.632427,-57.77519,-57.520832,-57.461452,-59.315826,-60.969414,-62.286366,-63.084614,-63.650425,-66.18734,-68.70249,-70.42138,-70.388275,-69.93877,-70.39577,-70.20421,-69.61352,-69.17487,-67.650055,-66.1705,-65.31237,-63.447716,-63.435925,-65.22964,-72.20509,0
-173.64044,50.14854,10.295177,-2.6241925,-26.626299,-26.408209,-32.334435,-27.624262,0.5543389,-16.132277,-17.972593,-13.620554,-5.9949117,-67.92123,-65.049614,-61.39882,-56.19187,-48.755333,-47.79226,-44.39075,-43.02184,-42.908714,-38.453934,-33.305996,-26.524788,-23.130358,-25.298887,-28.652311,-33.39819,-37.567852,-39.119698,-35.393536,-37.320873,-35.332077,-33.14637,-32.38767,-31.549486,-28.664787,-28.834766,-31.327679,-32.9944,-35.40964,-38.089375,-39.85577,-41.124485,-41.96818,-41.931892,-43.052944,-44.33823,-41.739143,-37.96741,-37.995888,-42.246502,-46.218063,-48.49507,-48.402428,-48.962315,-51.66901,-52.968075,-54.229507,-53.06723,-49.22415,-45.24228,-45.362362,-47.711544,-50.387947,-51.888054,-51.600674,-51.644142,-51.318153,-49.65753,-46.89659,-44.802048,-44.668667,-45.051254,-45.70819,-45.591312,-45.518105,-43.303215,-43.312656,-45.25266,-48.41289,-50.761055,-51.94965,-51.023575,-49.106075,-49.579674,-52.206245,-53.281525,-54.320404,-52.287342,-51.748833,-53.968166,-55.157825,-55.461372,-51.023003,-48.74839,-49.69728,-50.03315,-48.291027,-47.39954,-47.062668,-48.362446,-48.82096,-48.674023,-49.09502,-48.460987,-46.799603,-46.711258,-47.70751,-47.654373,-47.923367,-47.477726,-47.00054,-48.341084,-51.641117,-51.291183,-52.580013,-52.36154,-50.209354,-52.090767,-50.554726,-50.182274,-52.258465,-52.445255,-54.98674,-55.353603,-54.58893,-53.291645,-54.70681,-56.29705,-57.39754,-56.062366,-53.90829,-51.65815,-49.82851,-47.16147,-46.47912,-47.186337,-51.357506,-59.78784,0
-122.47254,77.18905,2.6014733,31.887625,9.693712,4.2765274,-17.192799,-9.689208,-14.273916,9.435578,-13.079179,4.857195,-10.4451065,-42.223976,-41.78592,-34.3968,-19.52979,-17.914227,-27.00123,-32.558807,-27.364191,-22.286974,-22.391676,-27.34561,-30.566727,-29.172838,-27.910046,-28.036201,-28.267113,-27.40788,-29.429716,-30.554178,-30.56807,-27.958464,-27.959023,-30.745749,-34.40619,-34.310192,-32.977562,-34.705353,-38.842773,-41.217663,-38.422134,-38.888973,-40.671227,-43.652233,-43.464222,-40.984764,-41.736664,-43.699543,-45.489277,-43.33679,-42.95088,-44.113567,-45.432583,-44.198376,-40.91892,-41.13631,-44.794785,-44.38492,-41.354137,-40.863655,-43.16739,-41.638374,-39.466835,-39.945904,-40.612625,-40.067146,-38.095016,-37.64192,-37.876915,-37.949085,-37.563236,-37.52967,-39.049873,-37.848545,-38.07517,-39.718937,-38.963535,-41.516155,-42.110607,-41.306694,-43.486115,-43.771122,-44.786774,-45.650547,-43.41458,-42.567158,-42.1627,-41.61051,-41.699406,-41.647327,-41.898434,-42.269184,-41.903774,-42.724697,-44.794567,-46.405003,-46.564693,-45.669434,-45.258404,-43.583054,-43.18234,-42.907635,-42.485245,-42.464058,-44.204037,-45.99273,-48.24742,-50.193813,-51.46518,-51.044765,-50.15773,-47.32739,-46.290863,-46.495316,-48.3507,-48.895298,-50.618813,-51.455833,-52.5688,-53.57185,-51.9354,-50.75135,-48.346264,-46.548733,-47.78355,-48.971874,-48.768223,-50.040688,-49.142418,-48.513622,-47.655746,-48.011974,-48.1467,-49.015568,-49.45178,-52.706673,-59.972034,-72.86196,-79.11754,0
-175.06346,90.33299,-11.622403,-7.9438963,-31.781183,-19.183907,-24.660805,-22.064539,-1.7072035,-13.132597,-20.149288,-6.3032694,3.559888,-70.47019,-62.327843,-61.18733,-58.092514,-47.980045,-44.6953,-41.679615,-43.859753,-43.180424,-40.48953,-38.44617,-36.741352,-34.302723,-33.79499,-35.438423,-37.567463,-38.717815,-36.4301,-33.683144,-32.38966,-31.369957,-31.543007,-31.937136,-33.777233,-36.182755,-37.404053,-38.157795,-38.026848,-37.772697,-35.797806,-36.916325,-39.059116,-40.80199,-40.434826,-40.16255,-40.004337,-40.547623,-41.095757,-41.772884,-40.93176,-41.953278,-43.42761,-44.27353,-45.1956,-47.737072,-47.98815,-48.0352,-48.425404,-48.307743,-47.51716,-47.645634,-49.209602,-49.039993,-48.37666,-50.081596,-51.58714,-52.297165,-51.329796,-51.381207,-50.101013,-48.79656,-47.899715,-47.73141,-46.28683,-45.679737,-47.039833,-48.396263,-48.009106,-48.073425,-50.100567,-51.918186,-53.579258,-56.59675,-57.90894,-56.91758,-58.098663,-56.705917,-56.028786,-56.493965,-58.092648,-62.537613,-61.071346,-57.906548,-56.619007,-56.374523,-54.349327,-49.593987,-49.048744,-50.322098,-51.088852,-50.88868,-52.370117,-54.473217,-54.257404,-55.65156,-56.36245,-56.50949,-57.100636,-59.235065,-59.27677,-58.967575,-59.2606,-59.06695,-59.408348,-60.10337,-59.290436,-59.259327,-56.794056,-56.777885,-57.256012,-57.97709,-62.61351,-65.95477,-67.566,-67.34395,-65.793236,-65.35905,-65.86316,-65.806206,-65.0793,-63.790478,-63.42326,-63.22412,-63.42165,-60.86584,-61.215706,-62.852463,-69.55882,0
-216.65031,81.66155,-9.848839,-0.34177688,-26.882526,-8.569223,-24.88928,-34.079544,-11.292791,-8.288098,-14.202279,-10.104621,-5.428304,-68.77919,-63.89043,-60.691216,-53.565926,-45.14002,-42.291958,-34.5893,-33.36189,-37.96984,-39.37817,-36.890938,-33.74089,-31.358624,-31.11922,-28.765673,-30.544706,-33.483845,-34.974472,-33.50199,-34.85097,-33.29886,-30.516562,-28.677588,-30.204487,-31.367535,-33.39322,-37.361702,-39.101444,-39.705708,-38.511818,-38.618546,-39.24611,-41.016933,-42.691525,-43.72726,-44.479027,-42.35939,-39.41137,-41.818714,-44.1309,-45.113937,-45.460213,-45.563587,-45.428577,-46.494247,-45.1138,-44.582005,-43.99308,-43.20048,-41.11464,-42.184967,-43.68141,-43.775913,-43.45821,-45.173416,-46.220314,-46.097416,-44.994514,-42.75753,-43.117867,-46.224964,-46.69585,-45.63306,-44.9966,-45.283043,-46.785507,-45.40156,-47.234108,-50.522278,-52.80258,-55.18991,-55.5951,-54.43451,-55.4697,-57.249245,-57.064323,-56.296837,-52.96518,-51.05648,-50.046047,-50.338627,-50.697533,-49.783638,-50.72033,-52.131172,-52.579296,-52.140514,-49.95629,-49.919518,-50.45339,-50.554966,-50.194637,-50.031796,-49.39093,-48.259865,-47.73825,-48.87059,-50.997257,-51.6188,-52.79673,-53.684196,-54.817085,-55.82103,-55.665836,-56.561764,-58.311256,-58.092983,-57.80369,-57.902325,-56.307686,-54.82247,-54.47363,-55.55877,-58.470882,-61.218758,-63.446587,-64.67465,-64.08299,-62.084145,-61.700306,-61.305626,-59.36662,-58.906822,-60.409775,-59.506363,-58.394665,-60.678123,-68.51958,0
-272.3967,74.016174,-7.9999876,-7.3761764,-26.867838,-26.492527,-18.263329,-17.872921,-10.98006,-22.631783,-6.2919,-7.038591,-3.0395346,-75.94536,-74.51963,-71.44417,-67.058075,-62.60499,-54.94108,-52.42061,-51.977524,-51.944668,-49.68779,-45.20243,-44.274513,-44.60505,-46.807125,-45.04416,-46.04105,-47.513165,-47.42127,-43.195152,-44.85445,-41.33937,-40.19203,-40.50979,-41.003693,-43.635464,-46.26335,-48.04208,-50.546417,-51.29143,-51.14864,-50.580147,-49.8236,-49.297005,-46.188927,-49.526215,-50.09341,-50.42872,-51.4207,-52.751907,-53.467403,-53.97615,-54.19712,-54.504562,-55.814774,-55.83704,-54.21777,-52.118057,-52.131638,-53.527004,-56.251938,-57.642517,-58.087887,-58.41389,-60.547997,-60.665157,-60.2297,-59.80174,-60.52489,-62.13586,-63.422718,-63.771816,-63.321236,-61.220173,-59.01288,-56.103325,-55.2058,-56.732697,-58.121834,-57.163788,-57.83216,-58.453674,-58.80741,-61.04758,-62.39455,-62.421535,-62.706833,-62.74403,-62.71456,-60.804142,-60.647457,-60.92043,-61.087925,-61.714672,-59.727833,-60.349293,-61.622932,-63.033405,-63.76388,-65.27956,-65.00691,-64.24294,-65.32776,-65.16729,-64.585556,-64.67693,-64.7057,-62.43283,-61.3504,-61.578716,-61.750797,-63.12079,-66.18998,-65.52882,-65.58612,-67.193,-67.20736,-67.08186,-66.789986,-66.47187,-67.89548,-70.25176,-71.185814,-70.98461,-72.85384,-73.09468,-73.00015,-71.596,-69.95593,-69.395294,-70.17793,-68.76079,-67.063034,-66.015915,-65.93576,-65.992744,-66.16699,-67.82903,-74.10401,0
-170.93689,94.39784,-8.834233,7.6768866,-16.109434,-2.8266919,-36.765457,-26.74409,-5.146045,-14.445411,-11.708369,-16.289402,-6.1977835,-61.39143,-60.38477,-57.43916,-52.135918,-35.47882,-26.24197,-25.22944,-32.484573,-37.881145,-37.304646,-31.02188,-26.037004,-22.547813,-22.07539,-24.457018,-28.392609,-31.532337,-31.666777,-30.320124,-29.07204,-29.455988,-29.33079,-29.970734,-32.34649,-34.79419,-32.71002,-32.00395,-33.18568,-34.379074,-36.64644,-37.849537,-40.118343,-39.65466,-38.430756,-39.22626,-40.367817,-42.560593,-42.458553,-41.02631,-41.940838,-43.217213,-43.945763,-44.32897,-45.62401,-46.175167,-46.127758,-46.54837,-44.55761,-43.60376,-43.447933,-41.569687,-40.288567,-41.770916,-41.193657,-40.718773,-40.62165,-40.122757,-40.692204,-41.845806,-41.217857,-40.742725,-41.85307,-43.57065,-42.0739,-41.740948,-42.442398,-41.25621,-43.3451,-44.392494,-45.494602,-46.710938,-48.61867,-48.593548,-49.102806,-51.577614,-53.625656,-54.760136,-53.217495,-53.487774,-53.068634,-51.885014,-52.838852,-51.490696,-51.365696,-51.767742,-50.77018,-51.384377,-51.071716,-51.54163,-52.067688,-52.05707,-51.743317,-51.160908,-49.8655,-48.611008,-47.807835,-47.880478,-48.552593,-49.251747,-50.740402,-51.205864,-53.10219,-54.1413,-53.940956,-52.69018,-53.082176,-52.642307,-50.622803,-50.521866,-51.360455,-53.79838,-56.204548,-59.14834,-60.884846,-61.938774,-64.03965,-64.81268,-63.3486,-63.576385,-64.43719,-64.90374,-62.834496,-60.4406,-58.97548,-57.379196,-56.687096,-59.189938,-68.61562,0
-219.888,38.026703,17.790726,20.521626,-25.81043,-25.816422,-34.87628,-28.625477,-14.450333,-4.8522773,-20.495718,-18.203691,2.1173553,-68.49538,-65.61043,-61.223465,-56.001083,-55.151527,-52.396687,-41.9534,-28.173016,-22.568647,-26.40323,-32.79692,-36.196293,-39.99971,-40.961613,-36.414986,-31.470566,-25.632795,-21.789328,-24.017405,-30.801765,-36.547234,-39.13433,-37.78169,-36.170486,-34.412678,-33.624287,-34.42427,-36.677967,-40.41903,-42.721382,-42.566944,-43.06168,-43.523228,-42.885006,-42.79937,-44.534874,-46.40738,-49.14572,-51.83844,-54.633186,-55.643925,-56.57737,-54.0997,-51.708523,-51.431858,-51.38693,-50.932606,-53.389473,-54.903587,-53.05059,-53.113598,-54.15361,-52.75335,-52.80309,-52.731434,-52.596706,-51.05871,-49.45817,-46.6194,-46.336784,-48.62951,-49.86428,-49.05177,-47.614407,-45.85013,-47.186283,-47.472443,-48.62121,-50.10876,-49.88349,-49.4577,-49.046192,-51.40267,-51.263935,-50.76571,-52.29645,-54.182285,-54.278244,-51.832176,-52.302197,-51.528343,-47.851067,-47.59988,-46.730793,-42.41873,-41.45099,-43.446613,-40.5315,-39.74892,-42.774544,-41.937904,-43.538273,-48.145298,-47.00345,-49.368706,-51.231876,-53.24081,-54.338276,-53.141697,-54.354267,-49.635162,-47.52551,-45.530296,-45.244186,-45.354702,-46.50629,-46.922,-45.992844,-44.490974,-46.24057,-47.273796,-50.483387,-54.52027,-54.543583,-55.65757,-54.73033,-55.782967,-53.3618,-52.59664,-53.242744,-53.553997,-54.197567,-54.160908,-53.909912,-51.27456,-48.902885,-51.871662,-62.38926,0
-133.62555,119.792046,-6.7152553,20.757313,5.4031386,6.874099,0.31217265,2.2764313,-8.45573,1.4429055,-13.363366,3.3035212,-5.842165,-35.476612,-32.919933,-28.278936,-13.920311,-12.772136,-23.907085,-26.870123,-22.02295,-18.877348,-21.483374,-23.842703,-25.242758,-24.173218,-24.704462,-25.301395,-28.38722,-28.17398,-27.419468,-27.265656,-29.701859,-29.9979,-28.89677,-30.868105,-31.918394,-33.61899,-32.73463,-32.301727,-33.330673,-34.105675,-33.167404,-34.35032,-34.96878,-35.58491,-37.2427,-34.816162,-32.432564,-32.676693,-35.221813,-34.683674,-32.306168,-32.67839,-36.130497,-37.25578,-34.27958,-33.59465,-36.348675,-38.02369,-35.80023,-35.180855,-36.30259,-37.071335,-34.873024,-37.088226,-39.473362,-39.843678,-39.965485,-39.422012,-39.486027,-39.268402,-38.943546,-38.637836,-38.91209,-39.114986,-38.995422,-39.39954,-39.63547,-39.887432,-39.888233,-40.158382,-41.58616,-41.53278,-42.226437,-41.75801,-42.862576,-44.03917,-45.79809,-45.621235,-46.094883,-45.13072,-44.734715,-43.319107,-42.929184,-42.62284,-43.832756,-44.66373,-45.453617,-46.219353,-47.932213,-48.265167,-47.425537,-47.591923,-48.864883,-49.796974,-50.066784,-51.191097,-50.61621,-49.56549,-49.22419,-49.46029,-50.310726,-53.005253,-54.85832,-56.438545,-56.2892,-55.856544,-55.740185,-56.680588,-56.378033,-55.02975,-55.253147,-54.850166,-54.652187,-53.210743,-52.228657,-52.58278,-53.57339,-54.400745,-55.625896,-56.93543,-56.94903,-57.3463,-58.25339,-58.707405,-58.977386,-59.0287,-59.675167,-63.646656,-75.59798,0
-145.41454,129.23111,14.878393,34.713448,5.0806727,9.547363,-19.59936,10.56314,-10.791361,-5.0748744,-7.7584724,5.253688,-4.315566,-28.081764,-33.259792,-25.464148,-11.345467,-13.5493,-28.6943,-28.303097,-18.115644,-16.468042,-22.99166,-24.06848,-23.782364,-24.455212,-25.866924,-23.88182,-24.199928,-25.414371,-25.796846,-22.885471,-22.333782,-27.397957,-31.599342,-32.70529,-30.672731,-32.44733,-34.592213,-35.211964,-34.810078,-35.54647,-37.035824,-38.619576,-38.79266,-39.11763,-39.888813,-40.16525,-39.907486,-39.280598,-39.968773,-41.15978,-39.93293,-39.458,-40.671806,-41.68825,-41.209026,-40.54846,-42.15427,-43.92653,-43.85083,-42.849777,-44.647194,-46.5077,-45.551216,-45.02605,-46.521,-45.6381,-44.446793,-45.0447,-44.799328,-44.354366,-43.328217,-44.25052,-43.875645,-43.260197,-43.772198,-43.146904,-44.01487,-45.95145,-46.417027,-46.398506,-46.124332,-45.499596,-45.41637,-43.684856,-42.27516,-42.430237,-42.436634,-43.712578,-45.721516,-47.16265,-50.33272,-53.493885,-53.863445,-55.10535,-55.715107,-55.395023,-55.802364,-55.92205,-54.544994,-53.146263,-50.79242,-49.924465,-49.95956,-50.033546,-51.07391,-52.941124,-55.31745,-56.84483,-57.32445,-56.76057,-54.933445,-53.465694,-53.008835,-52.2605,-52.0523,-53.584396,-55.740135,-56.278725,-55.406227,-54.240807,-52.246536,-51.44557,-52.204792,-53.311333,-55.67498,-57.687614,-58.575325,-59.38002,-60.683422,-61.845642,-62.467743,-63.52923,-64.67694,-64.754776,-64.620766,-65.57951,-66.43137,-70.215645,-76.631676,0
-134.748,85.0982,-3.7429676,20.081676,-4.531116,-21.649347,-30.184147,-11.578311,-24.050344,-12.674151,-10.332186,-4.265718,-9.383588,-57.90599,-52.36926,-48.527496,-46.139927,-35.36862,-33.183693,-31.407362,-31.192984,-33.982563,-34.191635,-32.4319,-30.250368,-28.333294,-27.326817,-24.955193,-22.921568,-21.717068,-24.620758,-26.420923,-27.463785,-28.09645,-29.49104,-30.454815,-31.182793,-32.578613,-34.73188,-36.649532,-37.654087,-36.621387,-37.82777,-41.073128,-40.14393,-40.085705,-42.751232,-44.547897,-45.241615,-43.287926,-41.61911,-42.03575,-42.455265,-44.15144,-45.302303,-46.31717,-46.114002,-46.915977,-46.71323,-43.84995,-43.760387,-44.03927,-44.114273,-44.98496,-46.56042,-46.030407,-45.780033,-44.99849,-44.92855,-45.619305,-44.937878,-45.153927,-44.12832,-44.707474,-45.088787,-44.40192,-43.738323,-43.240692,-42.402477,-43.303783,-42.340717,-41.4448,-42.282536,-41.426876,-42.591442,-43.26121,-45.30683,-45.384724,-44.582767,-44.76151,-44.380196,-43.385242,-43.13909,-43.7334,-44.80472,-46.6476,-47.6863,-47.977577,-46.66216,-47.295372,-49.50689,-50.7545,-52.026966,-51.97437,-54.642986,-57.041237,-57.615005,-56.66851,-55.848454,-52.790997,-49.622215,-47.927254,-47.828922,-48.022858,-49.421333,-50.954254,-51.933853,-54.361626,-55.605732,-57.38988,-57.628555,-56.899868,-56.619343,-57.133347,-55.765106,-53.5034,-52.04084,-53.576477,-55.644733,-55.74877,-54.05189,-52.708015,-52.356514,-53.77259,-56.830063,-57.800694,-59.906643,-60.725204,-60.77948,-63.79864,-72.53538,0
-179.14597,79.49089,-2.4795966,-16.672224,-22.660242,-13.442676,-25.370363,-27.114815,-2.1161158,-8.435587,-15.745565,-8.484983,5.238146,-68.63039,-56.643127,-55.67973,-54.939865,-48.034748,-47.275764,-41.17729,-37.023174,-35.43653,-30.916811,-29.74944,-34.506516,-38.891285,-37.885094,-33.68984,-34.621037,-36.393406,-35.853302,-34.02226,-34.683292,-28.315939,-24.02592,-25.167957,-31.470287,-35.789097,-37.49491,-37.17412,-36.9195,-35.575474,-33.32426,-33.185703,-35.270966,-36.417744,-38.665424,-42.10483,-41.296146,-40.36153,-40.91748,-43.665565,-43.958282,-43.594173,-43.873013,-43.327404,-37.987587,-36.693985,-40.16292,-43.99414,-47.696594,-48.613544,-47.212677,-43.177254,-44.193966,-43.162266,-42.698277,-46.786873,-48.45178,-46.451916,-45.206158,-43.64813,-44.89976,-43.801777,-43.413944,-47.196964,-46.40346,-44.390434,-43.13188,-42.87106,-44.328613,-47.94451,-47.214462,-48.847664,-54.75301,-55.69673,-57.489685,-59.769634,-59.147034,-58.655838,-57.60755,-56.402252,-55.921883,-57.642662,-55.4995,-52.31098,-51.198456,-50.67445,-50.444855,-51.65483,-50.073925,-51.384827,-49.086,-50.48161,-52.65493,-52.685524,-53.815723,-53.25155,-53.652836,-52.473103,-54.49373,-54.412205,-55.463345,-55.073547,-54.359165,-55.474453,-52.582718,-52.5346,-53.20458,-54.62525,-56.446552,-54.32565,-55.024418,-55.616856,-55.730717,-57.801823,-58.46928,-58.965908,-59.716583,-61.10519,-61.41667,-60.48155,-58.477432,-57.52858,-55.76488,-54.67924,-53.247078,-52.468746,-52.768444,-56.104733,-65.06377,0
-223.6659,78.64625,24.283026,-1.4997387,-48.160706,-9.33135,-26.683746,-34.004562,5.485296,-15.645224,-26.68393,-1.2686874,-10.32742,-70.73434,-68.94252,-60.137787,-58.647438,-51.98553,-45.85325,-36.5619,-32.80138,-34.91242,-35.439995,-37.16708,-38.46403,-37.579277,-38.091576,-33.00981,-32.434593,-34.8792,-36.263145,-32.306435,-30.64565,-30.508335,-30.31824,-31.739744,-34.5443,-37.691685,-40.69334,-42.527138,-41.654644,-38.48447,-36.289425,-36.106377,-37.79234,-38.492725,-40.657806,-43.3747,-43.590183,-43.351025,-43.687107,-45.63947,-47.118587,-48.84268,-50.290398,-49.843334,-49.21102,-50.240017,-50.86455,-53.50574,-54.047695,-53.904613,-53.073505,-51.684406,-50.864437,-54.421036,-57.113045,-57.914845,-57.40441,-56.54863,-55.41144,-55.438255,-55.193222,-53.14738,-52.975864,-54.043247,-54.868195,-54.89274,-54.42583,-55.149235,-57.352627,-57.235992,-58.36826,-59.930515,-61.780945,-61.042427,-61.55813,-64.19515,-66.31801,-65.28478,-63.869427,-64.66129,-64.42966,-63.765244,-63.801323,-63.071564,-62.215168,-61.72681,-59.382477,-57.818024,-54.725983,-51.321064,-49.223595,-46.550488,-45.03055,-44.091873,-44.78582,-45.53765,-46.078266,-48.375683,-50.435863,-53.817795,-55.57429,-55.771545,-56.998234,-58.303196,-59.045975,-58.186615,-56.93306,-57.880207,-59.524452,-60.124565,-57.915947,-55.17542,-55.662685,-59.10939,-61.6019,-64.18584,-63.526787,-63.027157,-63.242508,-63.566208,-63.196903,-62.785892,-62.89401,-61.49523,-60.837364,-60.203278,-58.957146,-60.62906,-68.669876,0
-171.23987,56.98236,4.7473397,19.205519,-33.57522,-30.48258,-27.945322,-14.902253,-7.7342463,-26.068947,-4.971539,-12.670676,1.9829649,-66.25105,-64.68643,-60.53218,-55.410572,-45.223415,-38.09234,-35.00782,-36.69769,-36.229565,-32.937164,-31.44479,-32.45364,-31.523832,-29.642824,-31.368027,-36.13304,-36.539738,-32.767147,-29.610554,-28.318115,-26.100323,-27.65251,-30.538359,-32.78661,-34.814003,-34.902267,-34.420746,-33.601353,-34.147778,-35.03482,-36.61159,-38.690098,-40.873207,-41.895653,-42.401127,-41.915817,-43.65656,-43.431385,-45.435352,-47.314507,-45.526905,-43.337334,-44.48495,-47.052143,-46.270916,-47.654713,-47.05428,-47.19301,-48.35719,-49.91926,-52.235424,-53.91484,-55.18704,-56.351597,-53.48372,-52.03523,-51.49197,-50.38459,-49.337116,-51.14787,-50.624912,-50.533623,-51.346207,-48.050613,-46.89,-47.383167,-44.83378,-42.816956,-43.86081,-45.11058,-43.79592,-43.241184,-44.699234,-45.718956,-47.163284,-46.631557,-46.57473,-47.607616,-47.774857,-48.285873,-48.24912,-49.14942,-48.159573,-45.70418,-44.825714,-44.326252,-44.434097,-43.96045,-46.582127,-48.44566,-48.224434,-49.627815,-49.067913,-48.40904,-48.1735,-47.356953,-47.281605,-48.284153,-48.144787,-46.837955,-44.923412,-45.173492,-46.357243,-47.02169,-46.157097,-48.223457,-49.069218,-49.020615,-48.237064,-50.48042,-52.258663,-54.334446,-57.68501,-59.660816,-61.655437,-62.590366,-61.568752,-59.661045,-57.76971,-57.485764,-57.82614,-56.027077,-54.038994,-53.16816,-52.410614,-50.161884,-52.255802,-62.146996,0
-194.2905,76.27724,-18.096521,-14.950728,-24.427952,-28.155472,-34.78905,-8.967853,-9.024214,-18.877956,-5.0200515,-14.616302,-1.6905874,-73.44121,-62.760715,-60.83466,-58.583683,-53.405872,-52.10238,-49.33291,-47.34252,-43.41476,-36.81454,-33.291786,-34.17609,-34.90111,-36.198616,-39.109726,-41.22966,-40.388218,-37.848625,-35.459713,-32.21839,-29.974007,-30.149487,-32.841347,-34.83139,-33.80989,-32.031075,-32.297836,-34.635086,-36.787006,-37.690586,-37.464912,-37.806286,-38.7621,-39.841167,-41.672073,-41.81851,-42.204857,-41.57937,-40.425716,-40.134045,-39.89578,-38.678677,-41.597507,-43.553978,-45.431263,-47.75392,-49.263374,-49.1996,-47.488045,-48.394485,-47.73746,-46.758644,-47.4461,-48.88228,-49.361202,-50.39184,-50.20933,-48.82471,-46.21785,-44.408215,-44.361973,-43.85012,-45.606026,-47.282967,-47.264736,-45.26951,-44.597958,-45.376637,-45.265526,-46.44256,-46.763893,-48.471123,-52.140118,-51.544304,-50.73001,-49.20611,-48.257996,-49.941208,-51.100273,-52.04727,-52.39727,-51.91287,-51.187912,-50.94087,-52.733658,-55.456142,-55.39409,-56.538704,-58.65334,-60.109394,-59.578663,-60.445454,-60.94065,-59.497387,-57.32607,-56.418613,-54.304615,-53.889477,-54.156216,-54.760643,-54.443844,-53.451374,-51.296757,-52.21252,-51.75439,-51.690033,-52.970234,-54.427696,-57.200912,-60.613853,-64.50481,-63.925133,-62.31911,-62.187317,-60.569134,-59.758076,-59.192955,-57.86844,-57.586815,-58.95143,-60.08964,-61.26386,-63.43485,-60.990395,-59.197056,-58.143314,-59.529392,-66.14512,0
-152.48494,110.812805,-35.922424,4.34906,-13.826113,-7.8407526,-22.468658,-19.681696,-9.720495,-8.51838,-13.8115225,-1.8247051,-13.135199,-53.816013,-52.562935,-50.68681,-48.296486,-45.535725,-40.18254,-27.647825,-22.692343,-26.697899,-34.172607,-35.80231,-35.454967,-36.184536,-30.216658,-24.626057,-24.822802,-26.566425,-29.050724,-32.63431,-32.805656,-27.485664,-24.546005,-26.612148,-31.149496,-33.60898,-33.4765,-34.278004,-35.059547,-35.3643,-34.036522,-35.00024,-35.187527,-36.428112,-35.545063,-33.3012,-34.859795,-36.03759,-37.877373,-38.44595,-40.16772,-41.07964,-38.95891,-36.941643,-34.025925,-36.0045,-40.305336,-40.07271,-40.51766,-41.202286,-39.225513,-35.570557,-36.354424,-36.10992,-37.417652,-37.761852,-36.980408,-36.370903,-37.90965,-39.11846,-40.882526,-37.109406,-36.48026,-40.73298,-42.576073,-41.215286,-38.70448,-41.16644,-41.35222,-40.023525,-40.31578,-42.24481,-43.6644,-45.676888,-45.266605,-46.1295,-46.795506,-46.57902,-47.614815,-48.418686,-47.271442,-48.20257,-49.22555,-47.945576,-49.74623,-48.05513,-48.5656,-50.292343,-50.317093,-51.804703,-51.03459,-50.923332,-49.120316,-48.829433,-50.007107,-49.7847,-50.761444,-50.861626,-50.83963,-50.815987,-52.286556,-53.851048,-54.67363,-57.009403,-58.69886,-60.24629,-60.444717,-60.056736,-61.142773,-60.582222,-59.82013,-59.683277,-60.831604,-60.33181,-59.866306,-59.63734,-59.806293,-60.871475,-61.643635,-62.038082,-63.152,-63.709923,-63.899643,-63.520306,-63.504204,-63.518127,-65.74054,-67.83784,-74.694595,0
-183.4046,93.98947,-60.299244,71.37426,-28.51147,-49.418358,-28.247995,-35.977722,-31.863468,-6.2307177,-31.330236,-7.796511,-9.330668,-79.65279,-79.40106,-74.39617,-64.209946,-48.827133,-36.809296,-35.26551,-36.04228,-36.840275,-36.01038,-31.93897,-32.47938,-34.07115,-32.619072,-29.926912,-28.539331,-29.609528,-29.706053,-29.40872,-29.451508,-27.741577,-28.555466,-33.232395,-38.62073,-41.67764,-38.850887,-36.343956,-37.60452,-41.131447,-42.013073,-43.654926,-46.308353,-49.96932,-51.12992,-51.981686,-52.590157,-51.41488,-49.606365,-49.02182,-51.71725,-55.23281,-55.414387,-54.385628,-54.640404,-55.145416,-52.112953,-50.65127,-53.567184,-56.681828,-53.196255,-53.31007,-55.01547,-52.87626,-51.290665,-49.82239,-50.28066,-48.801342,-47.647858,-49.255253,-50.087738,-47.298508,-43.762005,-44.74666,-45.847008,-46.04622,-44.746605,-41.541733,-41.856503,-42.348263,-42.18582,-41.08371,-39.34525,-40.515057,-42.84424,-43.879143,-44.411076,-43.35323,-40.999775,-39.808304,-39.32514,-37.598812,-35.981655,-36.106716,-36.49609,-37.72332,-39.55837,-40.54253,-40.51596,-41.123672,-41.45546,-41.991173,-42.562656,-43.80492,-45.042038,-46.98727,-50.806602,-51.98586,-56.357166,-60.93678,-66.16485,-68.11681,-71.50885,-71.94675,-69.78799,-67.287834,-63.953766,-62.89193,-63.680824,-65.89499,-66.950165,-67.74414,-68.54964,-68.76474,-69.85904,-70.60561,-70.69659,-72.08566,-73.35944,-75.20144,-77.52096,-78.476715,-78.88396,-78.89387,-79.24959,-79.70847,-79.811104,-79.83508,-79.838356,0
-133.74445,113.607285,-11.51107,49.43645,-4.2527537,-0.6952558,11.739306,-6.840216,0.58134866,-1.6383665,-10.284485,0.41916698,-1.6372392,-24.106857,-34.77326,-38.41936,-31.296976,-17.696972,-17.348658,-30.109999,-36.635227,-33.53984,-26.543379,-23.295223,-26.501095,-31.939863,-34.608078,-32.4077,-29.584732,-30.229774,-32.06979,-32.6983,-33.093098,-34.484707,-36.866085,-40.053474,-39.703255,-38.53385,-37.550945,-38.261543,-40.868706,-41.60747,-40.46916,-39.52206,-39.41162,-41.81081,-43.682034,-42.577644,-41.398174,-39.823517,-41.887157,-43.379898,-42.52861,-41.53514,-40.9086,-41.20466,-41.97902,-43.633152,-44.621952,-44.912426,-45.659985,-46.011356,-46.660484,-47.783195,-48.09445,-46.778465,-47.51043,-47.800446,-47.0758,-45.830296,-45.72855,-46.167614,-45.67301,-45.535515,-45.68097,-45.687927,-45.279068,-46.044632,-46.548946,-46.38428,-46.58462,-46.13378,-47.564255,-46.900227,-46.56073,-48.11074,-47.46861,-47.16808,-46.752457,-46.054245,-46.295013,-45.354156,-44.427536,-42.991154,-43.501705,-43.77513,-44.605206,-44.897392,-45.622257,-46.3497,-46.511154,-46.591564,-46.624752,-46.221767,-45.309444,-46.6225,-47.43319,-48.596474,-49.471893,-50.0609,-51.499474,-53.370014,-55.84141,-58.28566,-58.953636,-59.526764,-58.83723,-59.34829,-60.83177,-63.890625,-66.21328,-64.6741,-62.882084,-62.829716,-64.52843,-65.394,-65.564705,-65.09702,-65.29145,-65.853134,-65.08759,-63.566456,-63.6962,-65.44926,-66.57157,-65.78762,-66.178604,-67.83031,-68.306274,-69.44003,-69.584236,0
-190.6884,94.010864,8.866161,-14.332657,-19.833576,-23.458075,-27.605957,-23.83582,0.25584093,-20.977224,-9.796313,-9.09562,-7.6231337,-67.968636,-59.90228,-58.471054,-55.35094,-46.79279,-42.243465,-35.5831,-31.675455,-32.76961,-34.99614,-36.575375,-37.15205,-32.40663,-29.676012,-30.434834,-32.656624,-33.771072,-34.21165,-32.460533,-28.93064,-27.807316,-28.363045,-30.357439,-32.331127,-34.31318,-34.08017,-32.244072,-31.243435,-34.387722,-38.316463,-38.52371,-38.37124,-39.32121,-38.531788,-39.469433,-40.38569,-40.69364,-41.8809,-42.384422,-41.82293,-42.90086,-43.820335,-45.74591,-46.601437,-45.89389,-47.22926,-46.338665,-47.319756,-48.411488,-49.859436,-49.702255,-49.949593,-49.681484,-47.516262,-49.445602,-50.117847,-50.160458,-48.834812,-48.819984,-48.381493,-47.72548,-46.799747,-46.947433,-48.8455,-50.85288,-49.97552,-49.236786,-49.730396,-49.52292,-51.03974,-52.02323,-52.684483,-53.62016,-54.72325,-55.23932,-54.85024,-55.568172,-55.85906,-56.229378,-58.576748,-59.58869,-59.837254,-60.3033,-59.00507,-57.699852,-56.68839,-57.638824,-57.340603,-56.907944,-58.50293,-58.077,-56.933937,-56.74615,-56.30334,-55.990665,-54.4245,-53.978073,-54.664543,-54.270935,-54.164623,-54.134686,-54.492794,-55.968517,-57.318546,-58.87902,-60.192177,-61.41374,-60.718166,-61.13443,-62.555424,-60.940983,-60.775417,-60.997578,-61.4314,-61.25078,-61.09539,-61.071373,-61.361855,-61.81813,-61.4434,-61.31523,-59.69007,-56.854584,-54.1501,-53.055202,-52.928383,-55.810616,-64.25193,0
-138.0918,104.75375,-7.0784574,29.287407,7.745049,4.6729894,-17.21785,-16.725992,-12.632894,6.7615232,-11.538549,1.7386812,-9.039555,-40.580013,-41.090256,-31.163328,-17.12022,-18.372713,-29.84265,-26.660894,-18.491922,-18.081072,-25.587961,-27.160822,-24.93529,-24.745071,-26.852634,-25.335678,-24.578112,-24.166765,-24.697243,-24.108366,-24.925724,-25.559765,-25.629414,-25.15826,-27.500008,-32.29497,-33.756607,-32.26943,-32.187344,-35.67237,-37.79134,-37.53161,-38.085518,-39.403015,-40.279655,-39.32765,-39.88702,-40.629715,-40.558285,-39.990017,-40.430817,-41.078773,-40.38969,-39.35046,-38.01725,-38.17724,-39.320824,-40.294136,-40.904552,-40.969563,-39.242847,-38.45961,-37.014633,-36.849678,-36.86583,-35.370613,-35.10777,-34.450253,-32.390537,-33.051754,-34.796776,-35.419994,-36.46835,-38.638783,-37.088055,-36.992683,-37.3096,-37.571583,-40.042583,-41.06409,-43.016003,-44.401073,-44.990807,-45.421368,-45.42097,-44.986595,-43.936504,-43.03872,-41.642956,-41.05382,-40.979286,-40.89953,-41.865265,-42.465412,-43.999706,-45.044888,-45.491894,-45.312096,-45.441208,-44.65238,-45.975117,-45.972664,-46.050632,-46.281105,-48.04504,-48.69379,-49.048805,-48.516953,-47.712063,-47.028744,-46.777943,-48.09427,-49.242744,-51.19917,-52.97956,-52.980694,-52.59529,-55.66269,-56.618515,-55.282734,-55.664585,-55.545357,-53.532177,-53.394398,-53.546886,-54.14144,-54.241833,-53.266827,-51.786568,-51.106647,-50.86973,-50.90814,-51.539623,-51.871223,-53.059845,-57.05291,-64.227325,-75.133354,-78.995514,0
-69.773384,103.36665,9.527737,-1.2939402,3.4130518,10.562846,-3.2341473,-3.672306,1.1425719,4.849389,-6.387194,2.9128463,-6.9608316,-31.184593,-29.705378,-29.406652,-27.41123,-18.670567,-13.378536,-23.039698,-31.804422,-33.594566,-30.155874,-25.491024,-23.534765,-27.1545,-32.44907,-29.703806,-27.996668,-24.666317,-23.211367,-26.336187,-32.0183,-34.202618,-32.30797,-30.590952,-30.743568,-34.52579,-34.85439,-34.109352,-31.836681,-26.949558,-26.1456,-30.726349,-35.35313,-36.52126,-38.151226,-31.725271,-28.984047,-32.63278,-34.836105,-35.66547,-36.22936,-34.21966,-33.45282,-36.07895,-38.120758,-39.458916,-40.246086,-37.06709,-35.896828,-33.803646,-33.36907,-37.84685,-35.160786,-36.311428,-36.503166,-37.66902,-36.290028,-35.650787,-37.827797,-38.794548,-38.524174,-39.454525,-41.15554,-42.34836,-42.620747,-41.44144,-41.052044,-41.228214,-43.07271,-44.263435,-44.74405,-45.351036,-45.244957,-47.178917,-48.071587,-47.256485,-46.563416,-48.20439,-47.205807,-47.51108,-49.321335,-50.58722,-51.53908,-50.949894,-50.996445,-51.00952,-49.775814,-49.509796,-48.167664,-48.513348,-47.592865,-47.347267,-47.332073,-46.75898,-47.014034,-47.595474,-48.68942,-49.072502,-49.975285,-51.637882,-51.830963,-52.79018,-52.961617,-52.52876,-51.55003,-52.21176,-53.02335,-51.929573,-50.63235,-49.837296,-49.24362,-50.465004,-51.33132,-51.220856,-51.73803,-51.64574,-51.26301,-51.595474,-51.603054,-51.5051,-51.85671,-51.681374,-52.31925,-52.34341,-52.327908,-51.698425,-51.64987,-54.57127,-65.53539,0
-259.5805,86.7801,-2.573638,-3.9233754,-33.390553,-26.555141,-25.279129,-19.244709,-4.453339,-16.565945,-8.615656,-12.643767,-1.9337438,-73.54402,-69.53315,-67.0469,-59.85382,-58.209652,-53.682438,-48.7709,-40.89848,-39.672585,-38.572277,-38.221878,-42.81738,-45.635647,-46.0452,-42.571617,-39.475716,-37.443398,-37.56369,-37.904633,-37.766655,-35.260193,-37.226974,-38.880875,-37.94172,-37.146626,-38.584908,-41.649586,-42.949688,-42.244663,-41.064358,-41.760082,-41.54684,-40.6943,-41.20453,-44.865665,-47.05933,-47.78345,-49.4436,-52.279194,-51.44015,-48.978714,-47.151615,-49.142807,-50.488163,-52.440914,-54.299763,-54.93084,-55.340702,-54.17371,-53.376617,-52.472614,-55.54644,-57.903538,-59.349533,-58.25235,-56.87497,-56.330376,-56.841,-58.06714,-57.752617,-54.65077,-53.894695,-54.841072,-56.447514,-54.754402,-52.918602,-54.036457,-55.149185,-56.778202,-56.457695,-58.23876,-60.625275,-60.410244,-59.483513,-59.219406,-59.64605,-59.311802,-59.199867,-59.599922,-60.33992,-59.202698,-59.224674,-59.8268,-58.88221,-59.163116,-60.310677,-58.514668,-58.64312,-60.507866,-60.03972,-60.73518,-60.811012,-60.205364,-60.49596,-60.078888,-60.346027,-59.82119,-60.817715,-59.64435,-60.64529,-59.842686,-60.265633,-60.716747,-61.726875,-62.413166,-63.28477,-64.36513,-64.21233,-64.68976,-64.495674,-65.345955,-66.01057,-67.76868,-68.79271,-69.769646,-69.98058,-69.52067,-69.76738,-69.60258,-70.1591,-70.13761,-69.46945,-68.11999,-65.79019,-63.7899,-61.87127,-63.40268,-71.140945,0
-221.97792,60.443592,-33.966793,45.941315,-31.68797,17.860865,-37.962696,4.940654,-13.832185,-2.4535847,-10.437418,-1.1069137,-0.8732565,-51.94169,-47.654114,-48.365288,-50.086666,-48.94156,-42.618225,-34.261578,-29.902346,-31.687706,-36.271694,-41.338844,-43.25241,-39.320034,-36.545486,-37.926193,-38.80477,-35.650143,-35.89572,-37.771297,-36.86645,-35.326817,-36.469414,-39.37489,-41.352642,-40.80982,-38.444115,-37.7944,-39.959934,-44.32257,-45.285355,-44.39368,-45.034973,-45.151478,-43.61095,-42.924297,-43.96884,-46.075253,-47.370857,-48.439728,-46.63382,-44.748116,-44.611855,-45.505512,-45.111027,-46.07662,-47.069992,-46.763763,-47.1686,-46.525974,-45.68749,-44.69009,-44.796406,-45.678684,-46.2441,-45.98534,-46.14007,-45.36422,-44.534767,-44.853333,-45.023426,-44.486134,-43.0832,-41.908424,-40.28025,-40.387432,-41.999706,-41.228096,-39.83365,-40.353462,-41.48928,-42.972557,-44.18001,-44.877132,-45.503063,-45.1572,-45.75896,-47.24478,-46.39421,-46.12867,-45.039093,-44.64122,-45.038692,-44.32238,-43.973454,-43.809597,-43.941154,-44.57803,-44.625355,-44.553448,-45.354465,-47.30577,-46.04484,-46.24519,-46.287357,-46.21276,-44.554173,-44.149426,-43.646175,-42.315224,-42.605396,-43.427353,-43.831604,-43.9672,-44.273697,-43.61551,-44.522808,-45.148933,-46.37728,-47.80806,-48.51733,-50.328545,-52.91184,-54.792725,-56.618637,-56.89186,-58.017254,-58.91411,-60.839428,-63.701324,-65.8691,-67.45659,-69.35688,-72.08759,-74.39076,-77.59272,-78.9296,-79.42562,-79.426575,0
-179.2801,72.575485,-6.268104,8.488812,-20.97977,-22.892916,-31.25436,-13.537736,-0.25452527,-22.958086,-10.755188,-2.6114316,-2.240554,-63.543232,-59.198124,-56.73003,-49.640163,-44.231915,-36.72466,-33.836597,-32.26192,-31.984371,-34.585445,-36.16679,-34.729618,-33.501682,-32.48163,-31.034662,-33.298317,-33.766052,-29.5494,-27.256977,-29.17078,-29.904697,-28.887396,-28.868153,-30.940577,-33.10456,-33.181927,-33.963593,-34.122852,-34.810646,-35.906082,-35.744656,-37.36146,-39.279984,-40.56765,-41.758125,-40.00784,-37.828476,-37.288532,-40.17939,-43.550957,-44.976936,-45.49168,-46.470184,-43.87026,-41.708607,-41.321354,-42.536545,-44.804867,-48.72167,-49.39691,-49.988308,-49.636627,-48.102867,-47.047756,-45.977055,-47.932003,-49.425186,-48.10224,-46.102512,-45.623596,-46.25774,-44.9809,-43.485325,-43.31557,-42.919502,-41.285038,-39.23255,-41.189182,-41.524693,-39.736065,-40.254276,-41.53279,-43.85317,-44.484566,-45.605934,-47.2419,-49.08016,-50.773975,-51.32835,-50.452213,-49.91073,-50.098194,-50.059265,-51.114594,-51.4957,-50.538414,-50.210175,-49.34714,-49.012653,-49.175285,-49.19071,-49.058147,-48.268044,-47.559757,-47.033005,-46.905785,-47.784973,-48.803898,-48.223698,-47.44076,-49.017704,-50.476395,-51.126156,-51.656013,-51.812748,-53.2564,-52.852116,-53.145542,-53.841843,-53.166363,-52.72828,-52.64275,-54.25077,-56.87502,-58.675854,-58.762318,-58.450706,-59.06624,-59.678223,-60.364445,-60.748016,-60.810375,-58.808876,-55.531136,-53.37869,-51.533356,-52.19232,-61.655766,0
-173.60951,44.83617,6.322388,2.0878057,-5.3659816,-7.8123875,-20.334982,-15.023921,-2.3611088,-16.623922,-33.0025,-15.7992,-7.3217306,-78.83905,-75.88338,-61.26841,-35.591328,-21.897049,-24.320608,-32.623875,-36.80623,-31.344715,-25.17988,-26.252213,-32.02449,-32.718193,-32.8481,-33.180676,-37.02153,-39.18331,-35.27155,-33.05993,-33.19708,-35.6547,-36.27847,-36.226284,-35.49993,-37.249172,-40.388596,-45.001244,-44.390987,-42.14559,-40.62393,-41.91271,-43.635155,-43.583992,-41.171196,-40.945908,-39.944374,-39.594353,-39.944927,-38.90827,-38.364113,-38.32977,-39.1616,-40.305313,-42.66689,-44.53405,-45.802475,-48.59606,-53.74369,-53.662895,-47.749435,-46.522884,-47.501625,-47.576775,-45.80493,-46.033165,-47.253105,-45.396847,-42.855526,-40.45319,-40.061527,-38.313454,-40.83575,-40.491245,-40.582115,-40.490887,-42.43035,-41.942207,-44.034767,-45.770107,-44.06954,-42.357883,-44.92445,-45.669907,-48.60269,-47.842552,-47.618687,-53.450623,-53.604282,-59.82903,-52.89063,-46.840076,-47.435547,-48.39494,-46.956837,-46.63853,-44.637905,-49.476242,-48.37725,-44.295727,-43.207222,-43.634995,-43.65094,-46.477272,-48.258183,-47.81592,-48.21002,-51.34988,-53.292484,-52.487667,-47.60422,-48.01704,-46.408028,-42.147587,-43.253212,-43.100704,-43.69315,-44.906765,-49.08167,-52.37079,-53.10907,-56.83888,-57.64085,-54.327328,-49.931667,-52.520298,-50.43644,-48.68236,-47.078205,-43.312263,-44.605183,-43.51272,-42.63366,-43.938766,-46.263332,-42.787373,-44.802917,-57.321583,-78.50758,0
-184.144,137.6675,-11.069508,14.962772,-6.4449525,-15.94471,-41.564754,-0.05023379,-15.725903,-1.2896127,-6.7793193,-12.276579,-5.462757,-53.10656,-51.21428,-48.883934,-42.635933,-32.930046,-23.800907,-25.642515,-32.608185,-34.438004,-32.34551,-29.034891,-26.62658,-25.774664,-27.791876,-28.948935,-28.067335,-27.705753,-27.592356,-24.4368,-24.967806,-29.115873,-31.997805,-30.284582,-28.434351,-26.737148,-28.144524,-31.383305,-34.970913,-34.874107,-34.348904,-32.640335,-32.968216,-35.561806,-38.87579,-41.572346,-42.741745,-41.54632,-40.643074,-39.8333,-41.691536,-44.46278,-46.44406,-49.384365,-48.20263,-47.02966,-46.77472,-46.430317,-47.89992,-47.641933,-47.45981,-46.863064,-46.90224,-47.0489,-44.646965,-43.36197,-44.924732,-46.916054,-44.449604,-42.473118,-43.288807,-45.07453,-44.44441,-42.4525,-42.49898,-43.905327,-45.41265,-44.792835,-46.04021,-46.85293,-45.50239,-47.12098,-48.32622,-47.528667,-48.553562,-49.50909,-49.440723,-48.971996,-49.988956,-49.413723,-50.6652,-52.07468,-52.402687,-53.71312,-55.705505,-57.093235,-57.77047,-58.488655,-58.707275,-58.920506,-59.84524,-60.569786,-62.370316,-63.658215,-63.295975,-63.219162,-61.837646,-60.949173,-60.506504,-61.030235,-61.21199,-61.794674,-62.390335,-61.99433,-60.26926,-59.316902,-58.617058,-57.787525,-56.38714,-55.168785,-57.39386,-60.72833,-63.235992,-64.52868,-65.16906,-65.627304,-65.31804,-64.50072,-65.110886,-67.9528,-70.95344,-70.926704,-70.35279,-70.88764,-71.581375,-72.44302,-73.739174,-74.977844,-77.83203,0
-282.19232,66.92364,-11.225488,5.676958,-36.012783,-23.321957,-22.593662,-20.675951,-7.349303,-17.676804,-16.558819,-5.5715456,0.5621776,-73.85042,-72.90062,-69.33183,-59.651096,-59.99355,-54.182243,-46.845047,-44.83965,-43.646584,-44.574196,-48.414906,-47.39023,-45.629845,-40.458427,-40.442192,-43.693813,-42.863804,-38.61669,-36.422832,-36.28047,-35.48712,-36.005424,-39.127007,-43.624115,-47.034157,-45.258873,-42.90804,-40.782192,-41.38134,-44.492256,-48.736412,-50.911957,-49.28679,-48.587784,-46.750996,-44.48433,-43.115726,-44.67759,-48.595486,-52.793903,-54.602135,-53.086967,-50.083874,-49.873276,-49.614628,-48.77542,-50.298424,-53.86275,-55.47984,-59.056984,-60.481693,-59.353767,-58.679665,-54.180878,-51.742085,-55.446083,-59.894634,-60.35952,-57.40022,-53.338173,-52.78498,-55.868626,-55.680103,-55.152832,-54.02316,-52.22666,-52.889412,-52.297935,-52.110058,-55.21319,-55.863705,-56.71039,-58.327293,-58.801735,-56.732533,-57.307415,-58.143925,-57.887753,-57.460194,-57.283688,-57.32641,-56.848366,-55.387302,-56.30752,-57.2531,-54.610146,-55.2557,-57.52547,-56.371193,-55.021984,-53.312923,-52.624336,-54.604717,-55.162224,-54.10177,-54.828125,-54.564392,-57.458305,-57.929863,-57.999413,-59.693222,-60.45633,-60.764885,-61.83595,-64.24293,-62.63078,-61.30126,-59.9157,-61.122303,-61.765564,-62.799522,-62.0896,-64.33318,-67.10935,-67.87033,-68.869026,-67.50341,-67.59272,-69.03584,-69.500824,-68.4793,-67.60707,-66.54138,-65.30551,-64.651764,-64.00858,-64.67577,-72.39264,0
-94.45747,59.231968,-0.30486786,38.45627,-2.4383657,3.054903,-4.2751403,1.494802,2.310862,0.5578278,-1.6755534,3.8328092,-1.036839,-21.284124,-28.086372,-27.738533,-21.939465,-21.604149,-29.942366,-30.904879,-29.445705,-25.762133,-27.346014,-30.691372,-30.588978,-28.480623,-26.297379,-26.976856,-30.528395,-31.125881,-28.06292,-27.542917,-29.586489,-33.269413,-32.342735,-31.31327,-31.461702,-32.653233,-35.205246,-34.31438,-33.387882,-33.866467,-34.706497,-36.05682,-36.59673,-36.353043,-35.8805,-36.390247,-36.933327,-37.327087,-37.793026,-37.592926,-38.500305,-39.44665,-39.521095,-39.227787,-38.712368,-39.349808,-39.228844,-39.735622,-39.379883,-40.647762,-41.17851,-40.21001,-39.579453,-39.36395,-39.52015,-38.881763,-39.60205,-40.050423,-39.201332,-38.82254,-39.37408,-38.602814,-36.820396,-36.767635,-37.30702,-36.599373,-37.229042,-37.513485,-36.394608,-36.380917,-36.647537,-36.871597,-37.758648,-37.145546,-37.817875,-36.628967,-37.33179,-36.638767,-38.121494,-37.838924,-37.85112,-37.25384,-36.854324,-36.601032,-37.375973,-36.567566,-37.637295,-38.144855,-38.63099,-39.619873,-38.860085,-37.701107,-38.092976,-39.28239,-38.702335,-37.181328,-38.174957,-39.493862,-38.34128,-38.872257,-39.929718,-40.436295,-40.308098,-41.253162,-42.134598,-43.098263,-43.399315,-44.170925,-45.634,-46.123386,-46.252827,-46.31712,-46.1445,-46.380756,-46.946762,-47.150093,-47.487995,-47.891636,-48.130714,-48.2395,-47.948936,-48.43782,-48.316246,-48.71583,-48.82699,-49.058342,-49.405235,-52.57671,-63.7026,0
-202.76787,72.148674,-24.41547,11.267208,-33.49237,-29.918339,-19.709328,0.490762,-8.63127,-25.776987,-10.046824,-13.879896,8.0,-67.07278,-58.192413,-55.54078,-53.38058,-45.671463,-46.824554,-43.105415,-36.81461,-34.02979,-31.567781,-31.979927,-33.543858,-33.768276,-36.0206,-34.097794,-32.780033,-32.084866,-33.31148,-32.99348,-35.4528,-32.376335,-34.520954,-34.82095,-33.18404,-31.575172,-31.238028,-31.81329,-32.214832,-33.17651,-34.199886,-34.83391,-35.061115,-35.847443,-37.338276,-39.02891,-39.10239,-39.885326,-37.31116,-37.306767,-36.23729,-35.286694,-35.751934,-36.28166,-36.475437,-37.494225,-40.994034,-44.137333,-45.804455,-46.746555,-48.004658,-47.89138,-49.29619,-49.997005,-49.59428,-49.673904,-51.89452,-51.9135,-51.634094,-50.583584,-48.056168,-45.658684,-44.543526,-43.58816,-40.869408,-39.181694,-40.31635,-41.37592,-42.98279,-39.39403,-39.24361,-40.950096,-41.765957,-42.079613,-42.18062,-43.424713,-42.903435,-43.471794,-44.11083,-44.342854,-43.72346,-45.669422,-45.087906,-43.635773,-42.70126,-42.5889,-42.079323,-42.804646,-45.210472,-48.395588,-49.0204,-49.446865,-51.995132,-52.078075,-50.97675,-50.301548,-51.043976,-51.02856,-49.49245,-48.19702,-48.005554,-49.306435,-48.664383,-49.19376,-49.214684,-50.836006,-51.70784,-51.276447,-51.443474,-50.928925,-50.592037,-52.46141,-53.88279,-56.472363,-60.36426,-63.40384,-65.399254,-65.1155,-62.682285,-62.424095,-63.50565,-61.943226,-60.194397,-59.31231,-57.011295,-56.264107,-55.61372,-56.47552,-65.133316,0
-227.26172,66.59681,-52.57472,96.598816,-23.335081,5.0302243,-24.281061,5.5412626,-2.8691888,11.962259,-9.172069,7.5028496,-7.769977,-30.400723,-27.785826,-26.56537,-38.384426,-30.190716,-20.517694,-16.927578,-22.978708,-32.932014,-35.02672,-34.112694,-32.341084,-29.481117,-25.91257,-25.476048,-28.079882,-31.186243,-33.230953,-32.367355,-30.470697,-27.122713,-26.280804,-29.053478,-32.851475,-34.56019,-34.063076,-33.097485,-32.83871,-32.06412,-34.39239,-38.259373,-39.48964,-40.12648,-39.170944,-38.89531,-38.367573,-38.41927,-39.922447,-41.60701,-43.4688,-45.002407,-45.310516,-44.233673,-42.22155,-43.403305,-45.090958,-43.85561,-43.818916,-44.874607,-42.616997,-42.180515,-42.563244,-41.969574,-40.818443,-37.851326,-34.85286,-35.601913,-35.53856,-36.050488,-34.08943,-33.356308,-33.047817,-31.571747,-31.360304,-27.935503,-28.714222,-30.360258,-29.734705,-30.58095,-31.758978,-30.827251,-28.677992,-27.703434,-28.000608,-27.625237,-27.105131,-31.053307,-31.312164,-28.06654,-27.502628,-25.378756,-22.473946,-24.020664,-26.576927,-29.39609,-30.810162,-27.814346,-30.359034,-30.461143,-31.859982,-30.093779,-27.89216,-29.12782,-29.590696,-31.665358,-32.873108,-31.726566,-32.25349,-34.134624,-34.636875,-37.31942,-38.470898,-39.4671,-40.04328,-41.595356,-43.349197,-45.840508,-49.15402,-48.72779,-49.030876,-51.001324,-50.196667,-50.647392,-52.678837,-53.509148,-53.59421,-54.47206,-54.54991,-56.132133,-58.4601,-60.64221,-64.76255,-69.358826,-73.252144,-76.38202,-78.64809,-79.57194,-79.61473,0
-173.53941,129.73515,-19.073563,29.559359,-3.3152785,-6.439272,6.1787524,-11.987013,-1.9891208,2.7915325,-4.312404,-1.2101434,-3.1246023,-27.487501,-36.070705,-38.86953,-34.6094,-24.007708,-21.603266,-28.88011,-34.535995,-34.012035,-31.55211,-28.52719,-27.039595,-27.722954,-31.15797,-35.07696,-32.933517,-29.509136,-28.419336,-28.49755,-30.281715,-33.482887,-34.688114,-34.522724,-33.821712,-32.897995,-32.57171,-34.121655,-36.50796,-38.088863,-38.773113,-38.57722,-36.699738,-36.038612,-38.166534,-39.419197,-39.58261,-38.658264,-37.598682,-38.804325,-40.572906,-41.575638,-42.45187,-41.949955,-40.768612,-41.018425,-41.214436,-42.178974,-42.976604,-42.24993,-42.60778,-41.60738,-42.252914,-42.30525,-43.69608,-43.40685,-42.877346,-42.994495,-43.63716,-42.35433,-42.4567,-42.93784,-43.74406,-44.375076,-44.3005,-45.055397,-46.322166,-46.858604,-45.98587,-46.19856,-47.407967,-48.53621,-48.343376,-49.3917,-49.718407,-48.52996,-48.644997,-47.665623,-45.89823,-45.153667,-43.92539,-43.351864,-43.278824,-44.551395,-46.462093,-48.180485,-49.09355,-50.157932,-51.1892,-51.97072,-51.777905,-50.99726,-50.383293,-50.297363,-49.996326,-50.488876,-51.155605,-53.17328,-54.77029,-57.64277,-59.292854,-61.3076,-63.273293,-63.80118,-63.54916,-62.865894,-62.945663,-64.575584,-64.99057,-65.16276,-66.139046,-67.16763,-66.23634,-65.71507,-65.722595,-66.58386,-66.68923,-66.69241,-66.41943,-65.6674,-64.653076,-64.964645,-65.6999,-66.92369,-67.733475,-68.078415,-67.27475,-68.2142,-69.214096,0
-144.97319,91.86607,3.4171562,35.50949,-0.03846798,7.6314864,-11.354335,-13.8103695,-18.43817,-2.5849636,-12.413236,3.8663647,-13.686629,-44.1863,-44.114525,-31.254225,-15.908545,-16.346659,-27.753197,-25.33402,-19.4086,-18.38545,-23.672796,-23.872358,-22.449253,-25.23113,-27.521114,-24.730038,-21.252615,-21.884903,-25.171844,-26.146185,-24.272236,-24.71262,-26.952723,-29.64731,-29.80738,-32.01809,-35.629787,-37.357132,-36.190525,-37.300144,-39.849834,-40.067074,-38.67489,-37.94031,-38.860683,-40.549137,-41.64494,-42.35003,-41.185516,-41.030506,-40.33848,-39.48379,-38.749275,-39.015,-38.65385,-38.296474,-39.78156,-40.015835,-39.54482,-38.18451,-37.891285,-37.992775,-37.917233,-38.966957,-40.90433,-39.08223,-38.88814,-39.334805,-37.314354,-38.547752,-41.031548,-40.18275,-40.79004,-40.32991,-39.621536,-40.30172,-41.104736,-40.817627,-40.997337,-42.308075,-43.406475,-44.028152,-44.87353,-45.017994,-44.399475,-42.844994,-42.61287,-42.757534,-41.858315,-41.613766,-40.7787,-39.406944,-39.024364,-39.75021,-42.035435,-44.50275,-44.689045,-44.01695,-43.392406,-43.846382,-44.630733,-45.548267,-45.3719,-43.98228,-44.85113,-45.18366,-44.080338,-44.175446,-43.843525,-43.906883,-43.15369,-44.229446,-44.5709,-45.565464,-47.771885,-49.3988,-52.0884,-55.47615,-56.782146,-55.617783,-53.701225,-53.167316,-51.31127,-49.483955,-49.48157,-49.22761,-51.815296,-52.423325,-50.606327,-48.589077,-47.79692,-48.646248,-49.7937,-51.051105,-52.08015,-55.946796,-63.122356,-73.39697,-77.737274,0
-190.81313,76.4106,-6.525213,34.44059,-28.24201,-23.823658,-35.91543,-23.328165,-4.6786184,-20.378874,-10.272873,-17.806843,-4.8805885,-64.89714,-62.88163,-60.090904,-54.306076,-52.406002,-41.78267,-37.292614,-33.553883,-33.892395,-34.46124,-35.272427,-35.6418,-33.20797,-30.07345,-27.175846,-27.518799,-28.973335,-32.763218,-31.375301,-33.569046,-32.585907,-32.591194,-34.01889,-36.537754,-38.411312,-38.27655,-38.488255,-38.274254,-38.371857,-37.85059,-39.62412,-39.09392,-40.232197,-43.439453,-46.269604,-46.4502,-49.022102,-50.89671,-50.71581,-50.178535,-51.453014,-52.37265,-52.242958,-50.15247,-50.83804,-52.328564,-54.770306,-55.065704,-53.960888,-52.70827,-52.801903,-52.574844,-53.087963,-55.46911,-55.291134,-54.36108,-53.07446,-49.09957,-46.884163,-47.03539,-48.12941,-49.36934,-47.96467,-44.744728,-46.092125,-50.47867,-50.233845,-46.188892,-43.54877,-44.246,-47.224804,-50.031807,-51.024563,-50.130405,-50.09296,-50.58536,-49.726242,-49.500416,-51.434364,-51.217342,-49.952206,-48.128246,-49.951218,-49.051014,-48.366016,-50.3471,-46.52602,-48.382168,-50.286446,-50.47289,-52.111633,-53.031105,-51.0023,-51.226578,-50.52793,-49.2219,-50.96167,-48.72622,-48.525574,-48.130238,-49.784096,-51.079323,-53.006752,-53.369717,-54.31159,-55.06476,-54.668674,-55.211357,-55.90527,-56.491257,-59.58014,-63.147655,-65.3718,-66.617386,-68.13786,-68.08749,-66.46818,-65.34139,-65.59778,-66.04867,-65.34402,-65.183815,-63.559475,-62.948524,-61.89152,-61.677963,-63.480293,-71.66558,0
-208.28632,83.84438,20.02426,25.321415,-21.355122,13.806801,-23.007645,7.8959417,-14.921252,1.0861495,-12.016172,7.6048403,-8.719959,-23.585548,-46.562435,-46.38284,-45.276817,-37.675304,-33.303688,-34.383003,-36.51777,-36.6176,-36.713932,-34.03989,-32.077435,-32.34582,-35.812653,-37.79263,-35.44942,-34.21431,-33.47154,-34.119843,-33.632828,-34.94409,-36.70409,-37.955574,-41.17775,-41.429646,-41.776653,-41.77875,-41.795216,-41.43436,-43.347595,-43.627785,-43.3145,-44.158092,-43.760612,-44.56288,-46.705723,-47.182407,-46.344128,-46.221138,-47.350414,-47.16989,-46.46874,-47.233284,-47.739536,-49.37679,-48.605827,-49.401646,-49.821163,-49.789547,-49.615208,-50.54088,-51.53153,-52.56017,-52.46006,-52.73876,-53.14297,-53.21992,-53.272526,-53.62932,-53.08938,-52.48221,-53.580463,-53.289875,-52.227364,-52.724194,-51.445076,-50.45023,-52.65962,-53.153564,-54.280743,-55.432724,-55.41718,-54.45329,-54.16693,-54.054245,-54.16046,-54.98018,-54.710342,-55.127266,-55.164497,-54.42527,-55.052605,-53.64383,-53.52646,-52.631977,-54.81838,-56.42975,-57.647728,-55.899853,-55.396534,-55.687088,-53.999836,-53.857666,-54.13488,-53.049793,-51.742706,-51.663223,-51.64041,-51.2647,-50.363194,-50.594418,-50.447052,-51.094955,-52.070602,-52.105427,-52.32621,-53.007626,-54.22318,-54.54531,-54.986588,-54.784676,-54.566208,-55.329052,-55.50261,-55.51327,-54.415283,-54.22799,-54.251183,-55.57393,-56.346977,-58.470665,-60.54512,-63.818348,-69.14164,-74.45741,-78.39978,-79.382545,-79.45775,0
-140.43388,99.24359,-10.960627,55.17156,-22.09116,21.660557,-33.36715,-1.9989916,-14.151291,1.5954914,-12.102491,-3.426671,0.72495985,-39.342968,-43.646812,-44.65469,-40.00247,-32.511414,-27.866686,-29.394962,-32.46307,-32.223957,-34.35016,-33.820507,-31.408962,-30.547132,-30.999239,-33.21672,-33.476543,-31.831728,-29.16024,-30.235834,-32.449165,-35.55204,-36.030052,-36.793583,-39.42735,-39.278862,-40.397472,-42.715466,-44.95787,-43.582176,-42.93891,-43.091694,-42.852036,-44.675365,-46.96112,-47.02311,-47.96247,-48.95624,-49.40667,-49.33414,-48.259136,-48.199974,-49.398827,-49.430576,-47.92988,-48.196518,-50.03329,-49.94254,-48.783855,-49.58208,-50.970882,-49.425983,-49.95666,-49.515385,-46.58214,-45.47852,-47.61539,-45.815628,-47.053856,-47.36043,-45.987522,-46.434586,-45.00423,-46.3421,-46.72269,-46.815075,-47.071968,-47.089905,-48.59333,-49.403698,-49.413437,-49.11205,-49.180134,-50.14803,-49.623653,-51.828754,-51.449844,-51.064,-50.440598,-49.484512,-49.743004,-49.407738,-49.16403,-51.0587,-53.02281,-53.418495,-51.84894,-51.018017,-51.754223,-49.715363,-46.23542,-46.32893,-47.9807,-47.763348,-46.655888,-45.90312,-48.281315,-51.20806,-51.065723,-51.358227,-53.577553,-54.145123,-54.130856,-54.18754,-54.09872,-53.89501,-53.79233,-51.62102,-48.873096,-49.157463,-46.119175,-46.622932,-56.946957,-59.55558,-59.97337,-62.77874,-66.53724,-68.7348,-71.14565,-72.660225,-73.31269,-75.16644,-76.71528,-77.40941,-78.240364,-79.17592,-79.4462,-79.47427,-79.478455,0
-202.91437,108.023605,-34.028606,2.31507,-35.6242,-37.613316,-17.589174,-22.996002,-29.154139,-16.159819,-5.1187835,-23.131523,-2.8078964,-71.006645,-69.76668,-65.13808,-55.883095,-52.860897,-48.85335,-47.61904,-40.315723,-30.91376,-27.440464,-29.318348,-32.80584,-35.501675,-36.867085,-34.750107,-32.84914,-29.085224,-26.2722,-23.312712,-23.65712,-27.141153,-28.513197,-29.847414,-32.444904,-32.991142,-35.560024,-37.0036,-33.78786,-31.288334,-30.490322,-33.409645,-36.14257,-36.31585,-37.130856,-40.177914,-42.370655,-39.378437,-37.223747,-37.779026,-39.54421,-39.10934,-39.151474,-41.045135,-43.110275,-44.490295,-42.941154,-40.090584,-39.52748,-41.589027,-42.68073,-44.274666,-46.446583,-47.795914,-47.77298,-44.388954,-44.557076,-46.75287,-47.416164,-47.756817,-47.288006,-46.126286,-47.436153,-49.312584,-50.038857,-49.07293,-46.68014,-47.2384,-50.380974,-52.234516,-51.849155,-48.837605,-49.73256,-49.331955,-49.324646,-48.865925,-45.102528,-44.543182,-45.305855,-44.985558,-43.489967,-42.93511,-43.306778,-44.26857,-43.87428,-44.779163,-47.04789,-48.225044,-49.488472,-52.866604,-55.86456,-58.064342,-60.0241,-59.001034,-57.059654,-56.95696,-55.59411,-55.522404,-56.926,-58.139454,-58.893528,-60.359238,-60.703987,-61.412144,-60.59807,-60.274937,-60.788155,-59.26712,-58.446667,-58.393986,-61.59449,-64.08706,-65.02133,-67.07474,-70.24591,-71.21555,-71.07128,-70.229996,-69.10316,-68.34416,-67.04765,-65.60716,-64.461784,-64.21109,-65.04551,-65.47266,-65.43105,-66.056755,-71.89893,0
-227.51624,67.92961,-9.167101,11.575803,-19.716372,-26.40604,-23.354725,-26.935663,-8.394529,-23.666834,-14.839509,-5.543488,-0.2562167,-69.691826,-66.28337,-63.18289,-55.157394,-49.651104,-45.11454,-43.279793,-39.43159,-38.76788,-36.64524,-32.298405,-32.534668,-35.749104,-38.222702,-38.0888,-33.760586,-31.041378,-32.204777,-33.37983,-36.570366,-33.738174,-32.464947,-32.46573,-34.46389,-34.770973,-36.68696,-40.396744,-43.315395,-44.617107,-44.88994,-44.29843,-42.560493,-41.035225,-42.17014,-45.845432,-46.862827,-48.153847,-48.99285,-50.30206,-50.291485,-47.365185,-44.5894,-43.25623,-42.959347,-45.70623,-49.68425,-51.305347,-51.63113,-48.9426,-49.416885,-49.025158,-50.97563,-51.192226,-52.17756,-54.127686,-53.401093,-52.2493,-51.00344,-49.495396,-48.141006,-47.52009,-48.06457,-48.037624,-47.50191,-47.384266,-46.079926,-45.699852,-47.072292,-48.31457,-47.838577,-47.497467,-47.51486,-48.056107,-50.200867,-50.434227,-49.065155,-49.16212,-50.009987,-52.487476,-56.117447,-57.966595,-54.481255,-51.116283,-51.785107,-49.49645,-48.348797,-49.972935,-49.070953,-48.40043,-49.53061,-49.999805,-50.44143,-50.94737,-51.515404,-51.30158,-50.887474,-53.28019,-54.29294,-53.861877,-55.04696,-55.79952,-55.335526,-56.392773,-56.638603,-56.148666,-55.880135,-55.18694,-56.74763,-58.72002,-60.725693,-62.623188,-63.635937,-62.677757,-61.32935,-60.803596,-62.23081,-63.315777,-63.322193,-64.39318,-63.2196,-61.319347,-59.08535,-57.870598,-56.435574,-55.374702,-54.791374,-57.680553,-67.294975,0
-206.27658,40.53453,-2.6375067,15.472182,-22.034489,-13.291421,-31.132526,-18.93361,-4.196033,-16.546095,-14.735779,-8.555301,0.75793964,-69.44017,-64.72002,-58.104008,-54.35401,-48.76009,-45.433426,-40.70437,-34.27283,-32.630703,-34.558,-37.426586,-38.511364,-38.002422,-39.90379,-38.39783,-36.494274,-34.639034,-32.227642,-32.513912,-35.878063,-38.039173,-39.00192,-37.572468,-36.16308,-36.128254,-37.30088,-36.98826,-38.467415,-42.125454,-44.409386,-45.42275,-44.524593,-45.17542,-43.575573,-44.54621,-44.979088,-45.821712,-47.41031,-48.94322,-49.23782,-47.492653,-46.70856,-47.214737,-48.92755,-48.94815,-49.002342,-49.649426,-48.97389,-48.352077,-49.169094,-50.65478,-53.16534,-50.595734,-50.5647,-51.2221,-50.55948,-49.024605,-48.330578,-45.94506,-45.74774,-48.442528,-48.148502,-45.654453,-43.358162,-42.251625,-42.711613,-43.70357,-44.36211,-43.92738,-42.350887,-43.80859,-47.85294,-52.410515,-53.35111,-50.995243,-49.332775,-48.75952,-49.867073,-50.414852,-49.960617,-51.58492,-49.944244,-49.42951,-51.29871,-47.602726,-47.23165,-48.762054,-45.44048,-45.07955,-46.15561,-44.678295,-44.82581,-47.020775,-47.755085,-48.677147,-47.040348,-47.26923,-47.876854,-47.529446,-47.477135,-46.963196,-46.44384,-48.270092,-48.35512,-47.869514,-47.025986,-48.087738,-48.916996,-48.638912,-49.33518,-51.619347,-54.157955,-55.17338,-55.65897,-55.933098,-56.86122,-57.904,-58.73453,-57.650085,-56.75308,-57.681404,-55.307987,-52.156105,-52.76001,-53.69217,-54.166157,-55.838936,-65.15993,0
-141.19626,108.857635,9.217156,31.063719,-7.6050363,1.4062694,0.97065264,-4.2671657,-16.656157,-3.5492847,-10.840598,3.131138,-11.912646,-41.41614,-38.28191,-25.66224,-16.077528,-19.281233,-22.415157,-20.82783,-18.723145,-19.737217,-19.719267,-21.26557,-24.291796,-24.39923,-23.87001,-24.349863,-24.013807,-23.816057,-25.185314,-26.537611,-25.53361,-23.721571,-25.749298,-28.476871,-28.570152,-30.256052,-32.16189,-34.10143,-34.166645,-34.837017,-35.687027,-35.82453,-35.606583,-36.769962,-36.74089,-36.14534,-36.35317,-35.485836,-35.255707,-36.159866,-36.376953,-36.60886,-36.09132,-35.55419,-34.98303,-36.093975,-37.65103,-37.141296,-36.628338,-39.074196,-40.798103,-41.08184,-41.014263,-42.25916,-42.775684,-41.75341,-41.297443,-40.83521,-41.421024,-42.299507,-42.11163,-43.228653,-44.063454,-44.39245,-44.379787,-45.022797,-45.204895,-44.69453,-43.83494,-43.895252,-44.851654,-45.84549,-45.635292,-45.909435,-45.52718,-43.90731,-42.99084,-40.98757,-39.307602,-38.868164,-39.07655,-39.51012,-41.09046,-43.093132,-44.06912,-45.55009,-47.453293,-47.13983,-45.69024,-45.88186,-44.32831,-43.52375,-45.20287,-44.934166,-44.825127,-45.00807,-45.921974,-46.993702,-47.74216,-45.54796,-47.23738,-51.277477,-51.982452,-52.497616,-52.9557,-54.08407,-50.403206,-49.690235,-51.39442,-54.125187,-55.933773,-55.967396,-56.58892,-56.403473,-53.80247,-52.45152,-51.968407,-52.132988,-52.81938,-51.957558,-51.301052,-51.246185,-51.393314,-51.78314,-52.072067,-54.261993,-61.32974,-73.307175,-79.353226,0
-190.43832,96.42991,2.4575937,-0.68323535,30.70389,-4.282623,-19.447018,-7.497343,-3.794318,4.8551264,-8.159008,2.25435,1.2866212,-44.74779,-43.95627,-43.23649,-34.977818,-28.904613,-30.536951,-34.82879,-38.0001,-37.01207,-35.660122,-36.42461,-35.801506,-35.678913,-37.06365,-36.83531,-37.54718,-35.406036,-33.6266,-35.252716,-38.50694,-39.69089,-40.57468,-37.42589,-36.291683,-38.2569,-41.526264,-42.80312,-42.383087,-40.38778,-43.092846,-46.83704,-47.442726,-45.98248,-46.345352,-46.705013,-46.359356,-48.36162,-50.987347,-50.380253,-50.883938,-48.684444,-47.240387,-48.97704,-50.94045,-49.70148,-46.571484,-44.304596,-46.10477,-48.07792,-47.16236,-47.315704,-46.926483,-47.068546,-45.635315,-43.433624,-43.65057,-43.632023,-44.836956,-44.793518,-44.629276,-43.532818,-42.084934,-42.43703,-43.175964,-42.542454,-44.609394,-44.446926,-45.07219,-45.96767,-46.758312,-48.0353,-50.684856,-51.422916,-52.57948,-53.947327,-53.79259,-55.245037,-57.573177,-59.79087,-59.309006,-55.149902,-53.950462,-54.46045,-57.428436,-58.29686,-58.098183,-58.54831,-59.255295,-61.646046,-62.685627,-62.045635,-62.076366,-60.916878,-60.07135,-60.4263,-61.97968,-63.24091,-63.807186,-66.32322,-65.29998,-63.618237,-63.46881,-64.572876,-63.310856,-62.117664,-61.20282,-60.62198,-61.07357,-61.140118,-59.94807,-59.439728,-57.799633,-57.92976,-57.143017,-57.64761,-58.567028,-60.02191,-60.33608,-59.876293,-58.84029,-58.24536,-57.55758,-57.948784,-57.625275,-58.008095,-57.863693,-60.799603,-69.69615,0
-166.0804,49.18941,12.448757,3.4620633,-24.222425,-29.66567,-29.231287,-22.076212,-5.061136,-19.442896,-9.87716,-13.332286,5.5813575,-66.47969,-56.821503,-55.735874,-56.341774,-48.735508,-48.329155,-40.187454,-33.743565,-32.709393,-30.88085,-30.828773,-35.71706,-37.761868,-35.153,-31.034815,-31.544909,-31.669144,-30.62453,-28.906378,-27.4803,-25.754004,-24.193472,-26.143198,-30.349962,-35.132843,-37.734806,-39.465717,-38.738323,-34.709286,-33.288597,-35.573265,-37.60342,-39.036976,-40.344112,-40.327778,-41.021576,-41.91217,-43.948288,-44.895737,-45.33605,-45.64016,-45.96902,-45.58626,-44.573425,-45.26159,-46.606556,-46.749317,-47.49859,-50.18596,-48.482395,-49.741005,-52.265484,-52.518208,-52.43704,-50.522842,-49.12988,-49.390297,-50.089878,-48.54373,-45.96815,-43.65441,-44.378445,-45.18761,-46.06755,-44.484188,-44.838825,-47.31048,-45.28213,-43.293575,-44.85662,-47.25089,-46.434887,-46.37012,-48.450085,-49.52657,-49.99199,-51.58219,-51.632504,-49.24706,-49.390263,-48.975346,-46.486668,-45.921623,-47.346287,-47.312145,-47.838146,-44.793224,-45.569008,-47.716854,-47.415646,-49.508575,-48.860542,-48.283188,-47.152798,-47.922413,-48.67064,-48.581635,-48.547035,-48.284874,-46.488815,-47.431175,-47.330196,-46.71263,-46.82064,-46.85308,-47.69058,-46.501835,-47.26983,-48.234707,-48.745564,-51.268906,-53.78338,-53.970623,-54.57024,-55.86579,-54.87505,-53.839405,-54.519478,-54.580856,-54.34453,-52.427372,-52.021515,-49.07217,-47.693542,-44.931732,-43.039425,-46.130703,-57.494473,0
-266.6327,97.779976,-10.797949,15.128722,-25.119865,-17.375605,-17.249468,-21.98509,0.12807077,-22.474028,-8.66773,-9.133023,-0.34694934,-71.91279,-58.203537,-57.475914,-56.874687,-51.511574,-50.349422,-45.397762,-38.10078,-34.644783,-34.594788,-36.43557,-40.778584,-41.86311,-43.276634,-40.105747,-37.678802,-37.63239,-38.895824,-37.705223,-37.28987,-36.89039,-37.7999,-38.520596,-40.423492,-42.620804,-42.83054,-44.90832,-45.84791,-43.609974,-41.096504,-40.940105,-41.24791,-43.683186,-45.749992,-51.32951,-55.363186,-54.406918,-51.557392,-47.601048,-43.985035,-44.74162,-47.569965,-50.176872,-51.78835,-52.785812,-53.994152,-53.54829,-54.013348,-52.307068,-52.50662,-53.3514,-55.911835,-55.582966,-56.473824,-58.32271,-55.720284,-54.42849,-55.319748,-55.795662,-57.29741,-55.110363,-51.95937,-51.817863,-54.076736,-56.351746,-55.123524,-52.80895,-52.273632,-53.019142,-53.883705,-54.269753,-56.099815,-54.285824,-53.429127,-56.910324,-58.273415,-58.433186,-60.40347,-61.985405,-62.211636,-62.168182,-59.624054,-58.37778,-57.763294,-56.33566,-55.571083,-55.61266,-54.478813,-56.06925,-56.755898,-57.346546,-59.63204,-58.057354,-59.12318,-59.610794,-58.988235,-58.819313,-58.945118,-58.728455,-59.57764,-60.925037,-61.35459,-61.909454,-61.232315,-61.571556,-63.295113,-63.772144,-66.14261,-67.87034,-69.37598,-71.29169,-73.38695,-74.638725,-74.535835,-74.12508,-74.38272,-73.61833,-72.71027,-72.61846,-72.65877,-72.42295,-71.33944,-69.80627,-67.869934,-65.52123,-65.90088,-67.96681,-74.02249,0
-196.31674,120.40868,31.525402,47.035515,-1.1291778,7.900695,-3.6926434,0.05631736,-5.378448,5.825703,-4.162638,1.2044637,-8.26072,-31.154612,-31.871979,-31.138319,-21.111902,-14.278903,-19.105043,-26.412481,-28.625154,-26.653791,-24.602488,-26.332718,-28.77299,-29.08315,-30.63141,-30.72823,-30.697706,-31.83673,-31.35189,-31.619848,-34.78803,-35.213467,-36.36501,-37.02252,-37.42537,-38.099194,-38.70124,-38.909824,-40.055004,-41.68546,-41.93043,-41.77778,-42.80991,-44.77308,-46.24991,-47.019115,-46.46144,-46.55445,-47.551056,-49.16425,-49.69044,-49.965225,-50.074543,-50.171402,-50.362644,-51.278732,-51.681976,-52.46955,-51.4238,-51.833817,-51.163082,-51.980278,-52.34535,-51.799015,-51.65157,-53.176697,-53.49858,-52.429153,-51.981354,-53.95878,-53.638557,-51.459522,-52.631428,-53.075043,-53.511284,-53.957634,-55.02766,-54.48534,-54.32962,-55.20752,-55.43165,-56.675713,-56.47048,-55.19587,-55.446766,-54.535355,-54.0623,-53.294964,-53.221695,-52.898132,-52.306187,-51.50029,-52.17944,-52.35314,-53.166275,-54.650356,-55.843555,-55.395382,-55.924397,-55.79321,-55.83038,-54.989773,-53.683437,-53.13142,-54.747566,-55.76286,-57.06382,-57.352962,-56.80028,-56.559284,-57.218864,-56.42692,-56.168137,-56.84876,-58.903057,-59.24037,-61.058895,-61.929443,-62.46381,-63.021885,-62.18244,-61.789368,-61.950466,-61.555832,-62.44416,-62.72602,-62.794174,-63.51385,-62.600563,-62.600327,-62.7095,-62.69606,-64.10945,-63.898357,-65.19622,-66.74626,-72.109314,-78.94708,-79.7134,0
-143.86166,105.92746,-4.2765346,17.087496,-3.2627907,0.8989767,-3.060228,-19.406393,-10.695042,0.11251295,-8.798316,-0.16866902,-9.574274,-43.931297,-47.062695,-46.712116,-44.664448,-33.296112,-28.977232,-34.4362,-35.81854,-36.12324,-32.66102,-27.427511,-28.063366,-35.134197,-40.030937,-39.999977,-34.122517,-29.593382,-32.033875,-37.116066,-37.71919,-36.853413,-34.78268,-35.06478,-39.655224,-43.673508,-43.430885,-40.37853,-37.607513,-38.388786,-41.62542,-45.099365,-47.078945,-45.880962,-43.909973,-45.212986,-46.343143,-47.00944,-47.917503,-45.61492,-45.0088,-46.596107,-48.4425,-48.559685,-44.997463,-41.54237,-43.352314,-46.70283,-47.530216,-45.997803,-43.61684,-44.977077,-47.134354,-46.902683,-45.21193,-45.141296,-47.061348,-46.411415,-44.09152,-45.21171,-48.742203,-47.97757,-47.558044,-50.593697,-52.513443,-50.85008,-52.532333,-52.68238,-50.972645,-52.38745,-53.80812,-53.284668,-54.954792,-52.815342,-52.120087,-54.815098,-54.49011,-55.246433,-54.974617,-54.53234,-54.6493,-52.798176,-52.026794,-51.08875,-50.286556,-50.67339,-53.125114,-53.446968,-54.73393,-55.75829,-56.948315,-55.19157,-54.221375,-53.5256,-54.589203,-55.726006,-54.415092,-54.336605,-55.69238,-57.65514,-58.35844,-60.122128,-62.861294,-63.337532,-64.22504,-64.66582,-63.24885,-63.306458,-63.94408,-64.5717,-64.80196,-65.33216,-65.05672,-63.801716,-63.306965,-62.50164,-62.62592,-63.297413,-63.024593,-63.69253,-63.671555,-64.693214,-63.77476,-62.891006,-64.31972,-64.73031,-66.12253,-69.06267,-76.66163,0
-174.83752,138.20738,-12.862529,36.21656,-6.7308183,-9.462055,3.8790724,-18.61487,1.412005,0.34457988,-4.8649197,0.72275937,-4.208261,-29.953905,-36.61995,-39.06313,-38.251114,-27.561193,-22.38514,-28.216152,-37.835,-38.85791,-36.76186,-29.09771,-24.249102,-28.54357,-35.664635,-36.91136,-33.591858,-28.073435,-24.664583,-26.48149,-31.908916,-35.715218,-35.898502,-33.335007,-32.045685,-34.3691,-38.5237,-39.379658,-39.202164,-38.95599,-38.7063,-38.469692,-39.709976,-40.70103,-42.07184,-42.424175,-41.317215,-42.49096,-43.973938,-43.195206,-44.341736,-45.12843,-45.249664,-45.883812,-46.47844,-46.093647,-45.935966,-46.75788,-47.304836,-47.312996,-47.811005,-47.270935,-47.279785,-47.26228,-47.764366,-48.129047,-47.184086,-46.40075,-45.709694,-46.257343,-46.875378,-46.33249,-47.123795,-49.045803,-49.51214,-49.310143,-50.32465,-51.52702,-49.397465,-50.731674,-52.31651,-51.19426,-52.56216,-53.446835,-52.366383,-52.543697,-51.647717,-50.34307,-50.211643,-48.868183,-49.5361,-50.259438,-49.373886,-49.7334,-50.494595,-50.462765,-52.177708,-52.27916,-53.100506,-53.111515,-54.252712,-54.40344,-53.793976,-52.89755,-52.282883,-52.83604,-53.03813,-54.016655,-56.935593,-59.79113,-61.798233,-63.17524,-63.991734,-65.469475,-66.987206,-69.60464,-70.73675,-70.71048,-70.9859,-70.74993,-70.52818,-71.69749,-71.49111,-70.95456,-70.812805,-70.93285,-71.02604,-70.740746,-70.59149,-70.43423,-69.529976,-69.46872,-70.27975,-70.86459,-71.124825,-71.79402,-71.2796,-71.88017,-72.44401,0
-228.54398,88.17059,45.458714,36.377205,3.8294702,12.920557,-9.308965,7.72492,-6.055653,6.220326,-6.0404353,0.661611,-5.556207,-36.027836,-38.093433,-37.069134,-24.9677,-21.152681,-27.728895,-34.218254,-34.457203,-31.234245,-30.523674,-33.43631,-36.188656,-36.49653,-35.93926,-35.794983,-36.84737,-38.86801,-41.010185,-41.690235,-41.211357,-41.767345,-42.951767,-44.389874,-44.321297,-43.984447,-44.734222,-45.832714,-47.1382,-48.023098,-47.209663,-48.74943,-49.637836,-50.773643,-51.50368,-53.213463,-53.481445,-53.797928,-53.49185,-53.20189,-53.588387,-54.99194,-55.172756,-53.866585,-54.148693,-55.697865,-57.221703,-57.485798,-57.411892,-57.372234,-58.4648,-57.918686,-58.229923,-58.72187,-57.900993,-57.34583,-58.245182,-57.85354,-57.37236,-56.881596,-57.07876,-56.823597,-56.28787,-55.466667,-57.00004,-57.865665,-58.404198,-58.987064,-58.970493,-59.11441,-59.629093,-59.44383,-59.823475,-60.367508,-60.55792,-60.43366,-59.181004,-58.51851,-57.80298,-57.229237,-57.26071,-57.061604,-56.500237,-57.607796,-59.185772,-59.819263,-60.566643,-60.85497,-60.778107,-60.19291,-59.77606,-59.460712,-59.041813,-58.74131,-58.635967,-58.851276,-59.71071,-59.34947,-59.210945,-58.61694,-58.277763,-56.862194,-56.06672,-57.06708,-57.43095,-56.77233,-58.413555,-59.615875,-59.533222,-58.82452,-58.18023,-58.374744,-58.41003,-58.69448,-58.875847,-59.320114,-59.819347,-59.81451,-59.552372,-59.34845,-59.494,-60.028625,-61.109642,-62.138847,-63.18165,-65.40667,-70.079,-75.30213,-79.69469,0
-205.42874,80.92194,-9.648977,21.958946,-32.351414,-32.879417,-19.940994,-15.929385,-9.734896,-30.323307,-2.6221313,-14.990888,1.9231977,-69.154465,-65.60687,-61.31552,-52.826412,-49.078224,-43.72185,-39.58361,-35.405632,-34.899105,-35.527187,-35.144207,-35.824818,-35.97543,-34.3234,-34.148247,-35.78529,-32.00124,-30.818396,-31.186602,-31.962528,-30.912212,-33.104908,-34.50001,-35.680866,-35.966866,-34.030666,-35.19835,-36.968918,-38.56075,-39.45155,-41.47215,-43.7712,-45.285446,-43.917137,-43.4105,-41.94005,-41.20659,-43.033276,-44.974316,-46.159397,-47.721756,-47.425453,-46.373375,-45.81842,-46.42766,-47.428787,-49.17308,-50.17155,-49.47818,-50.474915,-51.087357,-52.347878,-54.14835,-57.05956,-58.019478,-58.697536,-57.46125,-54.42358,-52.98741,-52.684322,-51.33651,-51.87678,-50.77287,-48.59526,-48.602955,-48.90238,-49.183174,-48.32064,-46.361904,-47.763668,-50.78761,-48.65623,-48.01098,-48.45022,-48.461716,-49.43047,-48.40647,-47.259666,-47.251396,-48.83386,-47.425026,-47.0165,-48.018375,-48.393394,-47.661976,-48.522552,-49.95607,-52.243603,-53.897377,-54.343708,-54.267986,-55.483677,-54.4539,-52.97033,-52.249546,-52.075394,-52.39989,-52.192142,-53.48808,-52.25413,-51.692688,-52.27609,-52.900158,-53.09175,-54.18946,-54.554996,-56.419453,-58.69081,-60.782215,-60.677383,-62.62434,-66.32875,-68.384056,-69.54949,-70.142525,-68.80011,-67.731895,-66.57423,-65.7386,-64.965164,-64.586624,-63.87799,-62.188126,-60.977005,-58.88422,-58.862972,-60.780018,-67.83498,0
-183.8944,97.09007,-13.366761,54.56496,0.823635,-5.1524377,5.7970514,-6.7792287,3.4760103,-6.55242,-10.744321,-0.5185182,-2.156443,-27.005835,-34.50913,-37.11531,-36.726284,-27.479313,-17.595985,-20.113539,-29.232765,-34.387207,-34.09088,-29.744669,-25.661299,-24.28475,-27.174755,-30.853624,-33.24388,-34.32003,-33.856697,-32.98932,-33.132797,-34.803337,-35.949604,-37.230286,-39.73476,-39.657177,-38.594456,-38.256676,-39.750973,-40.200134,-41.255894,-43.20858,-43.152866,-42.51128,-41.212105,-41.482044,-41.52705,-42.718376,-43.185844,-43.91418,-43.64513,-43.763435,-43.295727,-43.296375,-43.31854,-43.167877,-44.927578,-45.838577,-46.964405,-47.164772,-46.28053,-46.95376,-47.904087,-48.9741,-49.494972,-47.744385,-45.611763,-45.923576,-46.17303,-45.89902,-43.3424,-42.79307,-43.35045,-42.4783,-41.2766,-41.40091,-41.711678,-41.836983,-42.531837,-43.23458,-43.043625,-42.927635,-44.290386,-44.23528,-42.956028,-44.30494,-42.669453,-41.972507,-43.386448,-42.381935,-42.292038,-41.76816,-41.811897,-42.22328,-42.226513,-42.643723,-43.090763,-43.564976,-44.07947,-44.742664,-45.150925,-45.974697,-44.940872,-44.47074,-44.557907,-45.029903,-46.420017,-47.155533,-48.92203,-49.826336,-51.87727,-53.93535,-54.558006,-55.286,-55.54192,-56.9542,-59.21893,-61.52246,-63.450108,-63.18935,-61.615894,-61.188583,-61.688614,-61.81902,-62.26606,-62.02789,-60.78386,-61.483704,-62.732353,-63.225723,-62.659985,-63.218216,-64.14219,-63.60042,-63.00131,-63.95627,-64.016426,-63.526947,-64.82444,0
-136.6935,97.74034,-27.297712,18.30807,-20.929121,-28.426155,-1.6627479,-20.609715,-10.140352,11.49474,-8.596615,1.6475595,-4.3871226,-46.017963,-43.88722,-44.952957,-41.562572,-33.921913,-30.10444,-30.892054,-33.041645,-33.83564,-33.719776,-33.53352,-34.074177,-32.874153,-29.387829,-28.72412,-27.400545,-27.223661,-27.59742,-26.270306,-26.131372,-26.496069,-27.613995,-28.274126,-26.89001,-27.089869,-27.663008,-25.675985,-25.052332,-27.045599,-29.0302,-32.328953,-32.517353,-31.568327,-31.120756,-32.907543,-35.653294,-37.272453,-37.11383,-36.63247,-37.560783,-37.91468,-38.3032,-39.431057,-39.820217,-39.21086,-38.667194,-37.70113,-37.562588,-38.583138,-39.762634,-38.848423,-37.5593,-37.664337,-40.472748,-40.16527,-38.276707,-39.074318,-40.09818,-39.287235,-38.96792,-39.551846,-39.948,-41.389137,-41.231586,-40.88345,-41.79738,-42.10653,-41.806026,-42.18768,-43.2763,-43.374657,-43.034878,-43.22895,-42.90261,-41.887207,-40.188553,-40.00712,-39.920544,-38.684982,-38.803974,-38.88273,-39.27065,-38.425056,-38.6099,-37.683075,-38.173466,-37.69864,-38.535347,-39.45846,-40.18753,-40.50825,-41.130943,-42.636803,-43.552143,-44.669075,-47.096867,-49.289265,-52.60621,-53.859016,-54.949726,-56.020393,-57.143414,-57.989464,-58.418465,-58.565674,-57.62307,-56.27331,-56.220867,-56.35334,-56.78088,-56.540134,-57.0627,-57.821194,-58.51685,-57.95193,-56.12374,-56.09483,-57.079094,-56.759098,-56.855564,-57.298553,-56.435596,-56.302876,-56.045387,-57.246166,-57.088074,-60.93536,-70.810555,0
-148.89853,109.16611,-36.99722,43.34684,-3.4329672,-4.347366,-1.6905185,-18.336428,6.12621,-1.1148791,-6.798763,1.2837391,-8.323831,-38.722527,-36.915165,-35.075253,-32.713715,-26.330822,-25.757088,-31.414606,-37.38778,-33.614037,-29.682354,-30.496992,-31.04692,-27.612072,-27.093538,-28.475342,-32.211327,-35.335114,-33.178043,-30.466045,-30.457365,-33.67312,-34.99214,-34.728153,-34.42069,-34.561333,-36.081047,-34.21456,-33.70899,-36.371613,-39.728252,-39.108196,-36.895718,-35.88172,-38.262733,-42.649708,-42.25409,-41.204285,-41.10047,-40.79661,-41.30086,-41.273937,-40.8124,-41.121796,-42.89495,-43.083378,-41.81121,-41.0043,-42.899475,-44.431232,-42.309616,-40.94158,-41.400368,-41.677147,-40.825764,-39.391846,-38.564762,-37.966545,-37.32002,-37.4029,-38.72252,-37.49297,-36.806168,-38.85972,-38.972603,-39.259476,-40.22039,-41.59689,-42.446594,-42.192265,-41.83955,-41.679348,-41.93873,-41.482445,-40.8678,-41.789875,-40.832832,-41.451736,-40.79653,-41.81414,-41.412624,-42.585518,-43.76721,-45.104946,-46.2094,-45.41124,-45.338593,-44.39814,-43.519993,-42.508926,-41.66529,-42.931553,-43.19186,-43.059315,-43.20109,-43.915936,-44.623917,-45.903866,-47.329014,-49.54993,-52.227123,-55.006542,-57.752327,-60.155674,-60.521168,-60.721416,-60.98585,-62.149197,-62.953194,-62.670845,-62.912174,-63.23147,-63.658268,-64.40727,-64.42004,-64.35967,-65.32143,-66.743484,-67.03643,-66.30455,-66.56835,-65.9586,-64.70316,-63.334515,-64.01401,-63.924572,-63.39125,-66.139755,-75.18906,0
-187.2157,98.0272,-22.747492,6.2004733,-34.124016,-18.517746,-13.151602,-26.0794,-9.6517725,-19.514282,-3.670805,-18.57758,10.334299,-67.42062,-55.90264,-54.936405,-58.521317,-51.13606,-41.182655,-33.199455,-33.31738,-37.39327,-40.532692,-42.112904,-38.766518,-33.114956,-30.011787,-29.02387,-30.857992,-32.877815,-32.508347,-29.438166,-31.094767,-33.867966,-32.631756,-31.315435,-31.246094,-32.843575,-34.469406,-34.1699,-35.697502,-36.67192,-38.25811,-39.29501,-37.746864,-37.404255,-40.02772,-41.672554,-41.093964,-41.390182,-42.14336,-40.425644,-40.081753,-39.5581,-38.51899,-39.753113,-40.86937,-40.064106,-39.21504,-41.676727,-44.1373,-46.70962,-48.074783,-45.830093,-46.109158,-45.683064,-46.322315,-48.1809,-46.301525,-45.496994,-47.652798,-49.550716,-48.624123,-47.21361,-47.498024,-46.7115,-45.09904,-47.253235,-49.317516,-49.16297,-46.51877,-47.73098,-50.30096,-48.6467,-50.35013,-55.672195,-56.251198,-55.445217,-55.51991,-51.41159,-49.693832,-48.75171,-47.75387,-47.84579,-44.742664,-46.585396,-46.82697,-46.253773,-48.98677,-47.644596,-50.313587,-53.31559,-54.303528,-53.151596,-51.885036,-52.986378,-53.977196,-52.887177,-51.136375,-50.318176,-54.483047,-53.260925,-53.424038,-55.13231,-57.820583,-58.018337,-56.46723,-55.974743,-56.66592,-57.620224,-56.88769,-56.69775,-58.48963,-61.332573,-65.5687,-68.97639,-70.88352,-70.872604,-70.66179,-70.2883,-69.94626,-69.35153,-70.076546,-69.30572,-68.245705,-65.364174,-61.54754,-58.62681,-55.995907,-58.568207,-67.82108,0
-248.69052,54.67665,15.543922,4.0996065,-29.385271,-32.020008,-33.444603,-11.541865,-12.510168,-12.56628,-10.326045,-13.575954,1.5305449,-70.93776,-70.30406,-67.32695,-58.450294,-47.053658,-49.97711,-50.08536,-46.5492,-41.644554,-39.056347,-37.455513,-36.76513,-36.525738,-38.783314,-39.58493,-40.560493,-41.020164,-40.120037,-35.40259,-36.916058,-36.2069,-34.670414,-32.46152,-32.56575,-34.558315,-36.6621,-39.70122,-40.63559,-41.951427,-42.78242,-44.66884,-45.43259,-47.734425,-46.933487,-46.256554,-45.5496,-46.160435,-46.180893,-47.674614,-48.538788,-52.458073,-54.861057,-55.20635,-54.903244,-54.620132,-54.467216,-53.835373,-53.426704,-55.177956,-57.574505,-59.421158,-59.230286,-60.632156,-60.386024,-59.16081,-57.438267,-56.92282,-57.893604,-57.17196,-55.221153,-53.798,-52.120697,-52.374886,-53.502983,-53.599827,-53.34816,-52.21896,-52.32422,-54.311577,-55.33328,-55.14726,-55.145317,-56.218708,-57.434807,-54.56778,-52.118366,-52.564785,-55.043858,-57.396034,-55.70989,-54.24557,-54.334248,-55.627132,-54.28466,-52.45429,-53.30968,-52.461864,-52.60102,-53.88568,-55.83958,-57.602646,-60.42949,-60.544174,-58.82208,-60.008186,-58.59934,-57.081135,-55.10578,-53.30562,-54.635338,-54.596565,-52.746746,-52.609146,-53.144318,-53.86166,-54.05154,-55.9171,-54.706974,-55.14723,-55.450687,-54.316307,-55.69327,-59.474182,-60.512512,-60.91177,-60.218445,-58.954063,-59.253845,-59.156445,-59.172783,-58.535175,-58.95667,-58.53196,-57.93661,-58.021248,-58.126827,-60.702087,-66.77297,0
-170.19392,70.41187,-9.797625,18.761347,-34.846237,-13.785257,-25.816708,-25.97098,-3.905698,-12.122902,-15.59404,-10.179005,-2.9941092,-65.560646,-58.01204,-56.93661,-54.766964,-47.59435,-45.632675,-38.575977,-32.38172,-29.289669,-27.720808,-31.181738,-35.993473,-34.274574,-32.93307,-30.7775,-32.255257,-34.144886,-34.78069,-30.53017,-28.621357,-29.94731,-32.700962,-33.553257,-33.351086,-36.13474,-38.475887,-37.301853,-32.984142,-30.01155,-29.43806,-33.57175,-39.1921,-41.940536,-43.94894,-42.421303,-42.472725,-43.88721,-44.86016,-45.13303,-41.73654,-41.359123,-43.510094,-44.8781,-46.915974,-47.947403,-48.45869,-47.09995,-43.243984,-42.576477,-46.15998,-48.67768,-49.361782,-48.51196,-47.928616,-47.8922,-47.18598,-46.18178,-47.090244,-47.23794,-47.17149,-47.06496,-44.482662,-42.7508,-43.175106,-43.959034,-45.14907,-44.587116,-43.579353,-45.345444,-48.34505,-50.299156,-50.443924,-49.100086,-49.5318,-51.426224,-51.76855,-49.08947,-49.101555,-50.59805,-50.804504,-47.77918,-48.746094,-50.955616,-47.979416,-45.98689,-47.189873,-45.960728,-41.676445,-42.172928,-43.426414,-41.716568,-42.91477,-46.4953,-45.26325,-46.284336,-47.28822,-47.74064,-48.16989,-46.96555,-47.219814,-48.741013,-48.7212,-50.73714,-51.51279,-52.425243,-52.25657,-52.17454,-52.744762,-51.204742,-52.088516,-54.983337,-57.275013,-58.457314,-58.57069,-60.55922,-61.76055,-62.688133,-63.58387,-62.64185,-62.16701,-61.562695,-59.446873,-58.08367,-57.960587,-57.936394,-57.713936,-60.441696,-69.30458,0
-154.44313,77.19692,2.4192033,0.32539335,-47.40415,-12.923022,-26.415337,-16.859842,-3.5855684,-11.436752,-15.376048,-8.153129,-1.743953,-66.793365,-55.96003,-55.05436,-55.263527,-45.447456,-47.88329,-37.485676,-28.286484,-27.325966,-31.372538,-34.840935,-36.996635,-39.940056,-38.017338,-29.819784,-27.634909,-28.535381,-29.899096,-31.702805,-33.83786,-33.414585,-30.065868,-24.100594,-23.922632,-28.161446,-31.629936,-32.97377,-34.467022,-35.927,-34.107265,-31.582954,-30.105886,-32.2481,-35.85969,-38.145863,-39.38915,-38.693336,-36.08761,-35.161358,-35.775845,-39.040077,-41.816063,-42.781677,-42.99461,-43.972122,-41.339348,-41.36764,-47.066586,-49.276768,-49.693813,-50.286385,-46.380497,-43.658447,-44.432545,-47.51993,-51.20954,-51.284153,-47.77128,-45.763947,-45.16384,-47.756466,-50.518665,-48.85375,-47.406334,-48.863018,-48.62309,-48.51,-46.58297,-46.992252,-49.241657,-48.97643,-49.670086,-50.664948,-52.742603,-52.837925,-53.47508,-55.640774,-54.901188,-53.250412,-53.98233,-53.875763,-51.46246,-49.374046,-48.945126,-48.9767,-49.044155,-48.137524,-46.89651,-44.6596,-45.436707,-47.956303,-46.45609,-46.309906,-46.84999,-47.3699,-47.73502,-46.728043,-46.49858,-46.513252,-47.483776,-49.17726,-48.787663,-50.324814,-49.188465,-49.336937,-49.80024,-50.987373,-51.5498,-52.212482,-51.815353,-51.313496,-50.171482,-50.906353,-55.085205,-56.812992,-60.296665,-63.870186,-62.556786,-61.46058,-60.10255,-58.97796,-57.54391,-56.14118,-56.823326,-58.85895,-58.427776,-59.87331,-67.31733,0
-146.35062,54.134583,13.0445385,19.450672,-17.248371,5.0724382,-1.4070537,-5.0515037,-8.267921,4.6723847,-12.656741,6.3662605,-7.5786343,-33.213577,-38.618904,-41.879364,-42.41268,-39.762928,-36.5617,-33.458443,-32.626503,-32.936188,-34.916218,-36.78262,-37.37217,-38.31045,-36.70572,-34.768177,-33.737247,-32.13593,-33.526276,-37.415886,-38.433804,-36.98832,-36.82493,-36.96994,-37.56644,-39.113625,-39.78746,-40.078934,-40.285484,-41.532326,-41.77298,-41.756844,-42.1798,-41.677914,-41.045864,-41.5217,-42.395435,-42.136185,-42.753143,-43.918354,-43.323586,-42.06545,-42.144676,-42.302574,-42.2521,-42.56111,-44.408085,-46.441025,-47.15619,-46.21541,-46.586727,-46.952686,-46.561874,-46.579147,-45.41177,-45.94771,-46.30078,-46.517338,-46.921803,-47.463417,-47.96267,-48.588646,-48.6495,-48.87215,-49.267567,-48.11531,-48.173267,-49.974876,-49.926132,-49.508476,-50.160618,-50.068928,-50.07241,-50.614655,-49.8394,-49.56902,-49.22692,-48.099716,-48.549,-47.83344,-47.110115,-47.461185,-47.211468,-46.78341,-46.23818,-45.172653,-44.150455,-43.78924,-44.253914,-44.478092,-45.886078,-46.04558,-45.500824,-45.172977,-44.58969,-44.2816,-44.560818,-45.264732,-43.97296,-44.755703,-46.155094,-47.78141,-48.929478,-49.731552,-51.14871,-52.228275,-51.999912,-51.716938,-50.725082,-49.886967,-50.905655,-50.955013,-51.00064,-50.299732,-49.23982,-48.12391,-47.84672,-48.075954,-48.71176,-49.27532,-50.421745,-50.802338,-51.348843,-52.50914,-53.98239,-56.0351,-57.448788,-61.416405,-72.576,0
-197.61543,62.944187,11.83402,7.7840476,-7.058998,-32.83091,-33.75417,-22.88623,-8.703142,-14.346166,-7.2175875,-10.53646,-12.433559,-65.92745,-63.878918,-60.37158,-53.58289,-39.2817,-37.480015,-39.733242,-38.96371,-34.17369,-30.433428,-29.471474,-31.041252,-33.026493,-35.008106,-37.007854,-37.219193,-35.31102,-29.58299,-24.239635,-25.53719,-26.9125,-28.201788,-29.473986,-33.424984,-36.00314,-37.73751,-38.9895,-37.972683,-36.74189,-40.116405,-41.882175,-40.607998,-40.973106,-42.15987,-44.091545,-44.918102,-44.58387,-46.061123,-47.61898,-50.42854,-54.07217,-53.93386,-51.60203,-50.97401,-50.907562,-52.131878,-48.081894,-48.633728,-50.708687,-52.7783,-53.802036,-54.90189,-52.54371,-49.290573,-46.654324,-46.108994,-48.537804,-50.850784,-48.70597,-44.312214,-44.10917,-47.30513,-47.230484,-47.06398,-47.1549,-45.610573,-45.170097,-46.702305,-47.48734,-48.602272,-48.755978,-48.690357,-49.931473,-49.518555,-48.206158,-47.569775,-48.439266,-49.546005,-47.760582,-45.96629,-46.946342,-50.72446,-50.708084,-50.81301,-52.790062,-55.53469,-55.380745,-55.780594,-54.135525,-54.544525,-54.6319,-52.212044,-51.499004,-53.50721,-52.31381,-51.419285,-52.947346,-53.117916,-51.919647,-50.367256,-50.82315,-51.224094,-52.487103,-51.69743,-52.77425,-55.129856,-55.291065,-57.262917,-58.13014,-59.752617,-58.61125,-57.996914,-56.646133,-56.178658,-53.25803,-52.689175,-52.11044,-51.72421,-54.6917,-54.08553,-54.28394,-53.28316,-54.331463,-52.621723,-51.385387,-50.277855,-52.6927,-62.428448,0
-184.3445,59.973656,-10.854947,-4.169425,-14.038567,2.65756,-23.52589,-1.2879018,0.09134921,-1.6316688,2.0639875,-0.54172105,-1.7193148,-39.833324,-35.99095,-35.481655,-26.808159,-25.56065,-36.46496,-35.851433,-28.653275,-25.812477,-31.495058,-36.395782,-31.219921,-25.828693,-27.331036,-31.622005,-30.123947,-25.034264,-23.30012,-25.71646,-27.945656,-25.597813,-23.566814,-24.506853,-26.826462,-27.818644,-25.263433,-24.374851,-25.577955,-27.676702,-27.282501,-26.850954,-27.23845,-29.074587,-29.815516,-29.589619,-29.03898,-29.100431,-30.741844,-32.304775,-30.68049,-29.84056,-31.674585,-33.633743,-32.2323,-30.43119,-32.015877,-34.382484,-33.12949,-30.786987,-32.832138,-33.295536,-32.272373,-31.842169,-32.529995,-31.340586,-30.956902,-30.817081,-31.138485,-32.06974,-31.107376,-31.604668,-32.782322,-32.364914,-33.152725,-33.298622,-33.093452,-34.29993,-34.54413,-35.310757,-34.832535,-34.825157,-35.155563,-35.715263,-36.048374,-37.195602,-38.026306,-38.182392,-38.281883,-38.78085,-38.596287,-38.732807,-39.804283,-40.869587,-41.801495,-41.4457,-41.683765,-42.530716,-42.204563,-40.88172,-41.43046,-40.4658,-38.77388,-39.008205,-39.150696,-37.978462,-38.429237,-39.08038,-38.298515,-38.57432,-37.245182,-38.38962,-37.253693,-36.233704,-36.033817,-36.093754,-36.72783,-38.266068,-39.39768,-40.333786,-41.122303,-41.411865,-41.187572,-40.44042,-41.559616,-42.331005,-42.91417,-43.83555,-44.90701,-45.149315,-45.68617,-46.456768,-46.107273,-46.031948,-45.597965,-44.686577,-44.775017,-46.377613,-56.65412,0
-206.03323,78.96651,-13.854117,14.023065,-33.010708,-27.591661,-35.65953,-20.609793,-5.241505,-14.851669,-14.271352,-15.690197,-0.5246903,-69.5592,-66.50327,-61.387066,-56.642246,-46.660614,-47.784378,-35.738533,-28.395334,-28.489697,-29.468575,-32.825077,-36.525646,-37.216106,-34.665886,-29.461294,-28.198591,-29.53733,-30.663055,-30.704521,-31.099173,-32.303223,-30.767504,-28.327719,-27.84722,-29.895782,-29.731647,-30.348183,-32.311897,-34.00654,-34.18732,-34.889816,-36.578167,-37.63685,-38.922985,-41.02255,-42.256233,-42.014175,-40.99201,-39.345646,-40.944122,-43.142914,-44.94438,-46.48723,-47.56329,-48.063442,-47.791496,-47.87305,-48.943436,-49.470604,-49.019173,-46.99686,-46.26715,-47.317936,-49.61245,-51.114307,-50.970562,-47.326546,-45.69276,-46.450607,-46.29963,-45.74104,-43.452682,-41.58501,-42.311405,-43.56902,-42.77119,-41.881668,-42.046993,-43.31465,-44.86042,-44.233257,-45.83129,-48.217995,-51.163483,-50.870186,-51.019615,-50.140717,-49.10845,-47.775322,-48.076366,-48.416405,-47.39824,-46.0969,-46.9755,-47.19588,-46.01194,-47.631298,-47.313427,-47.68282,-48.17884,-49.153084,-50.317158,-50.474823,-51.298454,-50.130943,-48.642845,-47.287773,-48.038574,-48.63771,-50.67076,-51.455826,-52.430695,-51.863018,-52.858772,-53.197166,-54.296642,-53.956326,-52.84358,-52.72803,-52.22143,-53.591522,-55.432083,-58.090107,-60.09548,-62.440525,-62.816536,-64.10894,-65.88899,-66.76222,-65.2035,-62.315643,-60.808434,-59.61644,-57.612442,-57.424988,-56.948063,-59.81925,-69.83102,0
-258.32727,77.37403,10.203636,-6.528242,-35.42819,-23.90746,-19.33195,-12.925434,-0.30357063,-6.6906686,-12.829335,-8.471324,7.1697707,-73.18511,-60.575245,-59.233337,-58.178406,-54.653225,-47.116177,-43.664967,-43.633522,-42.660213,-43.483757,-47.04124,-44.920048,-42.881466,-42.39581,-40.199535,-40.80042,-41.379642,-39.535454,-35.903263,-40.05345,-38.260777,-40.711582,-42.255924,-40.868126,-38.957893,-35.730816,-34.740875,-36.030914,-37.896183,-39.75167,-39.79085,-40.95341,-42.586586,-45.82543,-48.28977,-47.260685,-46.306244,-46.17127,-46.07703,-46.456387,-48.23362,-49.337284,-48.428314,-48.32934,-48.465137,-52.140102,-56.451416,-57.989346,-56.718613,-56.12229,-56.72457,-58.141186,-58.519314,-58.42472,-58.138992,-57.745663,-57.988884,-58.577816,-57.565525,-57.352818,-56.552765,-57.156303,-55.170795,-54.529785,-56.33698,-57.37077,-56.68048,-54.618866,-53.105473,-55.00332,-57.9832,-59.16479,-59.939926,-61.37386,-63.945328,-64.74012,-64.76721,-63.076416,-62.78873,-61.92328,-59.94162,-58.646046,-58.911446,-56.548737,-55.166866,-54.404263,-54.582245,-55.897217,-56.164913,-56.55947,-58.01684,-58.209362,-59.090042,-60.049046,-60.609455,-61.079105,-62.103046,-60.768738,-60.220257,-59.035103,-58.50209,-59.348633,-59.32552,-59.19942,-60.427998,-62.377083,-61.342106,-60.190197,-59.761448,-59.565277,-59.231556,-60.97873,-64.92937,-65.52956,-65.51172,-65.09576,-65.90826,-66.32555,-65.85197,-66.30529,-67.57045,-64.69611,-63.147385,-62.620308,-60.76939,-60.483444,-61.74959,-67.874954,0
-156.02338,90.74708,10.988097,19.309332,-3.948684,-7.456681,-10.188545,-2.2935376,1.2113223,-5.221427,-5.2917957,-4.857147,2.155643,-40.15854,-37.50201,-33.930523,-30.547945,-26.272135,-27.295649,-33.18891,-34.828033,-35.483463,-29.391659,-27.022814,-32.310516,-36.60627,-32.212173,-28.117655,-26.017376,-27.545788,-31.603586,-32.26314,-29.31948,-29.391796,-32.699898,-37.340897,-36.696823,-34.99983,-35.083275,-34.31048,-34.141773,-35.50666,-38.206726,-38.823402,-38.75761,-38.73522,-38.50777,-38.768017,-39.256596,-39.87285,-39.47395,-39.612095,-40.862553,-42.185337,-43.655605,-44.110374,-43.119965,-41.592636,-44.141106,-45.462345,-46.992767,-47.01374,-48.942623,-49.171055,-49.060772,-47.88623,-46.366238,-46.362423,-46.814224,-45.75571,-44.763546,-43.772156,-44.205753,-43.67741,-44.513973,-44.942066,-45.46076,-45.850426,-47.566917,-44.89036,-45.263126,-45.67502,-45.887253,-46.805374,-47.156914,-47.774128,-47.79614,-46.35332,-46.494923,-45.614555,-47.46539,-48.342636,-48.687286,-49.754852,-49.56921,-50.40613,-50.4836,-49.82157,-49.081062,-50.368793,-50.670853,-49.208588,-49.718937,-48.864223,-48.325726,-49.8171,-50.054844,-52.97393,-52.354115,-51.10407,-51.402637,-52.055355,-53.907475,-55.37575,-53.642517,-53.004284,-49.507217,-47.937023,-49.771782,-52.958015,-55.950718,-56.531517,-55.37455,-55.403004,-55.35963,-57.33427,-56.5805,-54.85137,-55.49457,-57.33431,-58.644405,-60.09953,-60.658817,-59.35915,-55.80145,-53.284687,-52.122654,-52.780777,-54.249386,-58.099823,-68.07667,0
-198.83195,168.93295,-55.986816,62.434814,15.102596,-21.063234,12.622522,-21.722256,7.354853,6.3097544,-25.207502,3.8324294,-1.0546683,-33.51345,-36.060284,-41.203056,-25.843117,-14.32764,-19.632166,-38.313534,-38.304832,-33.735535,-27.071604,-23.57911,-25.530542,-29.539589,-31.597353,-31.460615,-29.301054,-28.495604,-30.76228,-31.19326,-33.19521,-37.992706,-38.172565,-36.887474,-34.70704,-36.98073,-40.68973,-40.874985,-40.3027,-40.844616,-40.65033,-44.398106,-43.52918,-40.24789,-40.18326,-40.447163,-41.188892,-41.340027,-44.144337,-47.2462,-48.340675,-46.710472,-43.964935,-42.41577,-44.20604,-46.979534,-47.0091,-48.087883,-49.50614,-51.126766,-50.087757,-47.83321,-46.630226,-45.65451,-45.012627,-44.236572,-44.334747,-41.978313,-39.958813,-42.222004,-41.783577,-39.41805,-40.731544,-42.988804,-41.433197,-40.221336,-41.116444,-41.608494,-39.4588,-40.279602,-42.222504,-42.029682,-44.762978,-45.40958,-46.35419,-46.41099,-46.391426,-46.043957,-47.610825,-47.94242,-47.089893,-49.862774,-50.323235,-47.88837,-46.531727,-47.992104,-46.13428,-44.007065,-41.820072,-42.91133,-45.879646,-48.32314,-49.76061,-51.744553,-53.842014,-56.87437,-57.169945,-61.072086,-64.62212,-68.017525,-75.50598,-78.84133,-79.68217,-79.91121,-79.91601,-79.91803,-79.92062,-79.927795,-79.93239,-79.93736,-79.94102,-79.94685,-79.955124,-79.95768,-79.961914,-79.96421,-79.97284,-79.97292,-79.97719,-79.9823,-79.983574,-79.984474,-79.98661,-79.98717,-79.97954,-79.770164,-79.878555,-79.99149,-79.99201,0
-150.20045,91.33873,-43.428654,42.490593,-41.8822,18.618862,-39.386787,-7.9281516,-13.334616,0.6146519,-11.769122,-3.9766104,-4.467974,-47.113678,-42.827423,-43.45365,-45.172855,-44.229515,-41.7839,-34.283714,-23.043423,-19.50902,-22.71519,-28.084038,-31.624077,-33.310867,-33.572483,-34.22431,-29.981033,-24.327364,-23.99118,-27.347645,-30.245605,-28.793722,-27.534952,-29.187906,-29.556225,-28.838436,-27.344393,-28.226982,-31.57787,-35.908165,-37.005035,-36.71372,-35.091892,-33.987133,-32.994404,-33.91766,-36.093777,-37.95646,-40.292645,-41.221462,-40.578262,-39.14147,-37.78456,-37.201847,-35.637577,-35.306473,-38.38212,-41.010883,-42.10988,-39.185608,-37.797066,-35.978058,-34.99061,-36.775604,-37.1681,-38.493397,-37.915283,-36.807804,-35.64834,-33.887268,-34.507877,-36.09403,-36.417244,-37.014004,-37.031006,-35.579765,-36.24274,-37.074287,-37.93057,-40.125217,-39.692333,-40.399017,-41.08651,-40.57393,-40.618378,-43.19908,-42.942295,-42.608444,-41.518894,-43.017548,-43.52079,-42.657036,-42.354866,-41.756386,-39.87967,-39.244698,-39.407795,-36.03042,-36.66549,-39.321907,-39.78689,-39.398144,-42.49562,-43.142487,-40.902107,-42.49084,-41.90155,-38.68424,-39.646915,-39.212566,-37.30955,-38.17998,-39.888298,-40.233,-42.82887,-44.035362,-45.47418,-46.560078,-47.38634,-47.90614,-48.379707,-49.47172,-51.11626,-52.672424,-54.696465,-56.627625,-58.6089,-59.87261,-62.048122,-64.428665,-66.14421,-67.24314,-68.97553,-71.04537,-74.222,-76.71908,-78.73564,-79.22426,-79.22661,0
-88.17907,75.78273,-21.231224,5.5596685,-7.4994974,-6.928233,0.47913468,-9.9359,-7.7329903,-2.695951,-12.1680975,-9.5686655,-12.012875,-46.493507,-42.585125,-40.83368,-40.11475,-39.32136,-37.478107,-30.485674,-21.087307,-17.753809,-23.137867,-29.04726,-30.437998,-31.297155,-32.22299,-31.031301,-29.455599,-28.072489,-27.864279,-29.09318,-32.81709,-35.60746,-37.218487,-36.30961,-35.667225,-32.993652,-30.86154,-28.772936,-28.7116,-31.548521,-32.622017,-32.32938,-33.4493,-34.176422,-34.09461,-33.86459,-31.52786,-30.73978,-32.145344,-33.233356,-34.23354,-35.718323,-35.89198,-35.402554,-34.098488,-32.710484,-32.860596,-34.279823,-36.30974,-36.68266,-36.01072,-35.74415,-36.137608,-35.413185,-35.590816,-36.56753,-35.52249,-35.46602,-34.722187,-34.007496,-35.900726,-37.236202,-37.667316,-38.499485,-39.287426,-39.399513,-38.110924,-38.767586,-39.845646,-40.09407,-38.69969,-39.04916,-40.674206,-41.17505,-39.860245,-38.66863,-40.13092,-41.549137,-40.05733,-39.47721,-40.974358,-40.339928,-39.835938,-40.983795,-39.922424,-39.04985,-38.995453,-38.26166,-38.924942,-39.99968,-41.236988,-42.32332,-43.30399,-44.504845,-45.699646,-46.3426,-46.455162,-46.811394,-46.758366,-46.66709,-46.38721,-47.21744,-47.208946,-46.405285,-47.318836,-48.85889,-49.91144,-50.325157,-51.959553,-52.605328,-53.7542,-54.098347,-52.89966,-51.694115,-50.784893,-51.061905,-51.123737,-50.2009,-49.47516,-48.77658,-48.37736,-48.712048,-49.36769,-51.035934,-51.49019,-51.188934,-50.364452,-53.363823,-64.440216,0
-189.19296,77.18402,22.699865,9.226512,-34.658695,-26.486315,-14.789584,-19.661203,-12.805971,-15.640572,-13.778902,-19.80399,1.7902396,-63.34239,-61.454067,-58.4181,-51.98308,-36.644024,-35.803596,-39.236588,-35.388603,-31.36449,-29.910559,-28.229927,-26.436646,-27.647799,-31.576597,-31.595753,-30.562918,-29.746742,-29.559856,-28.766357,-30.018082,-30.572086,-33.671154,-31.823023,-28.917732,-28.409082,-30.756538,-35.038635,-37.93468,-36.86022,-37.361374,-38.73238,-39.64488,-39.895138,-39.22035,-39.589695,-37.864914,-36.946507,-39.287334,-42.130463,-42.801304,-44.21217,-44.682846,-47.717995,-47.47772,-46.454758,-47.937504,-47.034424,-45.462997,-46.10089,-48.963047,-55.179493,-57.999004,-56.678555,-55.796005,-54.375114,-52.552643,-48.26765,-48.231735,-51.985985,-53.836494,-55.44269,-54.064438,-54.885174,-52.79867,-50.04425,-48.375973,-49.35207,-52.47629,-54.934032,-54.84986,-53.474598,-53.220844,-54.169804,-55.213787,-57.270176,-55.146477,-52.55112,-50.19789,-50.08436,-51.539318,-48.820904,-48.04398,-47.313114,-48.219086,-49.492294,-47.206284,-46.404503,-47.197372,-49.285786,-48.43132,-49.001987,-49.766125,-50.561653,-52.147316,-54.179718,-55.50046,-55.09076,-54.73793,-54.879276,-50.47316,-48.65694,-49.59996,-49.719696,-48.8358,-50.040657,-51.63177,-52.99482,-54.76119,-57.320377,-56.80589,-56.668324,-56.259727,-56.18721,-56.47675,-57.997826,-60.15015,-60.68172,-60.963177,-61.09447,-58.69729,-56.222084,-54.98883,-52.610607,-51.07204,-51.793785,-53.17087,-56.24864,-64.90884,0
-161.4161,78.75335,-13.940934,4.0799675,-23.908083,-8.878781,-34.113216,-39.09603,-7.7914023,-16.748684,-20.247925,-15.284399,3.808863,-64.26089,-62.070255,-58.88457,-52.637657,-50.010696,-40.939747,-36.112926,-34.26357,-32.77871,-29.918945,-26.811222,-24.159666,-25.491425,-27.71837,-25.86284,-27.02335,-29.758684,-29.738579,-29.11067,-30.552593,-28.644743,-24.350964,-22.364754,-24.791225,-29.484734,-33.81256,-36.29331,-37.32052,-37.80065,-37.851933,-37.478306,-38.146446,-37.399265,-37.166187,-38.30534,-40.414986,-41.863094,-42.202286,-42.622494,-43.559727,-42.776314,-41.768913,-40.582592,-39.546047,-38.362507,-38.53814,-40.772324,-43.164856,-44.188225,-43.72371,-44.09872,-42.931038,-41.48814,-40.890953,-39.905693,-40.797653,-41.04874,-40.998234,-40.832726,-39.90183,-37.226135,-36.25383,-36.46234,-38.368237,-40.643173,-40.704872,-40.785244,-41.361614,-43.057465,-43.81809,-44.954502,-48.482513,-51.92145,-51.903877,-52.810863,-55.86214,-54.42654,-52.78944,-52.456898,-49.53903,-46.78194,-47.191196,-46.172752,-46.236828,-47.904446,-46.58111,-46.247185,-46.034576,-46.553635,-46.058594,-44.33163,-44.19981,-44.96935,-45.72691,-46.077835,-45.63057,-45.940586,-46.552357,-47.414814,-48.317974,-50.525936,-52.603325,-52.581837,-51.29857,-48.809174,-48.47049,-48.763687,-49.42994,-51.108654,-51.563854,-52.124714,-55.26493,-57.588306,-59.08052,-61.88308,-63.564877,-62.40415,-61.114902,-59.249207,-59.155228,-58.389465,-57.376934,-54.921913,-53.866207,-53.23819,-54.2563,-56.82851,-65.6101,0
-198.6067,76.91522,-5.961147,23.102947,-34.170383,-32.78907,-17.697134,-30.570858,-10.693136,-22.815832,-7.5458703,-16.800108,-9.81869,-68.13275,-66.85633,-64.80264,-60.398514,-48.799866,-48.343216,-45.07973,-35.448524,-26.794937,-23.35479,-24.983946,-32.37715,-38.674744,-38.62673,-36.519936,-34.690765,-33.49154,-33.5386,-31.837402,-28.407068,-27.488684,-28.321692,-29.665802,-32.950165,-36.5504,-36.72583,-38.492294,-43.725803,-42.758347,-41.540497,-40.359344,-37.410145,-34.55914,-36.16386,-40.90797,-44.71503,-49.684547,-52.43461,-51.30702,-47.979954,-46.762268,-47.672344,-44.25964,-43.12193,-47.459217,-54.826706,-55.330986,-52.08533,-50.229355,-48.450096,-47.983356,-49.79087,-53.518814,-53.47235,-54.117928,-53.13847,-49.80244,-50.194485,-56.335144,-55.224403,-51.80687,-48.80679,-48.085484,-51.012207,-56.59391,-53.257893,-48.296925,-46.724575,-47.15737,-50.7107,-52.390472,-51.436512,-50.082836,-52.99001,-53.649487,-51.227814,-46.828335,-47.91735,-49.694683,-48.38073,-46.928036,-45.39695,-44.60462,-46.735435,-47.614403,-45.7982,-47.81577,-49.355904,-49.355606,-51.809547,-52.796806,-51.460175,-51.544502,-52.267525,-50.214382,-48.445873,-48.459152,-49.152054,-48.923134,-50.319996,-52.044567,-53.75896,-55.14505,-55.41124,-56.811893,-57.310856,-59.106693,-60.386993,-60.449272,-61.99243,-64.03056,-68.38568,-68.51559,-67.55458,-66.88951,-66.16713,-63.615444,-62.572647,-62.76815,-63.464954,-62.079735,-60.491844,-59.551254,-59.446754,-58.837868,-57.90883,-60.48993,-68.914566,0
-129.85197,60.639225,17.198517,45.457226,6.7342286,-0.696598,-25.70105,-12.403179,-17.189093,6.5369434,-15.325865,3.624207,-10.473251,-42.908894,-43.634403,-45.556396,-33.62078,-19.768707,-16.458456,-24.631414,-33.219597,-31.640947,-26.242914,-23.954697,-24.745853,-27.489635,-30.256882,-29.894594,-27.539083,-27.95951,-27.143091,-26.24359,-28.904495,-31.349827,-33.768158,-34.818027,-34.429512,-34.159206,-35.478474,-38.102276,-40.211334,-41.99794,-42.9015,-42.46827,-43.971935,-45.13829,-45.426937,-47.15102,-49.224293,-49.02448,-49.1499,-49.757374,-49.9527,-52.265587,-52.445915,-50.731934,-49.154373,-47.228184,-48.28574,-48.276028,-47.80857,-47.718273,-47.82848,-46.057457,-46.49761,-45.779793,-44.504765,-44.14613,-43.494526,-43.13631,-42.57668,-42.828556,-43.428,-43.566742,-43.71395,-43.06021,-43.4417,-42.81537,-41.361843,-40.96796,-39.850216,-40.68605,-44.537273,-43.779976,-43.786602,-45.58876,-45.19577,-46.30129,-46.962666,-45.62846,-45.991257,-46.684605,-43.616158,-41.294247,-39.56619,-40.10133,-42.431057,-44.716106,-45.504494,-45.31931,-45.26275,-44.960457,-43.842846,-42.62802,-42.499348,-43.99804,-46.186348,-46.83112,-46.84225,-46.036777,-45.24349,-47.751556,-47.2569,-46.942646,-49.025326,-48.47388,-49.33405,-48.490196,-48.455627,-49.504196,-48.4145,-48.02351,-48.382103,-47.612698,-47.490704,-47.00677,-45.614597,-48.120747,-49.74027,-49.79202,-49.391003,-49.52048,-47.66031,-47.25835,-47.923546,-49.0119,-50.520447,-53.13268,-59.106907,-70.2069,-79.0264,0
-147.10081,92.054245,-6.6875134,49.064846,-16.522722,14.783018,-43.913883,2.3817115,-25.429497,-8.377609,-17.79162,-2.98463,-18.106441,-58.269157,-53.677563,-47.748062,-34.966335,-25.974325,-24.465343,-27.509604,-28.538546,-27.979008,-28.532402,-27.214447,-25.308184,-23.88242,-25.663498,-29.567968,-30.02591,-28.464455,-27.30696,-28.648443,-29.69706,-31.024368,-32.684593,-35.96965,-37.946068,-36.55499,-36.348694,-38.036747,-41.55131,-44.122982,-45.683094,-45.140114,-42.194653,-41.6782,-43.255753,-45.86739,-48.28717,-47.491314,-44.651592,-43.501152,-45.33692,-47.056526,-48.43314,-48.695118,-47.52001,-46.813057,-47.2622,-48.754192,-49.77464,-48.586895,-46.975914,-45.861095,-46.41615,-46.056576,-46.027283,-45.609344,-44.7673,-44.778793,-46.169262,-45.52597,-44.922115,-46.087685,-44.106995,-43.693203,-44.36705,-45.480625,-44.932125,-43.098614,-43.215702,-44.809467,-44.442543,-44.975277,-45.88769,-45.383327,-44.536873,-44.613728,-45.618,-45.230556,-45.493958,-47.216297,-46.94318,-48.109623,-48.14499,-48.843155,-49.51602,-50.675335,-51.579983,-52.34272,-52.114086,-52.69307,-52.422596,-51.740025,-51.19175,-48.951748,-47.46762,-47.433002,-47.29147,-46.56936,-45.39322,-45.43185,-47.922905,-48.90772,-48.497555,-49.418438,-49.777977,-49.194668,-48.296715,-49.218506,-50.314,-50.694427,-51.830574,-53.19105,-51.93841,-51.184048,-53.46003,-55.12537,-56.33383,-56.33363,-57.794575,-59.770374,-61.98658,-66.27431,-70.749535,-74.69257,-77.46408,-78.975204,-79.74963,-79.82871,-79.839645,0
-116.157,119.0756,-20.69641,33.8939,-27.914267,15.773994,-24.072533,11.248808,-8.406807,13.761435,-10.147742,6.731635,-1.8357679,-34.163006,-33.92519,-35.842632,-33.779396,-20.397518,-17.462805,-28.70662,-35.81754,-32.009426,-26.416521,-22.168604,-26.542599,-30.081161,-34.35685,-36.990784,-35.767254,-33.21991,-30.38418,-32.325535,-29.748571,-24.84596,-22.967232,-24.31576,-27.662355,-29.9934,-30.37282,-31.398167,-31.02955,-33.02189,-35.50939,-33.97714,-32.46953,-33.314735,-33.108097,-33.34695,-36.363483,-37.22646,-36.447826,-36.871746,-36.518696,-36.316326,-37.889744,-37.65983,-37.34056,-38.134113,-40.00275,-41.17098,-40.520374,-40.16634,-40.83503,-39.871357,-40.530006,-43.28161,-44.13647,-41.584248,-41.78418,-42.22454,-40.627537,-40.839417,-40.05812,-39.38076,-37.73571,-37.03822,-38.66626,-39.705166,-39.512268,-42.750824,-45.869255,-46.166878,-47.5704,-48.173145,-45.932903,-44.83684,-43.62158,-44.130756,-43.87859,-42.475178,-45.413002,-45.960552,-46.83792,-46.7136,-47.287918,-47.242767,-43.79809,-43.862816,-46.118557,-47.60186,-47.788914,-49.16918,-47.965816,-47.104633,-45.601826,-45.122032,-46.551,-47.658684,-46.049446,-49.40009,-49.72565,-50.197193,-49.634468,-49.28077,-49.167873,-50.24289,-50.488693,-50.81376,-50.97242,-50.775543,-51.849453,-52.880646,-52.855534,-53.486557,-54.069443,-53.910854,-54.72098,-55.388195,-56.595673,-57.689175,-58.61217,-60.472214,-63.311684,-66.812935,-71.94564,-75.42831,-77.95115,-79.15417,-79.389534,-79.29943,-79.31583,0
-112.99947,116.2562,-50.050217,7.1209364,-5.4080625,-18.816936,-12.30949,-14.278413,-5.739618,-2.14907,-7.3075323,-8.454012,-8.564833,-44.56768,-42.98664,-42.559845,-40.34492,-34.051125,-26.834122,-28.088848,-30.554995,-30.09158,-28.631563,-25.04352,-19.906057,-21.886686,-26.649897,-29.22177,-28.633705,-25.922434,-24.824165,-25.62612,-26.038168,-25.92487,-25.57522,-25.422337,-24.799147,-24.919104,-26.383892,-26.487522,-26.339594,-26.725603,-27.36881,-28.392159,-29.30701,-27.118399,-24.686768,-25.413702,-27.884008,-31.026527,-32.400608,-33.745945,-33.79158,-32.571075,-30.689865,-32.82012,-33.12501,-33.10646,-31.977339,-31.83708,-31.887362,-31.160831,-31.236368,-32.847927,-32.536003,-31.268965,-30.444864,-31.223188,-30.168608,-29.851713,-30.337381,-32.82804,-33.822784,-31.23429,-28.97488,-29.626656,-30.566225,-30.65341,-32.631725,-34.25135,-33.838184,-34.014988,-34.6437,-33.474186,-35.12843,-38.632065,-37.137844,-36.927544,-37.710514,-36.887222,-36.490913,-36.868954,-37.109367,-37.774075,-36.564987,-38.40603,-38.752293,-38.74568,-40.79166,-42.234184,-43.046936,-44.548576,-45.473717,-46.302387,-46.85042,-46.55212,-46.29406,-46.873814,-46.728893,-47.485237,-48.560112,-49.121227,-50.751858,-52.66949,-54.002777,-55.5563,-56.32629,-56.594948,-56.579918,-55.732742,-54.564255,-54.83767,-54.931152,-56.290375,-58.016056,-58.997726,-59.67802,-60.66109,-60.73292,-59.671608,-58.67925,-57.988792,-57.637657,-57.207565,-56.513416,-55.39884,-55.540413,-56.06232,-57.18756,-61.095646,-71.64679,0
-283.99472,151.58493,21.97656,33.15691,14.808913,22.963781,2.8845692,11.616298,6.950719,4.651736,8.860081,2.5600436,6.8036156,-16.286575,-16.756302,-20.503159,-22.847404,-24.23592,-25.145336,-26.620323,-28.421122,-27.498901,-22.607937,-30.529171,-34.752445,-35.20249,-36.655624,-37.34722,-40.91905,-41.06589,-39.318855,-40.24878,-36.751038,-40.02728,-41.190784,-41.275677,-41.500336,-41.408188,-43.18576,-43.133385,-44.148006,-42.987053,-39.233284,-45.070755,-46.8445,-47.937443,-49.338657,-48.637417,-50.959137,-50.817955,-51.531975,-46.830257,-41.60849,-49.639153,-49.511658,-49.93495,-50.450127,-49.622345,-52.724117,-51.024082,-51.689667,-44.023727,-49.53847,-52.780148,-54.803764,-53.30601,-55.57439,-55.09186,-49.671616,-47.02718,-54.434254,-55.57327,-53.98739,-56.50511,-55.60289,-49.688385,-55.5379,-57.985817,-56.87266,-58.911564,-54.667442,-53.524857,-58.03388,-57.91787,-59.231815,-56.94855,-57.361183,-61.644333,-61.54323,-61.45962,-58.382893,-62.568382,-62.185905,-61.694,-60.45156,-64.06429,-64.357574,-63.103153,-63.648594,-64.940475,-64.6844,-64.426605,-65.022675,-65.51085,-64.23655,-63.933937,-64.304924,-65.52456,-66.278336,-66.00879,-66.41576,-66.62375,-66.29279,-67.431725,-67.4499,-66.52938,-65.518074,-63.673138,-63.761093,-64.79491,-65.13478,-64.202034,-68.399445,-69.50143,-72.119995,-70.95156,-72.65204,-74.30274,-73.832504,-74.56882,-74.984055,-74.51725,-74.12798,-74.61115,-74.47771,-74.67219,-73.13657,-73.539696,-73.79053,-75.09439,-79.78292,0
-204.3017,104.12143,-18.950861,33.23793,-15.66171,16.643644,-19.281355,17.802982,-5.539187,12.354618,-6.2558594,11.335401,-1.8533607,-9.881055,-34.222168,-40.78435,-34.874863,-32.254467,-34.236538,-38.447605,-37.678482,-35.284294,-32.622776,-33.16391,-37.583096,-39.0252,-37.020077,-35.844997,-35.76668,-35.600723,-34.98195,-36.474297,-36.570404,-34.6783,-34.598835,-36.35053,-37.680496,-36.968864,-36.658707,-36.871754,-38.267517,-38.84928,-38.548145,-38.669926,-37.53047,-38.77057,-39.8037,-40.277576,-41.33324,-41.53447,-41.668224,-41.54078,-41.604862,-41.87891,-42.306828,-41.68245,-40.881184,-44.142975,-45.31385,-45.02551,-44.145382,-43.9723,-44.73301,-45.75649,-46.39388,-45.132774,-44.109524,-45.71061,-44.576065,-44.312557,-45.54765,-45.48067,-43.060314,-43.104168,-44.390343,-43.652405,-44.63911,-44.587814,-44.15957,-44.94669,-46.04717,-45.086327,-45.943935,-46.26123,-43.237293,-44.567986,-46.872974,-47.776745,-48.45872,-47.675724,-48.89959,-48.039444,-49.023697,-48.42733,-47.671074,-50.386883,-50.230225,-51.338425,-51.637344,-51.679363,-51.319057,-47.9423,-49.371487,-51.771027,-52.243355,-52.170185,-52.180523,-50.84861,-50.02377,-52.88723,-53.5087,-53.718243,-52.262405,-49.07165,-51.40002,-53.71837,-54.39779,-54.89502,-51.704514,-54.97698,-56.947773,-57.272808,-52.791973,-53.64967,-57.94584,-57.70765,-54.898636,-55.572098,-58.756348,-60.09453,-55.139923,-62.448547,-66.14439,-66.17373,-69.01764,-77.27597,-78.79935,-78.953,-79.06361,-79.06674,-79.06879,0
-124.78301,118.68808,-16.25307,10.998781,-6.0158086,-28.755125,-16.460455,-3.897844,-20.289219,-1.5825545,-4.1754603,-5.2362986,-10.344106,-51.455193,-47.0781,-41.836483,-35.453148,-29.171902,-27.930944,-29.33069,-28.474474,-25.998291,-23.120655,-23.540262,-25.624447,-26.555532,-27.753927,-28.766506,-27.829376,-26.112257,-24.195707,-22.200205,-21.066895,-23.467356,-25.676174,-25.945557,-25.419067,-27.102015,-27.50515,-28.810497,-28.000982,-25.881886,-26.500679,-29.532831,-32.074215,-32.634655,-33.21684,-33.97132,-35.70601,-36.817894,-36.411766,-35.422157,-36.142925,-35.94129,-36.186028,-37.544765,-38.418015,-39.638397,-40.609604,-39.242737,-38.43286,-40.32163,-39.952324,-38.771572,-39.534912,-39.94714,-38.95426,-39.054733,-38.924267,-40.310978,-39.72682,-40.363045,-41.357094,-42.146393,-42.067783,-42.180008,-41.40976,-41.681217,-42.92174,-41.548477,-41.399075,-41.139725,-39.71377,-39.72439,-39.898373,-39.53804,-39.955723,-39.467705,-39.459988,-39.091335,-39.583088,-39.733955,-40.28315,-41.943306,-41.39462,-42.2985,-44.077473,-45.406414,-46.478664,-48.38175,-49.971844,-51.116184,-51.394386,-51.690296,-52.571747,-52.684456,-52.7439,-52.909893,-53.167694,-54.134056,-55.20237,-56.68837,-58.84148,-58.55902,-58.068306,-58.0612,-56.813866,-56.49915,-55.864544,-55.99648,-55.674168,-55.445805,-55.70214,-56.39872,-56.45736,-56.130096,-56.54221,-56.294945,-57.155922,-57.91468,-57.78222,-58.03917,-58.455196,-58.38163,-58.271507,-58.558952,-58.732914,-58.80078,-58.819283,-61.93515,-72.1784,0
-142.52156,83.82233,-1.2409488,32.367958,-1.2311059,2.8934112,-12.323092,-18.582863,-8.7795515,-1.6723737,-6.6128497,-2.4339583,-8.822467,-42.20937,-42.47723,-38.529713,-32.382668,-25.687862,-24.419107,-27.927107,-27.929895,-29.45052,-30.743002,-29.288162,-25.48981,-26.343742,-29.545433,-29.098392,-30.514652,-29.87855,-27.713015,-27.015364,-29.316584,-31.183853,-29.860567,-29.433315,-31.412266,-35.159645,-38.641853,-39.97605,-40.346546,-39.7897,-38.038998,-38.791176,-40.61659,-41.562466,-42.67157,-43.118755,-42.364838,-40.711823,-43.031296,-44.640846,-45.069836,-45.16351,-43.205734,-41.839245,-43.097122,-43.67408,-45.5143,-44.50286,-43.825256,-42.448147,-42.212307,-41.58647,-41.19946,-40.37931,-41.05033,-41.501965,-41.0212,-39.41455,-37.891468,-38.670547,-41.384827,-40.80321,-41.415024,-40.917362,-41.4473,-41.612976,-43.043743,-47.11244,-48.99887,-47.671593,-46.10625,-45.996346,-43.62861,-43.013054,-43.124054,-43.122826,-44.149906,-45.99126,-44.58215,-44.360653,-45.02721,-44.37723,-43.138218,-42.411327,-44.602238,-47.42027,-49.140285,-51.190826,-49.017105,-44.320423,-42.893078,-43.272675,-43.401566,-41.722343,-40.93058,-42.61958,-44.996998,-47.80826,-47.124176,-48.633213,-53.003735,-53.86169,-52.412365,-50.987236,-49.270153,-50.215176,-50.07717,-49.560715,-52.340984,-54.422432,-55.029186,-54.493004,-54.92306,-55.96762,-56.14339,-55.5188,-57.402264,-56.165234,-55.578907,-54.74192,-52.78433,-54.45001,-59.02791,-57.86827,-55.980465,-56.42775,-55.937397,-59.54961,-72.02016,0
-141.76828,85.15632,-21.38289,51.35129,-18.155878,2.3325498,-24.505367,14.210387,-17.839775,-4.4271193,-9.996386,0.945301,-11.5942,-54.5418,-44.666348,-34.412746,-27.911694,-38.832947,-40.19943,-34.31789,-26.74873,-23.8784,-28.146105,-34.615036,-37.971622,-39.032093,-36.285473,-33.162827,-32.44694,-29.825785,-29.958479,-31.974783,-35.066128,-36.102406,-36.131638,-36.414375,-38.758984,-38.393723,-38.18885,-41.489944,-41.632313,-40.420597,-40.700634,-42.34841,-44.503223,-45.14291,-42.618393,-40.817486,-40.495365,-41.30157,-41.88001,-43.30326,-45.071945,-46.5147,-46.90635,-46.345165,-45.477497,-45.84707,-46.786674,-45.983017,-46.150562,-46.332592,-47.160423,-48.80459,-50.869625,-48.27355,-48.42196,-50.14361,-48.45047,-47.245384,-45.19821,-46.19379,-45.891136,-45.054943,-46.96627,-45.52159,-44.492767,-43.871708,-45.101845,-43.898556,-43.46122,-41.79641,-42.2753,-43.138824,-41.512115,-41.87485,-41.230064,-41.098244,-40.080864,-40.60284,-40.74263,-40.705036,-41.250057,-41.702927,-42.55032,-44.13113,-46.400944,-46.204754,-47.550743,-50.91081,-50.66274,-49.78144,-49.01699,-47.45415,-47.986595,-48.17922,-47.70464,-49.787518,-49.04539,-49.079784,-49.643085,-47.932346,-48.435627,-48.997704,-49.17469,-48.483116,-49.685974,-49.01302,-50.216164,-52.467873,-55.13561,-56.3769,-56.04864,-55.861984,-56.226902,-55.887035,-55.222782,-55.345993,-56.556335,-57.26722,-57.872284,-60.153202,-62.712467,-66.507225,-70.08939,-72.65359,-75.34434,-77.054825,-78.03739,-78.4155,-78.419266,0
-149.7279,88.417595,-5.6772857,13.479956,-12.781121,1.7740194,-24.371748,-1.0131949,-5.8837566,-0.5710982,-20.312666,-0.4861986,-14.119282,-49.48531,-50.09917,-58.19058,-56.554928,-50.038456,-38.954975,-24.759058,-21.476374,-29.159826,-34.75265,-38.065166,-40.063942,-37.709034,-34.396225,-33.171497,-36.41902,-39.786724,-42.76976,-43.60038,-40.78493,-38.041756,-37.97127,-39.54701,-42.285297,-42.38686,-41.647713,-39.083904,-36.124866,-37.05817,-39.84124,-43.185497,-43.15785,-43.08745,-42.39168,-41.861557,-42.772865,-45.264572,-47.519783,-48.172043,-47.884842,-47.277145,-47.253864,-47.633934,-48.10782,-50.561558,-49.727036,-46.671032,-45.50321,-46.936016,-48.32462,-50.20493,-51.445427,-49.815346,-48.72432,-49.295822,-50.784042,-52.458984,-50.29054,-48.560112,-47.584953,-47.5408,-46.302174,-46.156193,-47.335384,-48.070015,-47.91564,-47.867508,-47.98389,-48.437164,-49.480923,-50.085686,-50.426216,-50.10557,-52.64445,-54.329945,-53.637615,-55.279194,-57.88741,-56.41656,-56.98185,-57.489098,-57.21591,-56.736988,-55.144432,-54.560333,-55.853798,-54.145775,-53.134293,-52.257107,-52.47364,-53.04402,-53.968796,-55.360966,-56.445034,-58.20636,-56.68253,-56.92231,-57.137283,-57.620476,-55.973663,-54.003937,-53.31535,-55.778275,-58.164936,-57.870045,-58.665615,-58.674442,-58.956055,-58.74381,-57.625492,-58.69661,-58.920017,-59.538544,-59.627033,-60.473446,-59.23217,-59.09525,-58.52695,-59.93902,-61.926678,-62.547775,-63.186466,-64.269966,-65.51382,-68.57353,-73.50242,-77.885475,-79.667076,0
-137.99725,97.97764,-23.350979,6.4069657,-3.3380504,-20.709148,-11.9430065,-24.683107,-18.363535,-6.706079,-20.478102,-5.840958,-14.435312,-51.989952,-52.934055,-52.12291,-48.57843,-45.50397,-40.433308,-32.119312,-25.524492,-20.462877,-20.423182,-26.299587,-29.956713,-32.55416,-32.268974,-31.418644,-29.96761,-27.077944,-23.90636,-21.664448,-23.035666,-27.328857,-28.004444,-29.80229,-33.66031,-36.33084,-36.854313,-36.742924,-33.568344,-32.439503,-35.055347,-36.76943,-36.995518,-38.218544,-37.97544,-39.05307,-39.1868,-37.681614,-36.366516,-36.242428,-37.15569,-38.97894,-39.19892,-40.117123,-39.11123,-38.407257,-39.1849,-39.005226,-39.385513,-40.158775,-40.464428,-41.05942,-40.726227,-39.098816,-38.414062,-37.599415,-37.757355,-38.911816,-38.662907,-38.473072,-38.626232,-38.568783,-37.796932,-38.215767,-40.26015,-41.377018,-41.663456,-41.635838,-42.305363,-43.819008,-44.645252,-43.699005,-43.616093,-44.619682,-44.35865,-43.648907,-44.808292,-43.914448,-44.144638,-42.908062,-42.63508,-43.198772,-43.737255,-42.287773,-43.03094,-45.838688,-48.343563,-47.32456,-46.90056,-48.672398,-47.824722,-47.786106,-48.997803,-48.82575,-48.884052,-50.51333,-50.138912,-51.23192,-52.84808,-53.49764,-54.77959,-56.02308,-56.688057,-57.586212,-59.263905,-60.608585,-60.813675,-61.116924,-60.593594,-60.26011,-59.49216,-59.26175,-59.409836,-58.46107,-57.056633,-56.18578,-55.62919,-54.29348,-53.13602,-52.619778,-53.246483,-55.449734,-57.06538,-58.03044,-58.22072,-57.921734,-58.335342,-60.309803,-70.14909,0
-137.8331,122.65065,-18.34495,32.52835,-4.286269,-2.8381925,1.0704715,-9.234954,-2.22697,-1.6909442,-9.008183,-0.80148363,-7.510726,-45.170197,-43.093475,-34.24436,-17.021564,-17.126572,-27.60908,-30.891573,-21.758461,-15.649145,-19.27563,-27.169315,-30.062748,-27.547873,-26.976025,-28.986393,-32.74608,-32.390106,-30.319826,-28.862135,-28.928164,-31.002388,-31.821478,-30.154312,-29.631243,-31.028639,-32.230778,-32.44959,-33.602203,-33.608997,-34.647186,-35.547016,-36.12892,-37.067257,-37.808426,-36.859783,-37.077713,-38.1695,-38.150494,-37.71337,-38.20761,-39.052845,-38.21759,-36.2568,-35.358784,-37.555664,-40.28735,-39.95681,-38.2849,-39.624268,-43.400177,-41.7829,-40.60217,-42.282436,-42.42101,-40.87188,-40.926678,-41.40815,-39.35886,-38.855587,-39.694603,-39.931,-40.585808,-41.54815,-40.853268,-41.177666,-42.06308,-42.382404,-43.30072,-43.67605,-43.100273,-44.600437,-45.08949,-44.349194,-44.253746,-43.444717,-44.2514,-43.29272,-43.29635,-42.153866,-43.7175,-44.198875,-43.85151,-43.905155,-44.95097,-45.66539,-46.456814,-46.342083,-46.53706,-45.801334,-46.09999,-47.09096,-47.174774,-46.82876,-47.772358,-47.935776,-48.222607,-50.552036,-51.618713,-51.8203,-52.71659,-54.726414,-56.154972,-56.58883,-58.1241,-60.013996,-60.57748,-60.630947,-60.17388,-60.50522,-61.156986,-61.21954,-62.481,-62.607536,-62.56732,-62.87206,-62.10257,-61.625988,-61.580765,-61.46436,-61.280724,-60.92199,-61.667747,-63.183926,-65.17368,-67.06066,-66.59201,-67.01336,-67.96792,0
-193.16924,35.66377,29.834455,10.056169,-22.34535,-29.227177,-12.911099,-10.85719,-10.961079,-24.799778,-4.325503,-12.3736515,0.02320652,-65.278404,-55.10581,-53.505466,-53.815197,-45.397476,-43.036575,-43.3837,-41.38317,-35.96393,-30.184307,-26.479897,-29.201824,-33.0342,-38.171597,-39.49521,-39.1433,-38.305706,-35.764484,-31.469738,-33.89904,-32.131886,-30.322556,-30.63599,-32.923992,-37.070244,-40.38556,-43.75615,-44.48071,-45.712574,-44.855793,-42.065735,-40.216446,-39.997635,-39.323566,-40.13665,-43.080757,-44.60999,-45.421135,-48.369366,-49.92332,-49.943977,-49.15396,-48.645767,-47.547592,-47.17011,-47.062164,-47.935658,-49.178852,-50.497585,-52.906734,-53.06247,-53.719997,-55.651962,-57.825882,-57.645996,-59.26835,-58.0227,-55.42009,-54.56357,-55.66818,-55.104916,-55.388233,-54.02882,-52.298992,-51.43631,-50.06993,-50.246174,-49.202236,-48.34543,-48.26712,-49.477764,-50.599865,-50.428116,-49.724678,-49.677315,-49.74747,-48.893005,-47.495438,-47.333405,-47.37463,-48.703842,-48.589607,-47.237804,-48.288082,-49.50355,-46.99281,-46.16588,-47.61611,-48.216694,-48.55804,-49.667553,-51.827454,-52.363495,-52.57066,-50.728973,-50.306427,-51.19794,-49.558136,-47.36502,-46.621246,-46.928055,-44.3641,-43.97367,-45.600014,-46.947742,-48.12998,-48.136906,-48.630684,-48.158394,-49.64162,-51.133904,-55.189655,-57.66059,-57.640625,-56.383034,-54.214386,-52.84299,-49.59061,-48.35318,-48.877625,-48.609688,-47.90024,-46.435387,-45.740074,-43.17854,-44.151016,-46.40012,-59.0744,0
-154.0604,68.95862,-13.276294,62.57889,-9.305594,34.790806,-16.362528,12.928084,-11.253756,18.75865,-13.737845,12.213753,-6.91256,-35.730328,-31.601763,-28.873262,-22.315437,-20.956736,-24.721106,-31.686522,-33.510033,-30.013433,-30.143713,-32.52401,-36.01196,-37.57951,-36.942165,-37.592945,-37.552326,-38.216064,-39.053524,-36.13975,-37.975834,-41.43453,-42.427673,-40.39536,-37.379074,-38.944992,-43.44567,-45.758533,-44.561745,-44.76846,-45.334095,-46.768307,-46.430386,-46.859585,-45.978027,-46.448406,-47.795574,-46.378883,-45.837723,-46.972492,-47.15132,-47.340652,-48.223103,-46.53946,-45.218243,-45.929432,-47.66972,-46.332775,-45.67233,-44.447056,-44.84923,-46.7424,-45.690655,-45.161922,-45.335724,-43.50295,-42.815388,-43.853264,-43.853333,-43.346386,-42.959038,-41.647243,-40.5141,-41.776466,-42.49309,-43.207005,-43.355453,-42.780815,-44.214977,-44.525845,-45.276047,-46.09456,-44.823227,-45.716198,-46.92096,-46.669197,-46.18535,-45.409164,-44.114788,-42.758682,-41.887154,-41.51183,-42.46669,-43.752575,-44.971306,-45.320732,-44.546547,-43.841396,-43.425354,-43.777386,-42.46573,-41.862373,-41.850418,-42.140507,-43.10675,-43.225704,-43.586937,-43.494484,-43.326202,-44.39857,-46.174934,-46.78781,-46.045464,-46.00272,-47.077843,-48.16832,-49.981968,-52.27239,-51.74777,-49.04834,-47.28148,-46.55196,-48.1044,-50.345943,-50.53473,-50.186993,-49.484013,-50.538834,-54.03683,-56.503975,-59.005863,-62.770718,-68.07265,-73.30337,-76.95286,-78.898735,-79.76823,-79.77128,-79.77423,0
-165.24625,80.31042,16.589594,-9.39239,-3.4998734,-6.3891854,-4.184385,11.521152,-21.773664,10.493834,-5.2016773,11.835867,-7.222816,-44.87362,-30.759457,-29.844393,-46.11605,-35.150875,-40.529583,-46.356033,-46.92397,-40.058403,-32.485844,-28.295145,-29.470005,-33.549774,-35.870846,-36.914948,-41.32344,-44.793278,-43.03174,-41.23906,-37.460876,-35.167248,-32.3967,-28.387539,-30.750538,-35.671227,-38.175922,-40.54083,-41.327538,-40.788166,-40.215252,-40.20171,-38.899162,-39.53914,-38.943813,-37.70633,-39.195427,-41.717884,-42.738132,-44.875946,-44.583225,-44.53866,-43.718315,-42.033688,-41.437096,-42.01899,-41.25829,-40.832626,-42.94418,-40.170673,-41.55001,-45.22277,-46.522938,-47.38291,-48.155457,-48.22166,-49.32576,-49.75595,-50.714256,-50.36691,-50.481815,-52.602287,-52.549816,-51.076847,-52.570213,-53.39455,-51.33381,-50.603905,-53.065887,-52.193752,-50.95499,-49.216755,-49.01308,-49.396763,-52.09035,-52.823383,-52.59926,-52.405582,-48.801025,-49.859802,-51.89356,-51.696907,-49.8009,-52.865017,-53.36616,-53.32091,-52.241856,-53.941174,-57.14299,-56.220955,-57.35232,-57.112385,-56.719257,-58.163185,-58.245987,-56.762554,-58.52239,-60.34048,-58.83195,-59.27095,-59.90028,-59.463093,-58.38088,-58.121696,-56.54857,-55.392735,-56.162445,-55.416454,-55.196697,-54.746994,-54.197834,-52.1904,-51.059685,-49.778778,-48.017494,-47.907516,-48.026882,-48.236656,-48.59496,-49.099186,-51.99974,-53.82811,-52.688572,-54.33861,-57.529457,-58.498035,-58.92709,-64.33461,-74.73758,0
-190.5077,59.047775,-12.010629,9.790949,-26.166248,-4.928155,-19.202354,-15.091774,-11.944409,-8.667395,-13.52458,-10.296194,-13.431941,-53.96401,-54.12085,-52.600475,-49.823048,-48.831566,-46.62674,-42.625732,-37.066692,-29.434572,-25.000628,-21.65675,-24.808537,-30.008177,-33.90759,-34.299465,-33.98608,-33.713787,-33.817574,-33.06539,-33.720325,-35.667023,-35.178493,-35.109104,-35.77455,-35.83291,-36.934288,-37.211784,-35.383236,-32.939175,-34.198742,-34.538624,-35.533993,-34.145138,-33.026585,-37.05041,-39.860493,-40.996006,-40.490574,-42.05247,-43.403946,-44.70976,-44.708447,-43.27382,-41.56875,-40.564056,-38.545937,-37.586494,-37.491882,-38.202904,-40.780563,-43.444057,-43.087997,-42.850163,-41.504536,-41.386448,-42.099926,-42.978355,-44.5706,-45.40245,-44.398853,-41.98043,-40.14784,-40.70687,-44.60014,-46.00962,-46.028107,-43.21151,-40.388065,-41.602703,-44.26577,-45.278297,-45.657696,-44.969112,-45.334858,-47.43121,-48.146492,-46.141624,-44.40723,-43.70532,-44.223244,-45.47237,-46.550663,-46.81363,-46.07838,-46.156975,-45.051228,-41.774,-42.57363,-44.605934,-42.210842,-40.760296,-41.64928,-43.197933,-43.49498,-45.311417,-46.69456,-45.603893,-46.56183,-47.844402,-46.43526,-45.775288,-47.131866,-46.442757,-47.144817,-46.906246,-44.98591,-46.28815,-47.384285,-49.62051,-50.27868,-50.381763,-51.44686,-51.299034,-51.935112,-52.337944,-54.171318,-54.831856,-55.261497,-55.39464,-54.992886,-54.491165,-53.622368,-53.837063,-55.66348,-55.984566,-55.354088,-57.551266,-67.26166,0
-247.70576,52.495163,9.388991,14.391522,-32.24546,-35.126858,-22.695992,-1.8504839,-21.521025,-22.283566,-1.4645952,-17.13025,-2.336135,-75.89011,-74.77586,-70.313995,-68.784874,-59.44682,-53.82553,-49.852192,-47.451412,-47.220432,-47.58062,-45.158657,-42.23158,-41.987434,-44.1084,-44.675835,-45.798958,-43.418728,-41.885887,-43.420555,-45.296223,-45.657894,-45.343163,-44.807804,-44.14098,-44.77664,-45.899677,-48.128365,-47.61786,-46.61637,-45.535328,-46.700645,-49.733612,-50.945183,-51.6975,-53.30639,-54.851116,-55.8905,-57.864315,-58.034023,-56.940136,-55.54541,-53.936672,-53.87047,-54.206673,-56.829178,-59.02325,-60.834454,-60.451363,-62.32491,-63.78633,-65.058395,-64.697845,-62.77013,-61.953278,-65.3639,-67.40775,-67.32299,-67.5275,-68.78015,-67.60887,-65.74671,-62.63749,-60.52781,-61.223198,-61.968285,-61.959137,-59.948387,-58.044777,-59.23937,-58.189705,-56.66332,-56.463684,-57.735073,-57.63491,-58.185127,-56.738235,-54.651596,-54.737755,-55.514984,-55.41417,-55.11431,-54.303566,-55.30756,-54.962936,-55.80035,-56.15688,-56.420593,-58.929096,-62.04485,-64.338684,-67.12618,-68.38904,-66.4284,-65.63364,-64.23013,-62.6181,-60.83385,-59.294262,-57.49469,-58.21732,-60.578606,-59.66108,-59.13221,-59.051914,-58.510952,-58.201645,-57.708424,-58.861267,-59.701572,-61.790104,-61.516003,-63.735313,-67.67443,-69.14116,-70.08634,-68.50623,-68.41017,-68.44582,-68.29279,-66.43566,-64.351425,-62.838795,-63.46966,-64.22726,-64.93628,-65.71794,-67.40639,-74.91653,0
-256.0785,89.250374,30.372637,35.2916,3.4449272,11.295413,-5.625382,-0.4175489,-1.2801692,7.3750715,-6.960978,-1.8914448,-8.699155,-40.94851,-41.48066,-36.81202,-27.257332,-25.705597,-31.53361,-35.54026,-33.623074,-33.18189,-35.08588,-35.5806,-34.133804,-36.29734,-39.156044,-41.079254,-40.09514,-39.472904,-40.515396,-42.057785,-42.318283,-42.12148,-43.433628,-45.688007,-46.815075,-46.09439,-46.491837,-47.458595,-48.27789,-47.97337,-48.273827,-48.53554,-49.278564,-48.61138,-49.411224,-50.924892,-53.40692,-52.585873,-52.001415,-53.67026,-55.464737,-55.99311,-55.034428,-55.601364,-56.49505,-56.591175,-56.00204,-56.183823,-56.699963,-55.65158,-55.743095,-57.06719,-56.861416,-55.53585,-55.89791,-56.46337,-55.93802,-55.413124,-55.144703,-53.689415,-54.211506,-54.71619,-53.434994,-54.422054,-55.275017,-56.822613,-58.095997,-57.3703,-58.480427,-59.549007,-59.624283,-59.877937,-60.758858,-60.00094,-59.71956,-59.379166,-58.258278,-57.784283,-57.938255,-57.645073,-57.43899,-56.32283,-56.55708,-56.824566,-57.12339,-58.31052,-59.519558,-60.163006,-60.288563,-59.75625,-58.76766,-58.596077,-57.44762,-56.48686,-56.531868,-56.574017,-56.320843,-57.577732,-59.163418,-60.492924,-60.507767,-60.453213,-60.393593,-59.30367,-58.30923,-58.835606,-59.885704,-61.942287,-62.905296,-62.46096,-61.951256,-62.317673,-62.632404,-61.70424,-61.56902,-62.96926,-63.158916,-63.098732,-61.49856,-60.59074,-61.501514,-62.809242,-63.69173,-63.131588,-63.26089,-65.40246,-70.26679,-76.06701,-79.26146,0
-213.73138,58.769302,-70.37999,53.650326,-31.551105,-12.578108,-31.002235,-18.775688,-11.225826,-1.4415476,-17.258686,4.382357,-9.207871,-53.96312,-53.778584,-52.892433,-49.135025,-42.066372,-45.26862,-49.731163,-48.130295,-40.43075,-32.33192,-32.298145,-38.53031,-40.08917,-34.628906,-29.098848,-27.564312,-31.883308,-33.590534,-31.806427,-27.889977,-27.31023,-30.481522,-33.543934,-35.137836,-34.432056,-33.95592,-36.07454,-38.40097,-38.305428,-36.682133,-37.245075,-39.995655,-40.871666,-40.3852,-39.564915,-40.145245,-42.0831,-43.513885,-42.97719,-41.575382,-40.753605,-42.519657,-45.16862,-44.221752,-41.64255,-41.534992,-43.17075,-44.54418,-43.28055,-40.641735,-41.774086,-41.836742,-39.904633,-39.038937,-37.512707,-37.286926,-36.834957,-36.12595,-35.8582,-34.44617,-34.21766,-34.817463,-33.52533,-33.10954,-33.314034,-32.977386,-34.018383,-34.124794,-33.86503,-35.54679,-34.03734,-33.466293,-34.572968,-33.234062,-34.35689,-33.690613,-34.00356,-34.10245,-34.649666,-34.12663,-34.2543,-34.799515,-34.977734,-35.669697,-36.54122,-35.32574,-34.922813,-34.466732,-33.95901,-33.304325,-33.584927,-33.760143,-34.758747,-35.17774,-36.295982,-36.987007,-38.42358,-40.881245,-41.526325,-42.312897,-42.38027,-44.85813,-47.454967,-49.554058,-52.21243,-54.0494,-53.83018,-54.305607,-54.21138,-52.917217,-53.034348,-53.94238,-55.368885,-55.80381,-55.785667,-56.77834,-59.126278,-61.303436,-61.98713,-64.15091,-65.41424,-64.724724,-65.350075,-66.80628,-69.16401,-72.78676,-76.67785,-79.11823,0
-217.05307,64.38277,-9.01725,-0.77853847,-37.30149,-26.256556,-16.16589,-19.337471,-10.203709,-14.341279,-8.498959,-10.262646,3.542538,-74.6386,-70.03693,-63.22136,-59.176872,-50.39018,-51.803043,-51.777557,-48.43093,-41.633045,-37.41701,-38.514965,-40.263916,-40.266796,-41.40496,-40.88506,-43.532257,-41.380577,-39.296135,-34.579617,-35.108448,-35.4278,-39.41278,-40.584496,-41.502213,-41.05348,-38.156544,-36.598984,-35.206245,-33.333317,-33.132584,-37.14801,-43.41106,-47.5925,-49.200684,-48.00776,-47.53266,-47.668217,-45.90419,-43.46063,-43.39522,-45.66154,-46.025005,-47.09226,-45.93166,-46.540173,-47.472137,-49.886402,-47.89012,-47.080994,-49.778175,-53.054417,-53.176632,-55.419903,-57.57179,-56.934807,-52.20462,-50.955948,-52.810406,-55.34455,-56.392395,-56.69647,-52.639603,-50.39314,-51.174057,-53.904232,-53.93585,-52.830814,-49.0455,-48.989197,-52.270355,-54.582237,-55.537357,-53.448635,-54.622955,-57.23571,-57.911335,-55.362114,-54.54076,-55.188576,-54.36185,-51.625465,-51.308895,-53.428555,-51.068672,-48.118923,-48.21073,-48.864582,-48.020565,-50.391773,-54.56094,-54.62653,-54.4959,-56.550056,-56.074856,-55.562374,-55.76773,-55.060284,-55.8931,-54.97042,-55.441742,-57.39564,-54.969955,-55.259243,-54.10763,-55.45236,-55.94952,-57.150997,-57.208164,-59.91229,-60.684452,-61.317944,-62.78452,-64.64783,-64.2868,-63.784367,-63.907524,-64.19375,-63.331642,-63.502968,-63.72493,-63.747425,-62.870857,-60.7589,-59.32176,-58.607376,-58.60021,-60.10787,-67.73179,0
-171.38577,90.21215,-5.0658665,25.553785,-8.562681,8.486502,-9.933583,-2.5628574,-5.5215344,-7.8401017,-11.175536,-1.4957395,-7.948644,-50.602886,-49.80281,-48.649757,-46.75862,-43.271164,-35.97433,-19.40743,-16.841425,-28.212044,-37.808186,-43.693996,-46.88464,-44.82609,-34.320927,-28.76266,-32.610058,-40.79554,-44.611244,-46.305264,-46.650196,-39.81046,-33.896763,-33.87505,-40.188892,-45.301315,-48.2881,-51.24902,-48.879772,-42.52875,-39.43785,-41.909348,-46.920605,-49.33167,-50.957294,-51.07208,-47.92568,-42.05463,-41.692394,-45.38363,-49.300213,-50.302254,-49.38595,-47.829044,-44.978146,-44.026356,-46.509716,-50.65077,-52.145035,-50.913967,-48.625107,-46.811954,-48.389957,-51.812077,-54.089973,-52.06505,-48.45,-47.485043,-49.964928,-53.166996,-53.05153,-49.7596,-48.177845,-51.279007,-51.70243,-50.190025,-48.657047,-48.957043,-50.732887,-51.75055,-51.21319,-50.875343,-51.185516,-53.395855,-53.690365,-53.937057,-53.016674,-54.3469,-54.496395,-54.425083,-55.486385,-55.467346,-54.09048,-54.417297,-54.40318,-53.881992,-53.43073,-52.845375,-53.388103,-54.3805,-55.91629,-55.935772,-56.4629,-56.697067,-55.816513,-55.43131,-54.655323,-54.085094,-53.68889,-54.039497,-54.152435,-54.624912,-55.48637,-56.987377,-58.26772,-58.729794,-59.56568,-61.148247,-61.676136,-61.89757,-61.053234,-61.665897,-62.248924,-62.717957,-63.56082,-64.35548,-64.75672,-65.17447,-64.80263,-64.20172,-63.41358,-63.31769,-64.05299,-65.17718,-66.39165,-68.10484,-71.471275,-75.70612,-79.327965,0
-317.79184,154.18335,-2.235224,-20.913258,-18.478281,-2.2124522,-16.422094,-19.595184,-4.4481497,-6.997621,-11.770762,-3.0020113,-7.391069,-59.03441,-56.67985,-53.668697,-52.25865,-50.451527,-50.084713,-49.12961,-46.5575,-33.292,-27.364191,-32.976997,-42.332638,-43.113804,-36.171238,-33.370552,-37.83023,-44.045223,-44.394756,-38.76998,-36.396404,-39.21664,-43.25927,-41.821903,-35.607365,-34.017128,-37.120243,-41.32557,-42.6871,-39.1827,-40.09251,-44.32723,-46.152767,-46.5997,-43.011192,-39.621235,-42.99197,-45.2913,-47.43899,-46.777073,-45.831547,-47.243637,-50.11005,-52.194183,-50.802944,-50.539864,-51.897663,-51.6544,-45.135986,-36.55715,-43.73829,-52.77412,-53.21545,-52.357418,-54.765846,-54.93275,-52.477062,-55.545723,-58.29413,-57.06125,-56.368904,-59.910255,-57.574127,-54.563004,-56.056667,-56.8228,-55.537766,-58.030205,-59.3711,-62.578854,-65.88204,-68.44463,-70.54518,-70.33878,-68.10039,-67.65807,-67.62383,-69.47231,-70.138016,-72.9432,-72.61947,-73.28623,-72.07707,-71.099,-69.7172,-70.12717,-68.95636,-68.95616,-70.09812,-71.004036,-71.21867,-71.14067,-70.30922,-70.145935,-69.99611,-70.715225,-69.38722,-69.01985,-71.60838,-74.38629,-74.74489,-72.08299,-71.23217,-72.86739,-73.003876,-73.98776,-75.87444,-76.5915,-76.77769,-76.977646,-77.25594,-77.63972,-77.59904,-76.00116,-75.28948,-75.76702,-75.440605,-75.7738,-76.47489,-78.08623,-78.86634,-78.25965,-78.03034,-78.02948,-77.956635,-77.75229,-78.6042,-79.38721,-79.48542,0
-203.13878,64.908714,15.043403,52.796368,-8.320765,13.8150425,-27.718935,26.922895,-33.181164,11.446285,-19.33854,-0.14118691,-3.7623243,-36.80161,-36.309193,-38.22246,-31.361631,-27.793697,-32.615395,-31.625797,-24.150215,-24.868616,-28.512007,-30.314747,-31.259747,-33.35886,-35.06009,-33.531864,-29.187273,-27.91924,-31.83332,-35.020195,-35.928673,-36.345078,-36.930614,-39.258827,-39.281803,-39.35057,-41.852444,-44.37428,-45.17334,-45.611954,-45.813828,-46.743855,-46.01997,-45.028893,-44.6431,-45.50827,-45.923603,-46.0754,-46.257763,-46.21015,-46.20989,-46.9295,-46.99346,-47.910976,-49.50957,-49.37261,-49.793354,-50.2963,-51.382114,-51.041603,-50.806263,-50.4505,-51.316467,-51.10865,-50.77619,-49.85616,-50.20622,-50.631382,-49.63583,-49.42177,-48.983982,-48.8009,-48.012905,-47.910667,-48.299686,-48.276794,-46.704575,-45.736687,-46.04686,-45.379524,-45.115913,-45.042866,-45.280216,-46.066128,-46.878967,-45.248817,-45.610653,-44.91883,-44.01169,-43.42427,-43.633522,-43.860256,-43.03527,-43.745026,-43.87868,-44.12376,-43.825275,-45.528286,-46.993866,-48.926224,-49.804966,-49.7389,-50.482937,-50.698456,-52.062603,-52.062393,-52.328026,-51.739727,-51.653324,-51.71734,-51.2111,-51.6787,-49.001656,-45.712627,-43.582184,-42.52578,-42.10312,-42.35751,-42.618694,-43.671192,-43.98268,-44.338,-43.806435,-44.70582,-45.59142,-46.03427,-45.95818,-47.268337,-49.69923,-51.877815,-54.26344,-57.0284,-60.11142,-65.20042,-69.75735,-75.108696,-79.174095,-79.61135,-79.617966,0
-175.55658,105.396866,-1.9272984,32.75313,-14.401597,29.055815,-24.832775,25.36984,-5.9097533,22.289265,0.2985197,13.126838,0.8948614,-8.456378,-11.186227,-16.52564,-19.41837,-23.662897,-31.5591,-27.853344,-25.086752,-26.219538,-29.873886,-30.92661,-30.869392,-30.10587,-29.772566,-27.841738,-29.95784,-29.50596,-28.637156,-27.238634,-28.364403,-30.067574,-29.239117,-25.711315,-26.425776,-30.800821,-30.345873,-28.656225,-29.383682,-31.527235,-31.297215,-31.785017,-31.23837,-33.547443,-33.745968,-33.139786,-33.21367,-34.451828,-35.494663,-36.143723,-35.8929,-37.018852,-37.617325,-37.186195,-38.363613,-39.414665,-38.338196,-38.217594,-38.632885,-38.366592,-37.083004,-37.253345,-37.314003,-38.23131,-37.645332,-37.6481,-38.346855,-38.60495,-39.115143,-38.664204,-38.596096,-37.619427,-38.08373,-37.291653,-37.813965,-38.87762,-40.061253,-40.650604,-40.223164,-40.26033,-40.65801,-41.79326,-42.398487,-43.28339,-42.86618,-42.79665,-43.210197,-43.190304,-44.362255,-44.897243,-44.62205,-44.569782,-43.47439,-43.44972,-43.2349,-44.231506,-45.193954,-45.76006,-46.4428,-46.97585,-47.34058,-47.73067,-47.992313,-48.128902,-47.004868,-46.29903,-45.347454,-44.992302,-44.770344,-43.942932,-43.661194,-42.732334,-42.535732,-43.475117,-43.696983,-42.87078,-42.229523,-42.750195,-44.079613,-45.28144,-45.23497,-46.02735,-45.447872,-45.278736,-46.953266,-47.80676,-45.736553,-49.638924,-51.846794,-54.123856,-55.252254,-57.316948,-60.217052,-64.54904,-68.40052,-72.59384,-75.443375,-77.51034,-78.92433,0
-150.34961,90.515816,15.766412,34.055153,-2.4367232,11.717954,4.4259124,11.666765,2.8946617,10.076532,4.126685,10.383251,5.636229,-6.2889657,-8.008512,-15.51688,-32.93403,-35.052044,-23.006582,-24.39566,-34.300472,-28.814953,-22.667763,-23.348156,-31.723131,-32.707836,-33.840946,-33.65592,-36.26199,-36.14837,-35.0248,-31.145704,-28.969564,-29.226582,-32.15424,-33.901302,-34.740154,-35.147354,-35.013374,-34.51484,-34.903255,-35.77407,-34.98306,-35.08077,-35.8486,-38.79514,-40.318882,-40.330296,-40.390026,-40.150078,-39.80966,-38.641624,-38.24845,-38.958233,-38.710766,-39.838665,-41.721085,-42.059082,-43.034763,-42.310093,-41.995266,-42.176086,-41.983704,-42.487823,-42.428905,-44.181084,-45.36502,-46.237015,-45.57564,-44.79534,-44.689945,-44.22829,-44.63663,-45.600792,-45.744267,-45.535484,-45.502068,-44.28135,-44.232765,-44.44441,-45.973278,-45.75551,-44.90235,-45.080936,-45.229458,-45.037537,-45.55261,-45.299686,-45.089394,-45.91701,-45.211174,-44.29884,-43.521038,-44.429016,-45.397,-45.642864,-46.229633,-46.686497,-45.669098,-44.98409,-45.032646,-45.645214,-45.3762,-45.303104,-44.523678,-45.629723,-46.962315,-47.129387,-47.49909,-48.147778,-48.01785,-48.597633,-48.859756,-48.39018,-49.011703,-49.349247,-49.49748,-49.242393,-49.66534,-50.0251,-49.85184,-49.16448,-50.338947,-50.58858,-51.351604,-51.68508,-52.243275,-53.074512,-53.63987,-53.634274,-53.89426,-55.387905,-55.324833,-55.395138,-56.089474,-56.09642,-55.942013,-56.573368,-57.193794,-59.594055,-70.13682,0
-166.36652,88.78641,-6.00884,8.844338,-20.501595,-0.88991016,-3.2730021,-24.99555,-11.455085,6.670588,-12.1436615,-7.035639,-4.750098,-42.07607,-46.332047,-47.103737,-47.15872,-44.315266,-38.532497,-31.013916,-31.14465,-33.752926,-34.810463,-33.70006,-32.371933,-31.68797,-32.20267,-30.071005,-31.527084,-34.025463,-32.556828,-31.6548,-33.40906,-33.728264,-33.424133,-31.811811,-32.819374,-36.495064,-38.02986,-37.883533,-37.99762,-37.119488,-33.473766,-33.438084,-36.942654,-41.33319,-42.92381,-43.69803,-40.029167,-37.25281,-37.901108,-39.30878,-40.971127,-43.681908,-43.848785,-44.409805,-42.75984,-39.679237,-39.4265,-41.433426,-43.987007,-44.279087,-43.3682,-41.59095,-38.618443,-37.834034,-40.351933,-43.264076,-44.58596,-42.02719,-40.827946,-43.12094,-44.12028,-44.53432,-44.862827,-44.802418,-47.176434,-49.05263,-49.47309,-49.875294,-49.733105,-51.285156,-52.838657,-51.987522,-52.69588,-55.28872,-54.527676,-53.959335,-54.58862,-53.7899,-50.784813,-49.011307,-49.20093,-46.876247,-44.53049,-44.45549,-42.90782,-44.551517,-47.48384,-47.093742,-48.37192,-46.815353,-47.34856,-47.222942,-46.819344,-47.348507,-47.33038,-47.870636,-47.41535,-48.931988,-52.75397,-53.381535,-53.634575,-55.145164,-56.604618,-56.76065,-56.748962,-57.172348,-57.480408,-56.975994,-54.897858,-56.07878,-56.94658,-57.019707,-57.294765,-58.517887,-56.58454,-55.85406,-57.1992,-57.597626,-60.045635,-60.9024,-60.52639,-59.030655,-59.44076,-58.43294,-57.492935,-57.98515,-59.126957,-62.240368,-71.15996,0
-136.4147,122.8873,-2.5897539,45.99675,-5.2980676,9.104057,-24.407553,22.681767,-22.253525,4.8613772,-9.606301,1.8679087,-8.709133,-30.004381,-29.44206,-20.557364,-16.673264,-28.76839,-32.35883,-18.05358,-17.732603,-28.572979,-25.208107,-19.58401,-22.741453,-27.380016,-21.6398,-19.87263,-26.81829,-28.961262,-23.807396,-24.13525,-30.438017,-31.972555,-27.647257,-29.107761,-33.553577,-31.98193,-29.970594,-32.76145,-36.48718,-35.340458,-35.628044,-38.00705,-38.036526,-35.357777,-35.56698,-38.68859,-37.603374,-36.340008,-38.112904,-39.400078,-38.422127,-38.919743,-41.125343,-41.159523,-40.368347,-41.930557,-43.72284,-43.7767,-43.272385,-43.69236,-43.020798,-41.64508,-41.573578,-43.36531,-43.153122,-45.20228,-44.509094,-43.88309,-44.15875,-43.218517,-42.729958,-42.316536,-42.643204,-42.87339,-42.31074,-42.011414,-42.491817,-41.964874,-42.693375,-42.668583,-42.53444,-42.142,-41.10104,-40.51579,-40.103886,-40.46893,-39.71357,-39.981087,-41.749466,-42.197773,-43.003246,-42.73303,-43.420265,-45.057133,-46.667007,-48.609592,-49.07367,-50.228985,-50.275608,-51.009552,-51.487106,-50.540905,-50.657307,-51.741985,-52.2461,-52.24276,-52.68385,-52.78701,-53.05737,-52.584282,-52.437096,-52.834435,-52.813457,-51.824024,-50.342686,-49.656727,-48.59673,-47.01136,-46.514145,-48.58515,-52.08917,-53.683365,-55.10451,-56.545795,-56.791634,-55.298965,-52.36976,-52.93505,-54.201008,-56.728943,-58.399803,-61.159924,-65.68245,-71.29647,-75.687614,-78.24669,-79.32556,-79.32753,-79.32794,0
-221.51184,151.62454,-20.500929,11.03766,-15.942705,-6.3564014,-8.849264,-24.57903,-8.810547,-9.169834,-8.527615,-3.917826,-5.328214,-44.15747,-59.217876,-59.854168,-56.36833,-45.46421,-34.83954,-30.412819,-32.93066,-37.559322,-41.03231,-42.345028,-40.299862,-37.722374,-35.17073,-32.441753,-31.469042,-32.16077,-34.253914,-38.047478,-38.037354,-38.431606,-39.025253,-37.691444,-35.8993,-37.26714,-38.674953,-40.008022,-42.5925,-43.74266,-45.216957,-47.47205,-46.757263,-44.194756,-43.115383,-44.599285,-46.87207,-49.965466,-48.672115,-46.614407,-46.385975,-46.056347,-45.792973,-46.488224,-47.593117,-49.65973,-49.693825,-49.077698,-49.071552,-48.806595,-48.96317,-49.62357,-49.566914,-49.56329,-50.940372,-50.81427,-50.833977,-50.070694,-49.212856,-51.992916,-54.23579,-54.013546,-53.30881,-53.716293,-57.055458,-57.964905,-56.09873,-56.365536,-57.569298,-58.646835,-58.755375,-58.40528,-59.762398,-60.48844,-60.6638,-60.463375,-61.215916,-61.394745,-61.72532,-61.42244,-61.69505,-62.895405,-61.220192,-61.052635,-61.317997,-62.82526,-63.56026,-62.8203,-63.267147,-62.41017,-62.66147,-62.315033,-61.829163,-62.572308,-61.552265,-64.170235,-65.863266,-67.634346,-68.45346,-69.00078,-69.26646,-69.8859,-71.10613,-71.55999,-72.66114,-73.92278,-74.74836,-75.24388,-76.33022,-76.90792,-77.4287,-78.16193,-78.68247,-78.53608,-78.70231,-78.72296,-78.56792,-78.77213,-79.197876,-79.56789,-79.714165,-79.74121,-79.74937,-79.749146,-79.75091,-79.75246,-79.75413,-79.755005,-79.75571,0
-182.7926,73.59484,0.1591027,15.606218,-18.991024,-8.873559,-17.693766,-14.427821,-17.19646,-5.4915147,-11.851623,-6.7050767,-3.6077561,-56.53016,-55.404003,-51.933548,-47.284996,-41.813282,-36.401474,-31.923878,-30.130827,-32.427208,-38.104816,-37.502777,-37.13776,-33.967983,-30.463186,-30.196318,-29.516357,-29.21377,-32.570644,-36.37404,-33.525543,-31.74158,-33.362896,-35.01835,-35.942795,-37.482533,-38.767384,-36.040783,-35.52557,-38.443256,-42.229465,-43.056664,-43.15071,-43.589973,-39.95894,-39.05497,-42.093727,-45.470352,-47.13829,-46.82936,-45.431858,-42.756325,-42.15023,-43.079918,-44.880695,-46.888916,-47.85234,-46.299145,-44.645054,-45.059887,-46.62346,-47.408154,-48.394955,-46.28341,-45.759605,-46.832226,-46.012653,-46.07757,-46.426014,-48.299084,-49.52721,-48.625942,-46.399277,-47.52673,-50.237724,-50.086033,-47.59381,-47.360775,-49.326946,-48.230106,-46.16461,-48.210686,-50.18763,-49.6963,-49.683464,-50.949745,-50.548492,-50.222958,-50.44031,-49.480537,-49.08364,-50.088867,-49.04884,-48.046963,-47.771286,-47.24285,-46.259586,-45.61341,-46.07008,-46.99928,-47.909645,-49.629486,-51.533577,-51.80205,-52.064507,-51.213623,-51.960606,-52.65805,-53.301506,-53.03181,-52.573524,-51.649982,-50.27254,-50.6758,-50.694996,-52.48762,-52.54071,-53.540165,-54.895737,-55.025204,-55.097412,-54.933094,-55.026924,-54.23882,-55.001553,-55.91767,-56.245743,-57.851818,-58.974304,-58.75963,-57.878166,-57.91104,-58.138012,-58.537613,-59.126568,-58.71816,-59.190277,-62.401257,-71.99541,0
-161.04895,83.1226,-4.1654725,11.476968,-32.731556,-9.601879,-28.764898,-32.16003,-10.780151,-11.111207,-14.016825,-17.33086,3.4025817,-67.86263,-65.46089,-61.408257,-53.322617,-42.70047,-41.5514,-39.283146,-35.283318,-30.534578,-28.716623,-27.692802,-30.616823,-34.035015,-36.287613,-35.71675,-34.25095,-31.036238,-28.893255,-28.967285,-30.431105,-30.121857,-28.530003,-28.445768,-31.534103,-34.79157,-35.53973,-36.78954,-37.167004,-39.141663,-40.48907,-41.569267,-40.668446,-40.106594,-39.770397,-40.3909,-40.556915,-41.97222,-43.41016,-46.358635,-48.064804,-49.389446,-49.199318,-47.889206,-45.25812,-45.188828,-45.8743,-45.311504,-45.121765,-45.774952,-46.84866,-46.793633,-45.53297,-46.03722,-47.864407,-49.943462,-49.541077,-48.194023,-46.63519,-45.806816,-46.99843,-47.34059,-47.05319,-46.555874,-45.937992,-46.25137,-45.835934,-47.741367,-47.360916,-48.63085,-50.663128,-52.67817,-54.404648,-55.936546,-59.060925,-61.204914,-57.87725,-55.70453,-53.20295,-53.883408,-52.929634,-50.894524,-49.368855,-49.634872,-49.32673,-47.09462,-47.66249,-48.443672,-46.982002,-46.80678,-47.738106,-50.797417,-52.028114,-51.841763,-50.242046,-51.42049,-53.04407,-51.875942,-49.07884,-49.09306,-50.743065,-52.2385,-52.77974,-53.301586,-53.940456,-52.7259,-52.713913,-52.47238,-53.72549,-54.212757,-54.58099,-56.09073,-58.434082,-60.751057,-61.185276,-64.82071,-66.29075,-66.474785,-65.996025,-65.95907,-65.16839,-62.828568,-61.112778,-59.947445,-59.86836,-59.221066,-60.31857,-62.81928,-70.08274,0
-115.47061,142.41798,-23.542326,3.6347961,-20.597965,-3.4340768,-33.98368,-6.451638,-25.777498,5.621339,-28.965752,1.122525,-14.724697,-59.44013,-57.803078,-44.397285,-37.292305,-31.319233,-28.962568,-27.065226,-25.225986,-26.233292,-27.5711,-27.57228,-26.176878,-23.033869,-23.441391,-24.93652,-24.2192,-22.172777,-23.843138,-25.241179,-26.024178,-25.909502,-25.510147,-26.00407,-26.461319,-27.37611,-27.713655,-27.473993,-27.47907,-28.829823,-31.7993,-34.674446,-33.00565,-31.752401,-31.472837,-31.462835,-33.80856,-35.88404,-36.706444,-36.27944,-34.987423,-35.064426,-34.967587,-34.787144,-36.688267,-37.33938,-37.186237,-38.3903,-39.322906,-40.011726,-40.485302,-39.103767,-38.642876,-37.818153,-36.462685,-38.022247,-39.55193,-39.820595,-39.907948,-41.268166,-40.33443,-39.802467,-38.50308,-38.65248,-39.47212,-40.27621,-41.53703,-42.520996,-43.82149,-44.98835,-45.108128,-46.260498,-46.433983,-47.298157,-49.46275,-50.937798,-50.379562,-49.292854,-49.980816,-51.538746,-51.200146,-51.367508,-49.3396,-49.24915,-50.46666,-50.417313,-50.98095,-50.22428,-50.97128,-54.403233,-57.464382,-53.975395,-52.624046,-53.993626,-55.533707,-54.303204,-53.268353,-55.375336,-59.482624,-56.763546,-57.707905,-61.450333,-59.15185,-59.540627,-61.251827,-58.856365,-59.488094,-62.031593,-60.691475,-59.663395,-57.942917,-55.254944,-55.409744,-55.89552,-55.158478,-56.356056,-55.417862,-55.889008,-57.76134,-59.711536,-62.87286,-65.26987,-70.36185,-73.879875,-78.35994,-79.3284,-79.55735,-79.55993,-79.561424,0
-186.16302,61.50045,2.1792476,5.0515156,-38.778133,-15.785516,-28.506975,-30.285595,-3.7992048,-22.009125,-12.465576,-17.390457,-2.2795188,-68.688156,-65.65221,-59.507965,-53.246006,-47.80044,-51.011787,-46.205276,-40.177937,-34.68875,-30.598646,-28.176952,-28.96378,-31.418774,-33.038578,-28.804508,-27.842392,-29.98001,-32.948685,-33.849644,-34.56285,-35.12609,-34.858994,-30.939049,-28.112305,-30.47899,-34.871696,-35.95427,-36.25791,-36.281338,-36.24008,-34.845135,-35.04668,-37.62839,-41.2228,-42.289803,-42.337727,-42.631924,-43.898212,-43.505592,-42.866306,-44.175915,-45.88289,-45.161686,-46.597286,-45.431477,-44.47337,-42.339706,-42.066574,-45.990944,-48.199543,-50.64976,-52.268494,-51.388588,-49.608784,-49.266827,-49.732304,-48.33744,-47.3251,-44.3577,-43.76277,-46.606518,-48.549477,-48.26281,-45.451553,-44.67459,-47.79747,-50.34344,-48.800053,-48.329967,-49.82917,-50.694977,-50.043056,-51.702755,-53.20189,-51.678814,-50.115345,-51.989834,-54.0606,-52.902294,-53.62217,-54.385094,-50.5622,-50.305782,-50.83056,-46.744873,-47.191956,-48.29593,-45.523773,-46.099937,-45.836094,-46.072346,-47.34208,-45.6499,-47.66705,-47.080894,-46.640877,-45.215218,-45.691124,-44.971485,-46.090103,-47.63085,-49.125965,-48.493553,-48.547455,-47.96463,-47.172115,-47.1612,-48.06262,-50.43822,-52.00603,-55.415585,-57.288986,-59.354103,-61.491325,-60.426167,-60.255802,-63.071712,-62.508095,-60.580513,-58.0553,-56.827866,-55.948383,-53.51295,-51.256546,-51.57479,-50.477966,-55.011913,-66.70737,0
-167.87743,105.95921,-36.305676,36.462048,-14.226164,13.776461,-10.291098,3.9780529,-10.788615,13.495404,-10.678038,12.050496,-12.046619,-26.515957,-30.79255,-37.099373,-29.636261,-24.73022,-26.248726,-31.690863,-32.294224,-31.41566,-33.383785,-33.103962,-29.79708,-28.106325,-29.32359,-32.304108,-32.21411,-30.410864,-30.948214,-30.975006,-31.135305,-30.82018,-32.57256,-34.50407,-34.545002,-32.84477,-31.511705,-33.121952,-34.78146,-34.09813,-33.866196,-34.68402,-36.060806,-35.7483,-35.169373,-36.391712,-37.739998,-38.86575,-37.144222,-34.882328,-35.388775,-38.21036,-38.540436,-38.30187,-38.079914,-35.292557,-35.86477,-36.890648,-36.870296,-37.984474,-37.836914,-37.31709,-36.398052,-37.642742,-37.616474,-37.462154,-35.722473,-36.581898,-36.34467,-35.833355,-35.960377,-36.833282,-37.879368,-38.929836,-38.616207,-39.069912,-40.438908,-40.884373,-40.606125,-40.731487,-42.141605,-41.55993,-40.608932,-40.991665,-39.434845,-39.86923,-39.801094,-39.423084,-39.314766,-38.76971,-39.66781,-42.101265,-43.27809,-43.601143,-44.002758,-44.0447,-44.23822,-43.40535,-43.22538,-41.636982,-41.083714,-41.377674,-41.954964,-42.987045,-44.148777,-44.768375,-45.34849,-46.69484,-47.97185,-48.666542,-49.26806,-49.68544,-51.075283,-52.07526,-52.70822,-53.26357,-53.04662,-54.958916,-54.44384,-55.21348,-55.69357,-55.961525,-55.46875,-55.304092,-55.50142,-55.947994,-55.386982,-54.60379,-53.371853,-54.515137,-57.486633,-60.9243,-64.37085,-68.903145,-72.92298,-75.93781,-77.88036,-79.17782,-79.25215,0
-219.21777,74.49677,6.872912,17.609203,-25.046436,-31.75534,-30.805626,-26.388065,-11.385683,-15.002852,-22.500105,-13.866028,-3.350541,-65.581184,-63.267403,-59.390915,-50.82203,-41.858055,-42.812214,-42.83851,-38.136326,-34.631912,-29.27191,-25.97942,-23.531124,-25.011946,-26.138882,-26.177288,-29.089731,-29.11018,-28.093315,-27.449043,-29.433556,-28.884104,-28.877934,-29.394396,-30.817741,-32.64914,-33.144913,-33.84451,-34.642754,-35.83102,-36.91433,-38.215446,-38.986435,-40.88154,-40.978645,-40.712994,-40.305836,-41.709187,-43.180202,-44.159683,-44.842186,-46.830658,-47.40594,-48.268738,-49.479477,-51.17298,-50.592464,-50.691624,-51.29119,-50.86819,-50.202835,-49.56678,-50.072277,-49.270546,-48.729378,-49.14592,-50.85509,-51.487255,-51.499805,-51.709793,-50.06586,-47.856525,-45.377728,-44.220898,-45.713314,-47.07652,-46.330555,-45.13593,-42.81219,-43.89834,-44.500866,-44.85103,-46.984955,-49.960503,-51.61577,-53.06304,-53.417534,-52.82504,-53.640896,-51.395798,-48.278618,-47.5894,-47.3577,-48.00813,-47.315815,-46.29953,-45.19427,-45.439995,-45.902763,-45.61055,-47.35271,-47.50582,-47.131695,-49.49611,-50.455826,-52.08713,-52.231438,-51.713284,-50.416912,-50.89526,-52.396225,-51.644363,-51.90057,-52.905922,-54.392296,-54.046677,-52.665733,-54.048656,-54.53171,-54.55473,-55.22408,-55.76133,-54.93673,-55.53841,-56.248077,-58.017303,-58.14935,-58.065937,-59.338646,-59.48318,-59.53881,-58.64041,-58.543736,-57.099525,-54.83732,-54.177956,-54.06344,-55.991024,-65.8111,0
-130.96936,116.75962,-17.99433,42.241074,-1.26404,-5.5974536,8.9266615,-5.326375,-17.272417,-11.050705,-13.241424,-6.7778254,-17.369614,-39.229298,-36.856144,-35.552647,-33.24701,-25.411879,-21.311657,-26.92824,-30.98756,-27.408901,-22.11325,-23.056295,-24.982801,-21.785639,-21.588194,-26.086979,-27.781225,-30.390348,-31.699974,-27.568592,-24.58909,-27.780748,-33.11574,-37.9676,-40.325928,-39.19609,-38.963284,-40.914494,-45.61452,-46.8334,-42.21446,-38.67441,-36.049965,-35.97064,-37.851753,-36.865517,-35.13484,-35.717854,-36.990974,-37.599545,-37.320847,-37.824043,-40.498714,-42.084213,-43.59533,-43.15916,-42.43446,-42.408314,-42.850315,-42.30204,-41.525803,-40.16769,-39.529743,-41.24998,-39.105423,-38.69628,-39.12183,-41.525707,-44.10368,-48.676815,-50.339195,-49.17569,-48.375008,-46.060402,-43.651215,-44.61799,-44.20484,-44.772995,-45.136173,-44.682175,-43.1691,-40.816616,-41.145786,-41.906544,-41.729515,-42.608715,-42.825928,-41.356445,-40.481018,-40.525734,-39.588028,-39.540764,-39.006145,-40.174145,-44.055733,-45.773464,-47.23511,-46.152477,-49.178993,-50.03115,-47.32618,-45.79253,-46.00733,-46.177498,-48.453896,-48.471638,-49.604412,-49.378433,-51.39591,-54.896477,-57.498135,-58.710766,-58.219044,-56.975212,-58.498653,-60.637417,-61.39981,-63.46375,-62.849026,-61.006107,-61.139454,-61.036186,-60.663853,-60.816017,-61.148247,-62.673023,-62.017372,-63.536865,-64.61123,-63.42852,-62.486313,-61.97158,-61.445484,-63.185883,-65.31011,-65.56419,-66.073784,-67.1719,-75.24679,0
-194.12233,73.407936,-7.829128,19.464636,-25.244055,-21.942238,-39.87986,-22.3676,-4.887964,-25.111435,-18.093061,-14.447562,3.677224,-72.97692,-68.81623,-66.19596,-60.091587,-55.603477,-48.103226,-41.109074,-33.266148,-32.51068,-36.522507,-38.024994,-38.009876,-36.564617,-37.24232,-36.177635,-33.39891,-32.60544,-32.02613,-31.828434,-32.774315,-34.627903,-37.522606,-38.03992,-36.119896,-36.28007,-39.325493,-42.459095,-42.214584,-41.912235,-42.498734,-43.481133,-44.12974,-45.258514,-47.306084,-49.11532,-48.71673,-48.73373,-48.107014,-49.42447,-51.405453,-50.831436,-48.538948,-49.40616,-51.99955,-52.401466,-53.507435,-54.160427,-52.694454,-52.05239,-54.384514,-57.489246,-58.464283,-57.824425,-57.63629,-55.284733,-52.836678,-52.723274,-52.103218,-51.420116,-49.54378,-47.259247,-47.994976,-50.80329,-50.261105,-48.34471,-44.37582,-44.380043,-47.11206,-48.14946,-46.420982,-44.8771,-48.395832,-51.923836,-52.850624,-54.744488,-57.11552,-58.840935,-58.567314,-60.076965,-57.695007,-53.40159,-52.39005,-53.141922,-51.69607,-52.53939,-54.771626,-51.930473,-51.32079,-53.365856,-53.50491,-54.436287,-55.05718,-54.893353,-54.99352,-54.510353,-54.15194,-54.20302,-55.00633,-53.325363,-53.19402,-52.837967,-54.127766,-54.759995,-55.176746,-54.432617,-55.708202,-56.13487,-56.233673,-57.72845,-59.735588,-61.40844,-62.674423,-64.398544,-64.735374,-65.780785,-66.78427,-67.18127,-67.49726,-68.74814,-69.463615,-68.97755,-67.90253,-64.801544,-62.32065,-61.58297,-61.013485,-63.032677,-70.57772,0
-312.0044,147.72707,14.691142,7.465193,9.509249,1.2288164,-12.726058,-2.8054597,-5.366243,-2.505283,-8.772448,-5.465126,-6.0543885,-44.21335,-46.729156,-46.01485,-35.71236,-32.688686,-41.683315,-44.98783,-44.482933,-35.947495,-36.707737,-42.32699,-43.19365,-41.111362,-31.57256,-34.676426,-39.96305,-38.44653,-37.6167,-40.583336,-45.047886,-42.24991,-42.639523,-44.723763,-44.512154,-48.126232,-49.422916,-51.020954,-49.932972,-50.244488,-50.909313,-50.90813,-52.13608,-48.799435,-48.55922,-49.688076,-51.342106,-52.989193,-51.201138,-49.608143,-51.4042,-55.88852,-55.04945,-54.05063,-55.728065,-57.698654,-59.81143,-60.225155,-58.46432,-58.169468,-59.22285,-60.67869,-58.298153,-57.74396,-56.893894,-50.08694,-57.59035,-57.706024,-56.303867,-55.24696,-55.571804,-60.697052,-60.08586,-59.945732,-60.762688,-63.094536,-63.57719,-63.79905,-65.07831,-63.99504,-66.394104,-64.58061,-61.16062,-60.599224,-63.051994,-64.48667,-67.85324,-68.20404,-67.112816,-68.30948,-68.60016,-70.353004,-71.99249,-73.72578,-75.23054,-73.407684,-74.04115,-73.97776,-72.147644,-70.56487,-71.627174,-71.98798,-72.22108,-73.213554,-73.01172,-72.821594,-74.35557,-75.50966,-75.01089,-76.88622,-77.27367,-77.14235,-77.28994,-77.073235,-76.016556,-75.12617,-73.48293,-74.26175,-74.139656,-74.3714,-74.863556,-76.211815,-76.57138,-75.70448,-75.3705,-75.652504,-75.750725,-76.302795,-76.82864,-77.53342,-78.05143,-78.695335,-78.98668,-79.28906,-79.453636,-79.50591,-79.54801,-79.5699,-79.58385,0
-173.04402,85.78318,1.546991,6.8077755,-9.904036,21.40037,-9.667951,-5.826921,-1.1498237,-1.3750128,-17.062765,1.9435045,-15.184492,-48.332314,-47.477825,-48.53547,-47.195454,-46.248955,-44.91038,-35.56386,-21.01597,-17.99235,-25.970581,-35.913734,-42.679203,-47.212116,-48.071815,-45.260643,-40.00411,-34.806194,-36.16791,-40.796204,-45.58824,-47.977375,-48.488346,-46.93349,-44.30319,-41.456055,-40.673004,-41.37446,-43.044827,-46.84273,-48.36151,-46.66009,-45.202465,-44.459972,-44.669376,-44.996582,-44.681503,-45.632458,-47.126194,-46.41031,-45.286064,-46.868828,-47.167175,-47.41735,-45.758064,-45.608128,-46.03268,-45.847378,-45.607998,-47.850735,-49.47065,-49.08987,-47.988697,-46.64193,-45.98777,-47.082603,-48.785168,-49.325974,-48.159267,-47.67577,-48.479305,-51.058346,-52.35321,-52.024017,-49.88646,-49.12154,-51.043037,-52.144855,-53.59429,-52.6936,-53.476673,-56.806023,-56.816044,-55.65848,-57.453648,-59.67282,-58.694046,-57.67831,-59.444397,-60.78288,-59.60873,-60.589848,-60.66794,-59.992027,-60.214256,-59.776062,-58.5972,-57.088184,-55.2532,-54.757706,-53.305733,-51.455532,-53.210735,-54.31852,-54.283493,-55.498295,-54.992355,-56.027267,-54.99151,-55.052822,-55.34887,-54.80841,-55.36488,-55.812824,-56.872562,-57.258984,-59.029327,-60.23325,-61.023476,-62.311054,-62.777966,-61.194866,-60.146523,-59.18952,-58.34645,-58.639748,-59.238396,-60.131058,-60.52881,-61.145634,-61.53635,-61.865814,-63.11255,-63.769985,-64.67369,-66.05561,-69.7907,-74.98192,-79.43321,0
-258.80228,54.37413,18.449976,11.424903,-38.364315,-14.392606,-17.928373,-18.817247,-8.383554,-9.226416,-11.124343,-4.258513,-2.030573,-71.30179,-61.477787,-60.578926,-58.831333,-51.710087,-52.972065,-49.159344,-41.655308,-38.422882,-38.227814,-40.732082,-44.99683,-44.288845,-47.965195,-44.016514,-39.66645,-38.77767,-40.14683,-37.747883,-38.754547,-40.22509,-42.287125,-41.143337,-40.38461,-39.870037,-43.623688,-45.81162,-45.138107,-43.78889,-41.641685,-41.257923,-43.67122,-46.706123,-50.985977,-54.566544,-55.68578,-55.02198,-53.111797,-50.95026,-48.17765,-47.40789,-50.31634,-53.583412,-54.693558,-55.911903,-55.629112,-56.081036,-55.78749,-54.851696,-55.20805,-57.63918,-61.733368,-61.377186,-60.503372,-59.103268,-58.4997,-57.70976,-57.188457,-58.72507,-61.456448,-61.242214,-59.388424,-57.875465,-57.43158,-57.91955,-60.222267,-60.27724,-59.894566,-58.576244,-58.189606,-59.789055,-61.2736,-60.17355,-59.228836,-59.87122,-60.729923,-61.534832,-59.27142,-58.179234,-59.298393,-59.252148,-57.20659,-55.611576,-56.364574,-56.21816,-54.78065,-54.772324,-54.730156,-52.69501,-51.576534,-51.194267,-53.067833,-53.089302,-53.573322,-54.244007,-54.49472,-55.399963,-54.760147,-54.90755,-54.79322,-54.786053,-54.90282,-55.331,-55.751957,-56.786297,-57.73212,-58.731026,-59.74067,-59.197914,-59.09318,-58.827095,-59.138714,-60.255085,-59.5216,-59.37833,-59.749977,-61.260464,-62.3426,-64.46691,-67.5318,-67.221214,-64.2767,-63.350655,-61.623688,-60.10328,-59.74001,-61.88293,-69.88929,0
-189.0389,88.33201,-1.8815972,-1.1038222,-39.98651,-17.961248,-15.456619,-27.189238,-16.802317,-9.035354,-18.357723,-11.605904,-6.7981067,-65.10496,-61.81964,-57.7412,-52.15604,-48.34772,-38.25252,-28.614933,-27.236994,-32.171623,-34.52539,-34.808136,-30.640272,-27.458479,-23.39943,-22.481365,-28.171494,-31.988008,-29.58509,-27.42717,-30.524696,-29.267893,-27.749899,-27.577059,-28.621496,-29.238764,-29.215029,-31.016268,-29.974783,-30.019205,-32.04813,-34.984806,-37.142605,-37.013287,-36.601917,-36.98038,-33.643173,-31.933767,-34.2519,-37.166965,-40.502033,-41.856236,-41.093124,-39.332367,-37.137505,-38.600193,-40.33258,-41.28923,-41.021946,-42.101986,-41.98809,-42.57943,-44.4778,-45.894947,-45.431854,-44.634926,-44.444366,-45.046528,-45.223698,-46.074127,-45.049812,-44.265533,-47.181408,-49.67293,-49.793457,-48.30745,-46.8664,-47.50278,-48.807224,-50.26609,-50.812065,-50.513557,-52.38588,-54.622345,-54.066895,-52.834255,-50.288273,-48.516914,-49.141216,-48.409466,-48.31657,-48.849583,-48.409042,-48.67489,-47.100178,-46.79225,-46.246246,-44.02935,-43.9868,-45.245583,-46.693615,-47.4698,-46.793625,-46.421135,-47.020187,-47.39891,-46.912365,-47.210037,-48.325863,-50.99784,-51.575985,-53.18199,-54.6527,-53.158264,-54.760303,-55.673264,-57.029778,-56.744587,-54.33751,-52.317364,-52.062977,-51.77776,-52.35848,-53.161846,-55.390923,-57.093185,-57.70257,-57.526592,-58.14607,-61.231583,-64.76918,-63.381775,-58.25664,-56.49974,-56.21672,-55.54292,-55.634796,-57.330208,-64.93449,0
-232.21262,181.17113,-71.64619,39.287506,4.9296904,-39.583786,15.4625,-20.118578,-16.828318,9.864953,-15.322959,-0.06668253,1.7858423,-44.36426,-46.709156,-42.078114,-27.853786,-23.398176,-32.098072,-39.613113,-35.24082,-28.756567,-26.55198,-31.262764,-35.34489,-30.361574,-26.574032,-24.215105,-26.326946,-30.387253,-30.811743,-28.064901,-26.62668,-27.640057,-30.523094,-32.119656,-32.230865,-32.19643,-33.006557,-37.14123,-37.428574,-32.222702,-30.249655,-32.61898,-36.169983,-38.577354,-36.28712,-34.33741,-36.963566,-40.257187,-41.86972,-41.034843,-40.681503,-40.82772,-40.324142,-40.25682,-40.33025,-38.917797,-38.56844,-38.628197,-37.659203,-38.601604,-39.384388,-39.804165,-39.969185,-42.148624,-43.040222,-43.364803,-41.554733,-41.101395,-40.296467,-41.310104,-42.46653,-41.661716,-41.321438,-41.162052,-40.598465,-40.069984,-40.925945,-40.713947,-41.242645,-43.415737,-46.44119,-43.722137,-41.871647,-41.45482,-44.052532,-45.9412,-40.834087,-39.58801,-42.598637,-41.255093,-38.284954,-39.398045,-42.265003,-43.056923,-43.322617,-43.461494,-46.158165,-44.897602,-45.541878,-46.617954,-47.197903,-48.547436,-50.14181,-51.453667,-55.62371,-59.158394,-65.62421,-75.0419,-78.71,-79.25917,-79.27423,-79.284454,-79.295364,-79.30395,-79.3118,-79.31986,-79.32759,-79.33652,-79.343895,-79.35138,-79.35869,-79.36451,-79.37143,-79.37948,-79.38442,-79.3909,-79.39759,-79.403206,-79.40957,-79.41245,-79.41714,-79.422874,-79.42534,-79.42867,-79.431564,-79.43288,-79.436386,-79.43743,-79.43942,0
-158.63608,111.12638,-4.2245607,28.61655,-14.0144,-5.2000284,-36.08294,-2.2512612,-30.673117,1.0062624,-28.077135,-2.4770489,-17.923628,-61.313576,-57.475407,-43.587883,-37.20005,-32.54666,-34.82589,-34.68213,-30.13518,-24.729149,-21.2505,-22.057808,-25.224087,-27.52418,-29.387531,-29.192038,-26.821249,-25.506855,-25.069075,-27.104925,-27.755548,-28.79822,-29.354677,-31.652046,-33.830303,-35.748844,-38.139874,-37.54932,-38.041965,-39.11328,-39.179543,-38.56449,-38.42154,-38.513184,-40.432755,-41.454155,-42.67155,-43.36436,-44.04974,-44.027836,-44.972267,-45.22082,-44.86051,-45.72783,-47.011734,-46.741673,-44.792126,-45.047546,-47.94398,-48.522034,-48.756634,-47.833694,-47.491386,-46.820274,-45.622017,-46.443626,-46.840126,-45.493267,-44.91596,-44.571148,-45.497116,-47.20371,-47.696007,-46.46068,-45.23812,-44.607914,-44.870678,-46.586094,-47.92717,-48.540855,-46.68834,-45.232903,-45.506176,-47.731693,-49.93305,-49.59049,-47.99553,-48.946373,-49.594955,-50.5728,-50.87889,-50.055717,-50.518093,-49.56198,-49.481434,-50.982624,-51.232376,-47.425068,-48.12539,-54.06508,-57.411213,-54.731228,-53.670723,-55.32613,-56.59509,-55.65869,-54.632477,-56.0843,-56.659985,-53.742195,-56.283367,-57.72385,-54.821537,-56.8578,-57.927036,-56.691254,-58.276707,-58.82751,-56.507534,-56.90461,-56.445198,-53.895546,-55.18851,-55.471245,-55.998444,-55.802017,-54.31715,-53.882957,-54.21242,-56.088795,-59.262787,-63.233383,-68.07741,-72.111305,-77.20266,-79.04206,-79.766426,-79.79813,-79.79833,0
-159.41489,46.768543,14.140454,12.407159,-36.783752,-34.230385,-28.09977,-5.833818,-9.232677,-25.484287,2.0093071,-18.716452,3.3884847,-66.586205,-55.37869,-54.480057,-54.002098,-45.33047,-49.384754,-41.34199,-30.701008,-30.166399,-29.808176,-30.70729,-33.43998,-34.620113,-33.70922,-31.195654,-29.848051,-30.147804,-30.16582,-29.308237,-29.334959,-30.492239,-31.486475,-30.029528,-28.894444,-29.359034,-29.091448,-30.269276,-30.229221,-31.707012,-32.13516,-32.99298,-35.52507,-39.39622,-40.608387,-40.733727,-41.12464,-40.423405,-39.593388,-39.92657,-39.842392,-41.175793,-42.0514,-43.61153,-45.375023,-46.968563,-46.162483,-46.49728,-48.34197,-50.100677,-51.99779,-52.22551,-52.24072,-51.01933,-51.04907,-51.875042,-53.306606,-52.74074,-51.13411,-51.26482,-51.915028,-51.73653,-51.167133,-48.056618,-47.546455,-47.148586,-45.481285,-44.284435,-43.48756,-45.5969,-45.282883,-44.166916,-42.953327,-42.89122,-43.065674,-43.183205,-44.071247,-44.507156,-44.07457,-44.29457,-45.449875,-45.254574,-44.44747,-43.968678,-43.34939,-43.140263,-42.76587,-42.498222,-43.835297,-45.218147,-47.711853,-52.199306,-52.79108,-51.258984,-49.93769,-48.41299,-47.313416,-46.49921,-45.663055,-43.823017,-41.016106,-39.998817,-39.149624,-39.344658,-40.58351,-42.378765,-43.665035,-45.267975,-44.63906,-45.02069,-46.676083,-47.753323,-49.231094,-52.21965,-53.983055,-56.65483,-57.292667,-56.40664,-56.902813,-54.537895,-53.175663,-52.954258,-51.354916,-49.727882,-48.562317,-46.368294,-45.01665,-47.160275,-56.98295,0
-190.77551,96.21734,-29.963114,6.187043,-45.332596,-25.168985,-25.437298,-16.282536,-8.344379,-24.398788,-5.8581533,-12.969071,-1.4401159,-69.849915,-63.324905,-61.17105,-58.599335,-52.26965,-44.646767,-40.724953,-38.29921,-38.105114,-38.285942,-36.318382,-32.159958,-31.23867,-32.749134,-32.57642,-32.68504,-33.186768,-33.477974,-31.9102,-31.902237,-31.586716,-30.714987,-29.33478,-28.479006,-28.362871,-28.790453,-30.740143,-32.94865,-35.66227,-35.688442,-35.293877,-36.358067,-36.088226,-35.08629,-35.624466,-36.669052,-37.861645,-37.312843,-38.148445,-39.713524,-39.97297,-40.28228,-43.001877,-41.0451,-40.17673,-40.77849,-41.44517,-44.259052,-43.592808,-44.3147,-45.77143,-47.09597,-48.91715,-50.461407,-48.577423,-48.18631,-49.45939,-50.239635,-49.178486,-47.3673,-46.904564,-47.30312,-45.399204,-44.850693,-46.24974,-45.130924,-46.541065,-48.015373,-45.073425,-44.671524,-47.89488,-49.52783,-48.464123,-46.701065,-46.08117,-46.503963,-48.85259,-49.327076,-48.97831,-48.134045,-47.701454,-48.91374,-50.612473,-49.04823,-48.84239,-49.665646,-50.76356,-50.029144,-50.17624,-51.40441,-51.759823,-50.96833,-51.234886,-52.142803,-51.05293,-51.149284,-51.09396,-50.387886,-50.304276,-52.369396,-51.99649,-52.900948,-53.866817,-54.784397,-54.547985,-54.00873,-54.74683,-55.562008,-56.88029,-58.830013,-62.145493,-66.02774,-67.719475,-69.01154,-68.78077,-67.3283,-68.61696,-68.53502,-67.62381,-66.87586,-67.72159,-68.04305,-66.751175,-64.317184,-63.87556,-63.276184,-64.17253,-71.44004,0
-160.4658,79.595764,-22.76055,7.501673,-35.20958,-18.310314,-31.22662,-20.551895,-2.65394,-17.529852,-8.057233,-13.186138,2.6932306,-65.920494,-59.36709,-57.827644,-52.512665,-43.05102,-43.279457,-44.257107,-41.88405,-34.936367,-28.433594,-22.97546,-22.604729,-28.089758,-34.10777,-36.718052,-39.207245,-38.60282,-36.9024,-31.971832,-29.88367,-25.155361,-21.51463,-19.879847,-22.142653,-26.737778,-29.960539,-32.659477,-36.084023,-37.49575,-37.46804,-37.08415,-36.415638,-33.79783,-31.010027,-31.076582,-34.965855,-38.397137,-38.887493,-39.302876,-41.59995,-43.20732,-42.82081,-40.5973,-39.88942,-38.621727,-39.13648,-41.74009,-44.455017,-44.12765,-43.127514,-43.399025,-44.595634,-46.8298,-45.941265,-43.894417,-42.08708,-42.49837,-44.270252,-43.531868,-42.83168,-41.970856,-41.73503,-39.895515,-39.698883,-41.82981,-42.351284,-41.92109,-38.82905,-38.364223,-42.16761,-46.357098,-46.71276,-45.936523,-46.088852,-45.67926,-47.606712,-49.68605,-48.158436,-46.234276,-47.042854,-48.946148,-48.73636,-46.73172,-43.993797,-45.13635,-47.34451,-45.41813,-43.832905,-45.450436,-46.007603,-46.445404,-47.052975,-49.01343,-48.809757,-47.78599,-46.931816,-46.17129,-46.30334,-47.24081,-46.59137,-46.982395,-48.166332,-48.004555,-49.01609,-48.263275,-48.52155,-50.783012,-50.89397,-52.483738,-53.56781,-53.881004,-55.009907,-58.109226,-61.913372,-63.358177,-64.00157,-63.681473,-63.38896,-63.58229,-63.204353,-61.621956,-59.258858,-57.709183,-56.101074,-55.511116,-55.859478,-58.939377,-68.61903,0
-190.68195,63.143158,11.140019,13.462211,-29.940542,-18.448254,-26.728676,-18.798477,-15.578723,-20.685837,-5.15981,-10.656832,-2.3337195,-68.21238,-62.487663,-60.04051,-51.592888,-42.632847,-41.004017,-43.379128,-41.536316,-36.6491,-32.62839,-29.343699,-28.060534,-30.140652,-33.869934,-35.7987,-37.69363,-36.993984,-32.101963,-28.687603,-31.193148,-30.948263,-32.168934,-32.674866,-33.188072,-35.194595,-37.247787,-37.27535,-38.654613,-38.48953,-39.198322,-41.055927,-43.180225,-44.04831,-44.351166,-46.06439,-45.885017,-45.94565,-45.855076,-47.003902,-47.21799,-48.507885,-48.011337,-47.818108,-47.768475,-45.910206,-47.7818,-48.60594,-48.91807,-49.425365,-51.281677,-51.52957,-50.13794,-49.554802,-50.458847,-52.558395,-54.22371,-53.83983,-53.44636,-52.21754,-52.213856,-52.38181,-52.700127,-52.10483,-51.34719,-50.72752,-51.499504,-52.204456,-50.99945,-49.640366,-49.78365,-49.78242,-51.2028,-50.615032,-48.86827,-49.22024,-49.887203,-50.79706,-53.575584,-53.771286,-52.58487,-51.334694,-51.228035,-53.505783,-51.79397,-47.72257,-47.06641,-49.784733,-50.409046,-50.69469,-51.217438,-51.798885,-52.214912,-51.81281,-51.950504,-51.130043,-49.528187,-50.204987,-51.840946,-50.630974,-48.468918,-48.774426,-49.380768,-49.924583,-50.61448,-50.569817,-51.097446,-51.697777,-52.611633,-52.468327,-51.88194,-52.37456,-53.945953,-55.684406,-58.691692,-60.29476,-61.403484,-61.30233,-59.982723,-59.938076,-61.6214,-61.223824,-60.473843,-58.278122,-56.32082,-54.781998,-54.614754,-56.219772,-63.73055,0
-138.33078,97.23423,19.626837,35.214413,10.246258,11.414507,-2.3307106,0.22307266,3.711657,6.7475624,3.2725136,8.382336,1.3740611,-21.279125,-9.037373,-16.185352,-17.737839,-16.472778,-24.449749,-29.258556,-26.235056,-21.236567,-23.271845,-30.354185,-33.0629,-28.063337,-26.515297,-27.662466,-29.368402,-29.37363,-27.273546,-26.597486,-29.157585,-29.679255,-29.68002,-30.974102,-32.36691,-33.443546,-32.952454,-34.1509,-36.467403,-37.7725,-37.240005,-36.424053,-38.006004,-40.852425,-40.875813,-39.602222,-38.824665,-41.045372,-41.754585,-41.850746,-41.202248,-40.719925,-42.772614,-42.85005,-41.615093,-40.705994,-42.1668,-42.975166,-41.53828,-42.08903,-43.63113,-43.447887,-42.798584,-42.713562,-43.274178,-41.447674,-40.467365,-40.333656,-39.752007,-40.875446,-42.220715,-42.162277,-42.82219,-42.282063,-41.669357,-42.437157,-42.734848,-43.860367,-45.241932,-43.513145,-43.87929,-45.00739,-44.804134,-45.30236,-45.381184,-45.70216,-45.412685,-44.97548,-44.28184,-44.70107,-45.36709,-45.51864,-44.775875,-44.956715,-46.66518,-46.551285,-48.20564,-48.40128,-48.82123,-48.014732,-47.6254,-46.92953,-46.146027,-45.09271,-44.399715,-46.19066,-46.892838,-47.05788,-47.552437,-49.113106,-49.07647,-47.96192,-48.591007,-49.42682,-49.10054,-49.16126,-50.50821,-51.727554,-52.199665,-53.14948,-53.48044,-54.043175,-54.501617,-50.12386,-51.382042,-54.51346,-53.89404,-53.483284,-52.662262,-51.598724,-51.48394,-52.87823,-53.0551,-54.30254,-55.237343,-55.04394,-54.862553,-57.832165,-68.91166,0
-105.9494,83.44457,-15.110843,35.416332,-11.836223,-6.0659294,-15.465953,-16.919056,-12.404204,-5.887757,-8.760148,-0.6776731,-16.246944,-43.844975,-41.984974,-41.36972,-40.422935,-35.14085,-25.716293,-23.039122,-27.535696,-32.418716,-33.69069,-31.124676,-26.04756,-23.864134,-23.761473,-26.146332,-27.493057,-26.610443,-25.374317,-25.129978,-25.705395,-26.819834,-29.36844,-31.918453,-34.14611,-34.0155,-32.595333,-31.361551,-33.602512,-35.873203,-37.18019,-38.8528,-38.724285,-38.0602,-38.195538,-38.28569,-38.78369,-40.006847,-41.467354,-40.98343,-40.629883,-41.097206,-41.610443,-41.00051,-40.2993,-39.66321,-40.619816,-41.873665,-43.048576,-42.28808,-41.340218,-41.3502,-39.97297,-39.77038,-39.153164,-38.990246,-39.326958,-39.54211,-39.60716,-38.407944,-38.807655,-38.219,-38.90687,-40.177624,-40.11362,-40.387234,-42.08501,-42.52051,-42.252357,-42.21964,-43.14127,-42.45255,-40.74064,-40.952446,-40.15309,-40.079887,-40.272926,-39.854286,-39.299908,-38.208527,-37.461765,-37.602314,-38.323593,-40.15136,-41.28694,-42.880764,-43.910828,-44.448086,-45.82028,-45.801544,-45.042286,-44.44474,-43.483875,-41.495064,-40.805477,-39.716717,-39.507824,-39.77579,-40.65425,-43.365776,-45.619217,-47.027225,-47.91246,-48.272465,-50.874123,-53.63386,-54.966827,-54.89611,-55.646816,-54.573498,-53.69465,-53.345104,-53.04809,-52.268303,-53.65006,-55.29694,-56.0192,-55.184727,-52.665848,-52.245136,-54.022236,-55.673775,-56.85125,-56.127415,-57.2857,-60.70644,-61.769638,-63.57176,-71.94306,0
-188.9692,88.87534,38.377155,46.305553,1.8835591,8.997243,-11.621781,8.179353,-8.999471,8.025645,-5.2739778,1.5224843,-10.060962,-31.956806,-33.96854,-32.296295,-22.679577,-19.059761,-23.674694,-27.762333,-28.612167,-27.838587,-28.015844,-30.466608,-31.554955,-30.897608,-31.156715,-32.268017,-33.347942,-33.490868,-34.841415,-35.921688,-35.149868,-35.870373,-38.193996,-39.617783,-40.45327,-39.934326,-40.419243,-41.563488,-42.435795,-43.704067,-43.731663,-43.653095,-45.70969,-47.173054,-47.356308,-46.315067,-48.23595,-50.995506,-51.47615,-51.141064,-50.093166,-50.282555,-51.48006,-52.951042,-52.726322,-52.062347,-52.816067,-54.47091,-55.298935,-54.69051,-53.99957,-54.14217,-54.716125,-52.734325,-52.498535,-53.192852,-53.58891,-53.69879,-52.30929,-52.307957,-51.944576,-51.949535,-52.22233,-52.289097,-52.483128,-53.272564,-54.009495,-54.025566,-53.89488,-53.856823,-54.349865,-54.760986,-53.94652,-54.175285,-53.353584,-52.096333,-51.1422,-49.9008,-49.906456,-50.72463,-50.788975,-50.33564,-50.281338,-51.527496,-52.634087,-54.24517,-54.68839,-54.971752,-54.592342,-54.99946,-54.719883,-54.421806,-54.650066,-53.803837,-53.748425,-53.80785,-53.413727,-52.591576,-52.93559,-53.160473,-53.240932,-52.176292,-52.22127,-53.49337,-53.62791,-54.949455,-57.210297,-56.894524,-55.531147,-55.445442,-54.187267,-53.96511,-53.892544,-53.600376,-53.614964,-54.050995,-56.32186,-57.20926,-57.252304,-57.1645,-57.000565,-58.05164,-58.332375,-59.665134,-59.92076,-61.890907,-68.00227,-76.536026,-79.605156,0
-197.8426,74.673065,20.969923,38.120872,-42.42586,-23.561693,-10.685537,-23.7299,-14.074839,-17.390625,-11.23985,-14.743985,2.520265,-66.00902,-58.783524,-55.972378,-52.35644,-46.359093,-37.790863,-28.986471,-27.361403,-28.46691,-31.393051,-34.807774,-35.38788,-30.98893,-27.865,-28.015825,-31.234428,-32.062435,-30.885355,-30.479996,-31.33126,-31.48016,-34.56369,-35.569687,-36.22403,-37.2859,-37.833218,-36.624916,-35.462242,-34.915966,-37.16047,-41.333466,-43.972942,-44.568752,-44.67007,-45.265644,-47.136562,-49.2745,-50.15888,-49.099857,-47.879208,-48.1486,-46.66996,-48.200417,-50.854416,-52.75966,-52.29271,-49.872593,-49.391483,-49.803905,-53.034874,-56.189533,-58.789585,-58.72268,-58.18382,-58.50717,-60.036964,-59.812912,-59.056896,-57.509594,-58.475426,-57.937035,-55.906292,-54.889114,-55.76191,-56.38788,-54.50377,-52.29297,-52.388264,-54.13505,-54.92375,-54.873924,-56.276844,-55.42272,-56.61305,-57.872868,-55.344532,-52.586655,-51.65913,-50.720016,-48.367317,-45.93115,-45.926056,-46.449284,-45.198082,-45.846436,-45.89291,-46.095497,-45.660435,-45.084656,-46.314022,-45.87034,-47.801914,-48.641876,-47.991444,-48.592945,-50.721325,-51.31849,-52.184467,-50.68141,-50.28323,-49.492508,-49.7797,-51.66667,-53.930412,-55.599323,-57.44571,-56.741528,-56.57229,-56.05227,-54.51588,-54.662548,-56.216232,-59.54394,-63.063213,-64.92771,-66.07113,-66.33565,-66.80969,-67.59398,-67.31716,-64.990585,-62.120777,-60.213055,-58.236786,-58.06085,-57.22536,-58.85619,-67.52538,0
-233.92735,157.51431,0.20328501,24.818954,-23.90789,-10.645376,-0.59214485,-19.551497,-10.585636,-6.3332276,-15.7900505,2.1616428,-7.012757,-48.517593,-49.014313,-45.98349,-33.20423,-23.714441,-24.737734,-29.697714,-31.167591,-28.289679,-23.198877,-23.324709,-29.105473,-32.844746,-30.249199,-24.86625,-23.125948,-25.877935,-30.632278,-31.504557,-27.936806,-26.42877,-26.59673,-29.258125,-31.561373,-32.727676,-33.801155,-33.628387,-34.76312,-35.419758,-36.51256,-38.306137,-38.16921,-38.646526,-40.111122,-40.841774,-41.000435,-39.99179,-38.464645,-39.001465,-42.1789,-44.522633,-43.052204,-39.83111,-39.593597,-42.17173,-43.68299,-45.497154,-46.89741,-46.903492,-48.497746,-47.26462,-46.969204,-49.693928,-50.148067,-49.31545,-49.656967,-51.041996,-50.954464,-51.476566,-52.592083,-52.771458,-52.605682,-53.811695,-54.892105,-54.32001,-53.981995,-54.722313,-54.655502,-54.05905,-53.28114,-54.320457,-54.748264,-55.039932,-55.875847,-56.213078,-56.641716,-55.684734,-57.83526,-58.193455,-56.53192,-57.054222,-54.901012,-53.867397,-53.989143,-53.636658,-51.880127,-52.953606,-52.85881,-53.15988,-53.48404,-53.943123,-55.346653,-56.28915,-58.683422,-59.13614,-59.161453,-58.58508,-59.129833,-59.71449,-62.029625,-63.619965,-65.52667,-67.76166,-68.1482,-69.6686,-71.45361,-71.61937,-71.57845,-71.22273,-71.26097,-70.77545,-71.50667,-71.98863,-71.6011,-69.89527,-68.15321,-68.93095,-71.39506,-72.748,-72.454,-71.99255,-71.933174,-73.083145,-73.79599,-74.6538,-74.78195,-77.48301,-78.94328,0
-138.87637,97.91913,-8.775588,-1.3605622,5.948159,-0.4233993,-16.172321,-8.593132,8.421741,4.297633,-3.0223675,9.584604,-8.505068,-29.715292,-38.813675,-39.538673,-38.003216,-24.10886,-24.739403,-35.480957,-41.671814,-36.03848,-32.02239,-31.550089,-33.707844,-35.01944,-33.96721,-33.715603,-34.773113,-33.908615,-31.459972,-30.521402,-31.398289,-31.942724,-32.043034,-31.70944,-31.238365,-32.058544,-32.932743,-33.245945,-32.30377,-31.503654,-33.12694,-34.25794,-34.872505,-37.672977,-39.59619,-39.0144,-38.22699,-37.43907,-38.315994,-41.289543,-42.67262,-40.07354,-37.72233,-38.597584,-41.97909,-43.594505,-41.114925,-38.154835,-39.04215,-41.668316,-43.21211,-39.87986,-39.04195,-39.786354,-39.386547,-38.087086,-37.965088,-37.289997,-38.131424,-36.808468,-37.56732,-39.16482,-40.253,-39.803032,-39.21931,-39.295784,-39.701176,-39.638958,-40.49081,-42.46979,-42.16607,-43.040703,-45.70324,-45.63097,-47.26946,-48.301903,-49.466805,-49.87575,-50.592575,-50.732845,-51.57194,-50.571613,-52.397,-51.130733,-52.60735,-51.422756,-50.565754,-50.040543,-50.535057,-51.545,-53.78406,-53.95052,-52.89448,-52.47412,-54.521946,-55.163067,-52.249573,-51.850693,-51.30757,-48.2513,-46.821457,-48.174458,-49.7877,-50.662903,-52.399273,-55.841072,-59.28452,-60.415676,-62.64613,-62.858047,-62.381817,-60.280846,-57.704746,-55.869728,-56.06851,-53.58323,-52.352806,-52.64034,-51.95139,-52.310772,-52.038937,-52.075397,-51.80192,-51.648094,-53.23662,-56.814632,-59.7893,-64.285034,-74.42214,0
-183.05959,102.46608,44.898705,40.32892,0.10467594,10.663475,-7.9957595,2.572787,-5.14405,1.0293771,-9.33642,0.33035928,-9.838076,-33.408047,-35.89725,-32.284042,-17.663898,-12.963773,-20.760592,-29.323015,-28.766428,-23.77782,-21.849749,-25.900331,-29.33686,-31.14194,-28.48641,-26.540228,-28.01511,-30.387596,-32.393124,-33.16535,-33.679867,-35.7265,-37.761936,-38.396725,-37.567696,-38.765644,-40.57771,-41.89101,-41.337463,-40.887707,-41.301132,-43.74617,-44.209297,-43.69515,-44.020626,-45.075443,-46.637547,-48.658802,-48.292614,-48.35999,-48.60627,-49.24771,-49.917625,-48.31553,-49.223778,-50.340717,-51.963562,-52.028553,-52.000393,-52.987606,-53.684666,-52.372536,-51.730145,-53.898838,-54.329243,-53.184048,-53.555443,-54.44323,-53.757267,-53.173763,-53.035072,-52.529186,-51.051655,-51.45034,-52.13769,-53.202106,-54.173794,-53.578068,-54.091476,-54.857273,-55.041206,-55.611,-55.006752,-57.11296,-56.39493,-55.157116,-54.560635,-54.000294,-54.243782,-53.357933,-52.432564,-51.272923,-52.533077,-53.712795,-55.08929,-54.977867,-55.555943,-56.136383,-56.95507,-56.343945,-55.414566,-55.009426,-54.0855,-52.886463,-52.438793,-52.335285,-52.97216,-53.25536,-53.578396,-54.36627,-53.99854,-53.690845,-53.670322,-54.130234,-53.59058,-54.46285,-54.44365,-55.20826,-57.242405,-58.905575,-58.781555,-58.962395,-58.608097,-57.867268,-56.52385,-56.28312,-56.569107,-57.05508,-56.164368,-56.32348,-56.44062,-56.951107,-57.71993,-59.292145,-59.653015,-61.41199,-65.85848,-74.524376,-78.53414,0
-124.66908,72.535095,29.222095,38.15677,-0.3641821,12.577256,-8.776834,-4.432336,-12.995494,-1.6688538,-11.561934,2.7432861,-13.538732,-42.01321,-41.11299,-23.434448,-17.257292,-26.270409,-26.354395,-19.299599,-18.27913,-22.63204,-23.2918,-24.87454,-27.912207,-27.389307,-25.76931,-26.76666,-28.640835,-28.440544,-29.142544,-32.735325,-32.686733,-29.215874,-28.997192,-32.82884,-34.63791,-35.07753,-37.05088,-39.37346,-40.61617,-41.311207,-43.336292,-44.39941,-43.32332,-43.54806,-44.630527,-43.510803,-41.989193,-42.14787,-42.354248,-42.4624,-43.413982,-43.840343,-43.807243,-43.944775,-43.166348,-43.68671,-44.773506,-46.34089,-45.408993,-45.54857,-46.20714,-45.027096,-44.159496,-45.298607,-46.028393,-44.88302,-44.839024,-44.45732,-43.875107,-44.298336,-44.5181,-45.092556,-45.954765,-47.72381,-46.072113,-45.28269,-44.855923,-45.37511,-47.14195,-47.212025,-48.654118,-49.45788,-49.46357,-48.914593,-48.221302,-47.25915,-45.804886,-44.199722,-43.016552,-42.2788,-41.951008,-42.553375,-44.15997,-45.074867,-47.538555,-48.928158,-49.95112,-49.124012,-47.94382,-47.10989,-45.3144,-45.038883,-44.034794,-43.064754,-44.810745,-44.081615,-42.454887,-41.66298,-41.743523,-42.57249,-44.77476,-46.931583,-46.884956,-47.987984,-48.032,-47.987934,-49.174007,-50.860416,-49.57925,-47.516186,-48.509945,-47.632545,-47.899517,-47.41412,-48.622795,-50.294807,-50.204384,-49.55807,-47.76412,-47.64859,-47.13528,-47.69101,-48.338764,-48.967518,-49.245544,-52.44722,-58.269306,-69.14916,-75.78169,0
-151.10867,140.78401,-3.7575974,9.231578,-28.80008,-4.6157303,-26.389038,-1.3884189,-35.088943,15.384004,-30.039955,-1.1202344,-14.961782,-56.904526,-53.091583,-39.734123,-32.811924,-29.858488,-30.574207,-27.287392,-25.093304,-24.43711,-24.141956,-22.361643,-22.171803,-20.559776,-20.843721,-24.273764,-23.184065,-23.267454,-25.53779,-26.762705,-25.70391,-25.027985,-25.601961,-25.886946,-25.22786,-25.102272,-25.614925,-26.166698,-28.294329,-30.778923,-30.718687,-31.31496,-30.257986,-30.769623,-32.48241,-34.56709,-35.487167,-35.32461,-34.775105,-33.758648,-33.020145,-34.5734,-37.35987,-38.55873,-39.54906,-39.977085,-40.591057,-39.82631,-40.522465,-39.546623,-39.521084,-40.38892,-40.34016,-41.67582,-42.30307,-43.26749,-42.8101,-43.142624,-42.73162,-42.950996,-42.105442,-41.67821,-44.41316,-47.86236,-47.53262,-46.438942,-47.57097,-48.34155,-49.511684,-49.96089,-49.701645,-49.050484,-48.621742,-50.153816,-52.174583,-52.72628,-52.09837,-50.828304,-50.62789,-51.624138,-50.85061,-48.58643,-47.30312,-46.564598,-47.685516,-47.55663,-47.437347,-47.6284,-48.66404,-51.923965,-55.752514,-54.044617,-53.280575,-54.61953,-55.234783,-55.597237,-55.18588,-56.533913,-58.244984,-56.190575,-58.119446,-61.18486,-61.087643,-62.370323,-63.213795,-60.387566,-59.935463,-58.91602,-56.662556,-54.083565,-53.15411,-51.136185,-51.25537,-51.267403,-50.972946,-52.415455,-52.74039,-54.13366,-55.181095,-57.775085,-62.22884,-66.200455,-70.73771,-74.49908,-77.97645,-78.829895,-79.295006,-79.29893,-79.30234,0
-293.95328,137.0453,6.4794173,22.194334,-3.2810328,-8.91841,-7.456787,4.3576684,-4.2133694,-5.82474,6.6911206,-4.865306,-2.7891114,-36.94563,-44.495846,-44.951664,-37.072735,-34.782047,-45.686275,-49.523438,-40.748013,-35.604473,-37.694126,-42.24118,-40.65407,-38.445393,-39.028637,-40.545765,-41.286163,-40.989273,-40.198765,-39.90546,-41.055115,-41.08308,-42.10845,-43.93598,-44.5379,-44.749725,-45.437103,-44.50951,-43.44912,-44.435444,-46.926792,-48.78808,-47.16194,-47.158703,-50.934944,-51.40829,-50.32748,-49.86693,-50.59459,-51.535206,-52.58919,-53.951775,-54.420002,-54.187286,-54.058872,-56.14311,-57.187984,-55.735645,-55.657646,-57.05779,-57.01048,-58.40757,-59.940926,-60.190464,-58.721825,-58.542145,-59.437073,-58.75789,-58.234436,-59.694298,-60.282757,-60.214886,-60.384674,-60.629707,-60.77134,-60.24499,-60.763664,-60.9902,-60.830265,-61.2382,-61.290936,-61.154034,-60.80231,-60.760174,-61.186455,-59.66429,-59.50849,-58.352272,-58.78354,-58.9646,-59.84047,-60.69039,-61.396618,-63.37337,-64.45104,-66.88081,-68.47066,-69.54828,-69.824265,-71.51472,-72.13407,-70.822624,-70.24836,-70.79192,-69.648,-68.38217,-67.43966,-67.774185,-68.764885,-69.8612,-70.967705,-71.05166,-70.590645,-71.06362,-71.53273,-71.29172,-71.40882,-71.75459,-73.922585,-73.14882,-72.70754,-73.98852,-76.20245,-77.087685,-77.70126,-77.37071,-77.32013,-77.35731,-77.18044,-77.65603,-77.71058,-77.887314,-77.823204,-77.89911,-78.0021,-77.766594,-77.74112,-78.37722,-79.63727,0
-234.56879,101.79351,7.155593,34.549564,-31.36299,-28.928991,-33.3211,-10.817302,-19.266655,-20.839355,-5.850994,-17.455347,-5.4048977,-79.52727,-70.79783,-49.32486,-34.857784,-34.643604,-39.323017,-33.23967,-30.014389,-28.592768,-30.551397,-29.091671,-27.299006,-29.204525,-29.654797,-28.74091,-29.262854,-28.309134,-27.207888,-24.608015,-26.919228,-30.668169,-29.52246,-28.295542,-30.17948,-33.879875,-35.448277,-35.597103,-35.072277,-36.188023,-36.13245,-37.807568,-39.39073,-40.39716,-41.33978,-44.232594,-45.958546,-46.062973,-45.054367,-45.663002,-49.37992,-49.835995,-49.480988,-49.25025,-51.721905,-51.539772,-49.459133,-50.29534,-53.273,-54.557674,-54.050774,-53.42471,-52.63481,-54.98761,-56.034798,-53.820854,-55.503304,-57.649925,-55.031364,-54.995975,-54.79166,-53.228725,-52.310677,-52.90445,-50.77537,-51.850597,-51.08167,-49.501812,-50.631073,-51.23825,-49.93092,-51.390137,-49.967213,-50.149704,-49.05978,-47.64908,-45.83131,-46.452175,-48.06979,-48.091522,-48.61934,-49.612434,-51.554398,-52.29618,-53.067383,-54.360863,-53.43435,-52.316376,-50.80617,-51.204914,-51.233257,-51.256786,-52.311916,-55.41959,-58.354034,-59.659313,-57.88171,-56.568047,-56.584305,-55.8775,-54.411304,-53.16895,-52.380333,-52.98967,-53.857258,-54.363155,-53.96717,-53.97114,-55.64313,-56.794262,-58.470028,-60.163162,-62.8087,-64.14488,-64.258514,-65.43161,-67.46349,-68.85377,-68.74662,-68.94003,-68.012215,-67.75151,-67.8577,-67.05779,-66.261536,-66.06196,-65.95257,-67.05649,-72.66404,0
-180.9145,106.45981,-3.46992,42.79004,-7.899286,0.48953208,8.7481985,-16.371498,-0.8950391,1.9355459,-5.356493,-1.7124412,-3.697058,-26.209335,-33.695164,-35.825962,-31.4929,-21.095493,-20.926783,-28.754194,-34.48276,-33.07193,-27.741522,-23.253473,-24.76854,-29.865131,-33.31401,-31.816275,-29.003332,-28.210337,-28.63401,-29.472212,-32.337162,-33.573875,-32.69435,-33.280273,-34.577553,-36.970417,-37.73564,-36.998314,-37.257233,-38.916794,-39.7325,-39.83023,-38.944263,-39.224663,-40.27474,-41.58251,-40.486244,-40.313976,-40.010796,-41.14259,-43.419674,-43.85187,-43.893997,-42.2858,-41.840637,-43.32371,-45.00622,-44.791306,-43.837788,-42.66678,-44.196472,-46.109364,-44.77862,-43.0234,-42.726048,-44.82307,-43.727108,-42.393562,-42.391052,-45.042625,-44.43628,-43.578007,-45.428673,-46.517426,-46.788906,-47.328392,-48.37924,-47.93204,-47.41591,-48.36842,-47.936584,-48.37738,-48.24916,-48.032673,-48.83075,-47.874912,-47.524788,-46.83151,-45.686993,-45.283913,-44.099316,-42.969074,-42.970543,-43.743958,-43.38757,-43.869053,-44.328197,-45.156673,-44.96001,-45.445854,-45.55913,-44.759605,-43.867325,-43.700867,-43.90072,-45.417694,-46.94422,-47.872444,-49.15464,-51.625217,-54.141743,-54.753616,-55.6722,-56.56363,-57.40071,-57.338894,-58.68283,-58.96353,-60.522232,-60.95834,-60.586945,-61.929058,-62.81157,-62.09935,-62.01725,-62.33506,-62.92654,-62.577126,-61.556225,-60.896378,-61.668648,-61.61812,-61.909267,-62.684013,-63.299503,-63.37389,-63.910397,-64.01377,-64.46514,0
-278.56973,98.67683,-5.22509,-6.9457774,-32.09364,-10.0597315,-22.827284,-34.128967,-15.200386,-1.9023362,-12.780014,-14.252743,0.038448926,-68.16924,-66.22983,-61.413223,-52.241962,-43.951984,-40.40348,-41.67254,-43.216957,-40.783573,-34.615017,-29.245266,-27.384745,-29.453148,-35.357372,-35.8151,-35.955795,-33.65185,-33.018684,-31.934391,-33.088146,-33.364876,-31.869827,-30.023666,-29.218046,-30.304295,-32.741478,-36.40929,-37.03436,-37.024452,-36.910664,-36.641727,-37.227684,-39.49488,-40.210835,-43.224926,-44.69311,-43.932205,-41.32729,-43.475048,-46.432285,-46.95846,-46.542805,-46.315365,-44.673786,-44.245823,-43.681053,-42.98439,-43.218895,-43.924156,-43.25122,-43.657063,-45.538864,-46.711224,-46.95119,-46.645363,-46.783363,-46.68913,-46.604725,-46.73438,-46.945164,-48.815544,-48.60039,-47.75836,-48.058025,-49.804646,-50.34474,-50.2149,-52.285244,-55.599834,-57.23447,-58.121765,-60.37032,-61.460636,-62.498333,-63.492138,-59.91162,-57.424614,-56.199757,-54.791695,-54.85746,-54.250515,-53.656765,-54.274014,-52.9535,-53.031033,-51.812176,-50.97218,-50.79036,-52.540794,-53.32717,-54.120193,-54.932053,-55.83675,-55.753273,-53.916847,-54.57788,-54.67923,-56.34131,-56.679165,-57.722923,-59.463135,-60.21266,-60.624794,-60.80148,-60.104618,-58.08049,-57.308025,-57.578228,-59.202618,-59.786407,-56.842922,-56.276913,-58.26135,-62.71225,-66.7694,-68.79236,-68.351456,-67.974625,-66.051704,-65.116974,-63.87617,-63.799374,-62.864532,-62.93158,-63.032215,-62.091316,-63.392742,-70.59583,0
-116.40188,99.75276,4.8460517,31.338715,-2.9091618,12.548396,-5.499642,-5.549834,3.1905866,4.241493,1.0399096,8.074117,-9.390483,-20.456793,-28.07443,-28.535162,-17.936083,-16.149395,-24.434185,-27.104406,-24.448149,-22.019976,-23.295553,-24.627956,-27.304663,-28.505249,-28.319664,-28.971905,-30.567183,-28.934416,-28.057947,-27.608007,-29.570583,-29.710566,-27.558847,-26.512068,-27.128437,-27.918585,-30.731268,-33.1014,-34.581238,-33.839928,-34.531002,-35.228428,-35.926807,-36.932705,-36.733025,-36.5788,-37.01446,-36.96165,-37.586033,-38.03708,-37.986317,-38.317806,-37.872955,-38.524773,-40.04178,-40.670944,-40.9894,-41.20172,-40.608406,-39.52225,-38.837772,-38.459427,-37.880272,-36.94347,-36.391514,-37.039288,-36.548786,-37.819584,-39.2215,-39.731915,-39.679035,-41.18407,-40.473656,-40.529995,-41.832245,-42.593132,-41.511784,-42.55529,-40.854202,-42.237743,-43.673046,-44.53524,-43.180912,-42.086052,-42.333824,-41.675735,-43.242485,-43.96128,-44.91625,-45.88464,-45.465828,-45.52198,-45.130768,-44.18801,-43.51115,-43.159008,-43.78797,-45.07395,-45.688793,-45.69188,-46.468525,-46.985306,-45.409283,-43.02132,-42.846302,-42.3146,-42.619423,-41.84263,-41.357437,-42.223484,-43.646618,-44.528683,-46.509293,-48.71023,-50.258797,-50.826508,-51.05644,-50.814648,-50.79892,-53.509502,-55.68091,-56.62685,-55.427925,-54.30637,-52.35575,-50.852856,-51.214344,-52.97271,-52.557316,-51.727654,-51.972393,-52.86862,-55.565807,-57.06256,-57.90948,-57.129585,-57.12168,-60.684525,-72.19905,0
-244.94766,92.4076,-11.471142,10.060206,-26.6467,-17.388144,-23.690775,-21.480806,-3.8338163,-9.780733,-16.424482,-6.841645,-2.6867032,-65.050545,-52.393795,-51.074993,-48.586708,-39.828583,-38.25398,-31.970213,-28.60698,-30.668922,-31.58226,-31.80921,-33.1221,-29.988186,-30.263935,-29.183914,-28.657745,-28.436872,-28.762144,-28.439062,-27.617758,-27.427433,-30.442759,-28.977428,-29.035963,-30.727299,-30.976564,-31.02719,-32.268227,-33.381344,-33.49938,-33.1265,-32.981106,-33.7622,-34.775154,-37.09782,-38.94665,-40.987476,-42.040543,-41.597664,-39.10082,-38.078686,-38.908012,-41.14204,-41.048058,-42.387043,-44.08067,-43.548294,-43.310513,-42.849907,-44.942394,-45.52024,-45.178574,-44.43943,-43.93249,-44.791355,-46.082523,-45.512604,-44.175587,-43.27593,-43.555237,-42.736916,-41.887928,-42.515564,-41.977074,-42.07851,-41.4237,-42.571014,-42.744987,-43.28409,-44.561695,-46.55555,-47.20104,-48.151028,-49.97843,-50.626865,-49.434258,-50.310272,-50.211475,-48.34743,-48.98078,-48.469982,-48.176342,-49.000244,-47.953884,-47.403183,-46.0507,-45.547497,-45.7558,-47.009796,-46.801155,-46.989952,-47.588696,-48.648975,-48.255264,-47.186058,-47.001583,-47.329216,-48.894703,-50.257378,-51.9153,-52.550274,-53.697327,-52.67642,-54.24947,-55.194542,-54.800533,-55.350918,-55.750824,-54.806904,-55.555267,-57.44163,-56.305313,-56.04968,-57.200287,-59.00648,-60.53378,-61.303658,-60.888283,-60.418015,-61.395027,-62.5073,-62.137794,-60.455666,-58.440147,-56.77755,-57.271866,-59.810387,-67.83831,0
-155.86055,62.951717,21.379845,35.857254,7.3472414,16.661074,-14.564974,-5.387817,-11.662301,-7.6303267,-16.170439,-10.335377,-17.533424,-38.11868,-40.1179,-34.93821,-26.390718,-22.667168,-26.26325,-28.535448,-26.2354,-24.39823,-23.54011,-21.037298,-20.950766,-23.63543,-25.729115,-29.81446,-24.60617,-23.24298,-28.334003,-32.291214,-33.7554,-33.010544,-35.517986,-37.86344,-43.178467,-45.14338,-44.478676,-43.055855,-42.987568,-41.49408,-42.99561,-42.7564,-43.316483,-43.286842,-41.783436,-41.42616,-42.865185,-44.185123,-43.117886,-43.524086,-43.629066,-44.621506,-44.637863,-44.360092,-45.617622,-46.0895,-45.87833,-44.38424,-45.255646,-48.19367,-46.923756,-46.850292,-45.4184,-42.803352,-39.300392,-39.441475,-41.567474,-41.886765,-40.795753,-41.9435,-42.690037,-42.428272,-43.374725,-42.053097,-44.75218,-43.308033,-43.119312,-42.94168,-43.940968,-44.761528,-45.38958,-46.50402,-46.902138,-46.403927,-46.01377,-44.854618,-43.898056,-44.628216,-45.92522,-46.93833,-46.340275,-43.92984,-43.58658,-43.481693,-44.41713,-45.267868,-45.705112,-46.910538,-47.051163,-49.295326,-50.263145,-48.915062,-45.84196,-45.211426,-45.43797,-43.67524,-42.6145,-42.54418,-43.80362,-43.68997,-43.083305,-42.27017,-41.02476,-41.376884,-42.875183,-46.162064,-47.40698,-48.174416,-49.926247,-50.93654,-50.69922,-49.346207,-47.558907,-46.80456,-46.147556,-47.954597,-49.350014,-48.23519,-47.79366,-46.345882,-45.098286,-46.287014,-50.406788,-52.06151,-54.4036,-54.126183,-55.64119,-59.711353,-71.76493,0
-188.342,21.822191,18.511734,-4.217135,-20.282873,-14.9591255,-27.178642,-20.179962,-7.6727777,-10.526464,-23.213648,-4.275869,-5.3422866,-71.85765,-69.30907,-66.19226,-61.030354,-55.586945,-52.698204,-51.399677,-45.670036,-39.627705,-37.000595,-37.0135,-39.59945,-43.224384,-46.452114,-45.960953,-45.29091,-41.11747,-38.728542,-37.767776,-38.066467,-38.83842,-41.458923,-42.616615,-42.440655,-44.26931,-45.997322,-47.36113,-47.416656,-46.602856,-45.016926,-44.700466,-45.13243,-49.405144,-51.042366,-50.451447,-49.34082,-49.363514,-49.669247,-52.045025,-50.631596,-50.71436,-51.203568,-52.90916,-54.567818,-56.256504,-56.186504,-55.58843,-55.139404,-53.36295,-51.791695,-51.937393,-53.58081,-55.349014,-56.287846,-56.45341,-56.700867,-56.263405,-54.815876,-53.692245,-53.114285,-55.307262,-54.367992,-51.792717,-50.552742,-48.81451,-47.75158,-49.89664,-50.93289,-51.955467,-54.287506,-55.94647,-56.92346,-57.848488,-56.810944,-57.64471,-58.7846,-58.65967,-56.990124,-57.065598,-58.10009,-58.744213,-58.164516,-57.603043,-56.731915,-54.56613,-52.069683,-50.66582,-50.027863,-50.90679,-50.859127,-51.29709,-51.06721,-51.82489,-50.716057,-50.372444,-51.39394,-51.65744,-51.157207,-52.33916,-53.644836,-53.45088,-52.131294,-52.43658,-52.815678,-53.773155,-54.191257,-51.447174,-50.842278,-50.164093,-50.01116,-51.61065,-52.692772,-51.26563,-51.616524,-52.244003,-51.940422,-52.535534,-53.274063,-53.07128,-53.01324,-52.25521,-51.050644,-50.814156,-51.14961,-51.992565,-52.249275,-54.327854,-65.01985,0
-271.65558,74.38365,-12.996177,1.4135549,-25.93427,-17.64399,-22.640911,-8.8932085,-5.2327185,-20.265844,-5.7609587,-10.46712,-6.6920433,-71.97284,-60.344242,-59.37322,-62.150677,-56.481464,-52.745224,-46.199085,-45.822853,-48.21233,-46.862007,-44.45062,-39.93597,-35.07772,-33.158894,-36.876274,-43.86312,-47.098614,-46.49059,-44.44984,-42.783974,-40.34266,-40.633873,-42.38443,-42.352345,-41.26716,-39.643528,-41.11205,-40.735752,-42.285427,-44.059902,-45.519608,-46.02917,-45.695713,-46.538673,-46.360237,-47.60912,-47.885033,-46.853043,-46.646328,-46.747593,-48.282455,-48.119972,-49.26155,-49.49786,-50.233063,-51.716537,-52.71721,-53.517826,-51.464985,-51.687508,-52.846497,-54.44747,-56.16657,-55.680965,-54.01009,-55.319004,-57.39589,-56.43126,-53.867626,-52.605114,-53.045982,-53.537624,-53.189774,-51.452667,-52.331913,-53.706947,-53.749447,-53.129246,-52.217762,-52.663265,-53.043827,-52.806877,-54.284264,-55.469563,-56.285076,-55.96118,-55.411045,-54.357006,-53.558296,-55.457962,-55.88533,-57.30531,-56.843002,-56.681328,-58.950428,-59.460163,-61.041054,-60.363796,-59.88986,-60.22234,-60.815647,-59.05213,-58.053246,-58.253056,-57.642693,-56.46833,-56.9978,-55.862984,-55.8187,-57.311653,-58.90033,-60.3198,-59.537815,-58.523415,-57.48785,-57.197037,-58.662014,-60.88374,-62.11566,-63.27419,-65.672516,-67.54723,-67.95128,-67.95872,-67.98911,-68.22297,-66.62475,-66.64215,-66.69338,-66.30348,-65.85876,-65.92419,-66.01203,-65.66822,-64.08139,-64.780556,-67.04713,-73.491104,0
-146.58092,41.15182,-2.5532942,28.926651,-8.657431,10.7323,-12.992072,-0.04627897,-1.2636809,-5.2664595,-6.4126177,-0.6442711,-0.8612874,-43.144913,-19.903471,-18.775282,-36.396282,-28.86909,-27.932865,-27.185421,-27.534586,-31.052097,-31.429438,-31.379583,-31.300478,-27.13378,-23.766493,-22.729115,-24.206198,-27.50678,-28.573536,-28.161661,-28.710976,-31.154501,-33.05629,-32.630234,-32.310722,-32.007236,-33.842518,-35.18096,-35.080704,-33.91744,-33.931835,-33.93077,-34.952618,-34.958466,-35.461746,-35.17253,-34.095993,-35.197605,-36.310745,-35.452015,-34.50381,-34.163918,-35.93667,-36.789246,-35.869358,-36.741844,-37.162216,-37.12016,-37.137173,-36.31465,-35.567528,-35.953487,-37.595917,-39.02271,-38.002815,-35.56868,-35.96313,-36.596085,-36.69287,-37.059452,-34.609882,-33.536682,-33.38159,-34.819046,-34.072746,-32.751907,-34.145985,-34.279922,-34.747746,-34.86697,-34.304966,-35.036728,-36.137093,-35.02305,-35.179203,-37.062233,-37.815342,-37.813217,-37.4521,-36.79159,-37.155697,-37.148384,-35.59294,-36.12069,-35.291924,-34.699757,-35.544548,-34.05658,-34.947018,-35.631165,-37.158154,-36.985134,-37.442883,-37.080696,-37.054756,-36.98247,-32.833183,-33.460907,-34.288155,-33.53381,-34.78278,-33.34964,-32.10765,-33.70643,-32.00375,-34.490555,-36.304905,-38.060566,-41.422523,-39.701073,-42.067738,-42.48777,-42.347057,-42.73704,-41.40803,-41.918808,-41.999474,-42.20788,-42.77985,-44.230778,-42.010704,-43.388012,-44.65124,-44.316036,-44.616966,-46.045055,-47.166,-51.15558,-62.75097,0
-213.74915,81.56552,3.925396,0.8186457,-21.487997,-11.279925,-22.541891,6.72714,-18.849201,-14.785176,-21.168287,-1.2700412,-7.2389007,-71.78051,-65.95894,-59.293674,-52.555515,-41.987907,-38.830093,-40.401157,-44.28607,-46.757008,-44.97064,-40.13553,-37.7193,-38.85701,-40.382545,-42.51618,-42.468964,-38.067623,-36.290257,-37.553886,-38.576237,-39.626106,-42.318527,-43.85313,-43.175865,-44.281754,-45.17453,-46.402657,-46.961643,-46.10556,-46.272293,-45.897068,-45.291252,-47.04641,-46.38024,-45.2403,-45.34022,-45.943085,-45.73863,-47.075413,-47.19105,-46.411587,-46.84695,-47.058857,-46.864494,-48.23752,-49.718983,-52.184097,-53.842495,-54.58285,-55.36016,-56.042217,-57.133232,-58.405716,-58.302425,-59.050354,-59.371326,-58.80493,-57.473766,-57.023434,-56.846786,-57.036976,-54.465572,-54.30227,-54.76085,-56.093643,-55.042763,-54.63071,-55.333866,-54.738983,-54.597576,-56.138412,-56.135723,-56.316914,-57.04314,-55.7374,-54.916485,-55.05338,-54.140026,-55.36545,-56.231903,-58.77083,-60.617493,-61.10872,-62.938984,-63.600216,-64.654434,-64.800865,-64.619804,-62.687775,-60.16545,-57.76811,-56.216785,-56.446175,-57.34211,-58.687233,-61.122547,-63.045223,-64.58613,-65.228966,-64.30945,-62.14326,-61.288937,-60.10194,-60.114483,-60.16075,-61.331104,-62.104282,-61.102283,-59.216656,-57.794643,-57.246143,-56.71456,-57.347443,-59.62956,-61.758434,-61.65535,-62.31179,-62.18717,-62.636326,-63.757355,-65.93879,-70.75614,-75.93038,-71.37241,-68.25739,-67.391556,-69.3026,-76.03271,0
-182.06952,67.429924,26.30196,11.668122,-28.303402,-33.089676,-20.752396,-10.317177,-20.712833,-16.93173,-5.818475,-21.944084,2.9635925,-63.46163,-61.432198,-58.413136,-52.50165,-37.00248,-35.71858,-35.78508,-32.618053,-31.29415,-30.663301,-30.088467,-30.264893,-30.241096,-31.32761,-28.835611,-28.296776,-28.76285,-29.73419,-28.677755,-28.506222,-27.783121,-29.499529,-30.467714,-32.258026,-32.32767,-32.703373,-35.20075,-37.082043,-37.401817,-36.286682,-34.680386,-34.68711,-37.69607,-39.640663,-43.303215,-44.478306,-44.725346,-43.84439,-43.74789,-43.170097,-42.997433,-44.850536,-46.410156,-46.20221,-44.60402,-45.60607,-47.970127,-51.4134,-53.60597,-53.97641,-56.20164,-54.998425,-53.846397,-52.723343,-51.859695,-52.125195,-51.95707,-52.10963,-52.457546,-54.559574,-57.81081,-57.072975,-54.050564,-50.90738,-49.43344,-48.6995,-49.46582,-50.574306,-50.471863,-50.771477,-52.85544,-52.30205,-50.995293,-50.69152,-49.630264,-48.037025,-49.764008,-48.184612,-46.58996,-46.66473,-45.745884,-45.685402,-46.68499,-46.323097,-47.689743,-46.891808,-46.880383,-47.448074,-49.102318,-49.478813,-51.2547,-52.066742,-56.186832,-57.721535,-58.617256,-57.590557,-54.71026,-53.650574,-51.320786,-49.93952,-48.45481,-48.732704,-48.86662,-48.281414,-47.844345,-46.67192,-47.235054,-48.07912,-49.28965,-50.461132,-51.69079,-54.213284,-57.19329,-58.623154,-59.790775,-61.353172,-57.995476,-55.39472,-53.467297,-52.95814,-52.629826,-51.53509,-50.767742,-50.99514,-51.475395,-52.162083,-53.96524,-63.268814,0
-183.69254,85.74569,17.105007,0.7450415,-30.697605,-11.2221155,-31.665989,-25.21342,-5.6502113,-17.771402,-13.406079,-9.343155,-6.285248,-66.44181,-53.291412,-52.23483,-53.40023,-45.198402,-42.792534,-41.65464,-37.808514,-32.031963,-28.957113,-27.366823,-28.406326,-29.693312,-32.59255,-31.81049,-30.604074,-28.052885,-26.545378,-26.907082,-28.705206,-28.973515,-29.88842,-31.958696,-33.357925,-34.170113,-36.11602,-36.45041,-35.445103,-35.86375,-34.865208,-35.238876,-36.34431,-37.879574,-39.08603,-40.677746,-40.9671,-42.508293,-43.4897,-45.965145,-46.011715,-46.83475,-47.848106,-47.792065,-46.083523,-46.25011,-46.218155,-44.851517,-45.450954,-47.814514,-48.30613,-48.384502,-49.753944,-49.53245,-48.19258,-49.891407,-51.921783,-51.70525,-50.80252,-51.1827,-49.860756,-48.857273,-49.64747,-49.180065,-48.861942,-48.882996,-48.092377,-48.129467,-48.982403,-51.99603,-53.699177,-54.15241,-52.570736,-53.36067,-56.030827,-57.53035,-58.4955,-59.088352,-58.354134,-57.876183,-57.667545,-56.71779,-54.367367,-53.637405,-54.92617,-55.595142,-52.59644,-51.83803,-53.809444,-54.54588,-54.840836,-55.14417,-53.633526,-53.130642,-51.40731,-48.62214,-48.326305,-48.544956,-48.94261,-50.31743,-51.092304,-50.857407,-51.094357,-52.949062,-53.132786,-53.02389,-54.442345,-54.665604,-53.77372,-54.329266,-56.445198,-56.277935,-57.475582,-57.734245,-58.343456,-58.879456,-59.82005,-60.17338,-59.913776,-59.86892,-60.964912,-62.14036,-61.670937,-58.07075,-56.345398,-56.103317,-56.663296,-58.055027,-67.43528,0
-153.55801,131.91624,-22.082302,30.135273,0.21423072,-7.5715013,4.8998594,-17.468237,1.7411551,-1.8671771,-1.3097578,-1.3273637,-4.6671133,-26.417906,-35.540535,-38.16465,-35.19372,-25.64018,-17.67737,-22.870188,-32.39183,-36.181927,-34.3471,-28.590628,-26.284933,-26.391775,-28.463076,-29.240349,-29.975441,-28.846972,-28.81327,-29.285574,-28.171349,-28.482721,-30.154976,-32.207897,-34.542927,-35.934757,-34.299843,-31.346508,-31.830202,-35.120834,-37.982803,-39.917,-39.410854,-37.0258,-35.538883,-36.09818,-38.330788,-39.415382,-39.97952,-39.67724,-38.19239,-37.844048,-40.339653,-42.57774,-42.93484,-41.77392,-40.507854,-40.472027,-41.421955,-42.089016,-41.54104,-40.567226,-39.953777,-39.176285,-40.627598,-40.97144,-40.481102,-39.7311,-40.018963,-41.736965,-42.522305,-41.93717,-41.814228,-42.038914,-43.03941,-43.31052,-42.570404,-43.766396,-45.99285,-45.68489,-45.290237,-46.88234,-46.40216,-46.247757,-46.06379,-45.474365,-45.186466,-45.53446,-45.27321,-45.223972,-45.517757,-45.240505,-44.89888,-45.722885,-45.33438,-47.565792,-47.911243,-48.234516,-48.626476,-48.8321,-50.750523,-51.000477,-50.936058,-50.007267,-50.289692,-50.039703,-50.49072,-51.803352,-53.427677,-55.108646,-57.524963,-58.83347,-59.408688,-60.188175,-60.097626,-63.639694,-65.86985,-65.76345,-65.49204,-66.39391,-68.102165,-69.074776,-68.91694,-67.04789,-66.2795,-65.90125,-67.26027,-67.92076,-66.680954,-65.338776,-64.55579,-64.49657,-63.46718,-63.421333,-64.55192,-66.36363,-66.34395,-65.59781,-67.643845,0
-196.03844,111.40215,-49.11468,77.73427,-50.57821,3.4388034,-3.9595077,-3.9311578,2.2090995,6.2443414,-1.6271735,4.5979195,-1.3291633,-29.323668,-29.431461,-28.475765,-38.929268,-28.388136,-19.624725,-19.052578,-26.912304,-34.790245,-33.911858,-33.5483,-33.005096,-28.800293,-25.0226,-25.393608,-30.043299,-33.048073,-33.16402,-29.809181,-24.740116,-22.72218,-24.731096,-27.2852,-28.613451,-30.286053,-29.073273,-26.415619,-26.129156,-29.952724,-32.71346,-32.69643,-32.659683,-32.014233,-32.13359,-33.415726,-34.501915,-34.681503,-34.158394,-36.194313,-36.767822,-36.33014,-35.94328,-37.158066,-38.31155,-38.941,-40.35652,-40.12698,-39.540703,-40.457687,-41.71565,-41.538754,-41.1568,-40.819695,-40.6966,-41.16085,-42.00993,-41.427666,-40.122574,-39.652233,-39.064137,-38.55693,-38.161358,-38.612347,-40.563457,-41.674942,-41.094112,-39.852272,-40.382187,-39.87749,-38.33182,-38.432034,-37.615513,-37.11504,-37.690075,-39.84776,-37.321415,-35.175896,-34.880936,-34.066803,-32.67685,-32.410324,-30.66117,-30.285042,-32.561924,-33.254406,-34.515408,-33.065754,-32.5183,-32.369545,-32.553593,-32.866608,-32.351204,-33.198097,-32.880318,-34.8319,-36.00984,-36.113506,-36.21522,-37.784664,-40.38275,-43.282894,-45.380253,-47.37699,-49.004154,-49.55046,-50.521286,-52.11998,-54.339046,-56.286232,-59.10877,-60.14976,-60.33786,-62.041218,-63.845985,-65.843864,-65.67016,-65.31717,-68.49704,-69.62005,-69.435196,-69.320435,-70.62605,-74.177956,-77.56363,-79.680916,-79.78206,-79.78834,-79.78624,0
-119.81905,105.24417,-30.42784,-2.9828222,-18.863228,-14.157795,-11.987558,-5.256554,-18.138046,-7.4258385,-1.3254403,-7.7150273,-5.8362837,-49.324787,-51.111553,-49.73239,-49.219048,-46.47546,-43.37654,-33.81871,-21.30966,-20.821222,-31.607935,-38.012028,-41.527603,-42.828674,-39.297367,-32.55995,-24.608145,-21.073082,-23.925272,-30.150333,-35.53805,-37.504055,-34.28968,-32.49696,-27.741888,-26.119335,-28.42388,-32.24682,-33.48374,-33.835087,-34.729935,-34.72457,-33.34563,-30.730312,-33.95032,-37.23877,-37.44281,-37.009968,-35.20678,-33.743523,-34.042282,-33.201138,-33.66672,-36.73731,-38.22523,-38.128563,-38.369095,-37.878304,-35.696163,-33.771816,-35.024494,-37.902843,-39.368206,-41.568466,-42.01933,-38.85603,-38.203842,-41.131824,-41.813366,-43.173534,-42.8517,-40.77786,-41.955338,-43.936615,-45.043465,-44.84865,-43.297043,-44.218365,-45.12781,-44.90785,-43.367138,-43.04191,-44.195133,-44.196163,-44.310585,-43.430317,-43.389355,-45.073387,-45.837616,-45.169586,-45.06345,-45.202297,-44.931335,-43.7224,-42.067894,-44.995182,-48.512665,-48.04851,-50.74978,-52.919304,-52.46785,-54.8548,-55.24146,-54.619728,-57.371517,-56.69958,-56.222492,-53.885937,-52.796844,-52.485065,-52.56667,-52.36715,-51.5798,-53.0241,-56.03919,-54.818928,-56.719757,-58.02109,-57.99728,-57.10973,-57.119415,-58.306026,-59.513004,-62.08492,-63.158897,-61.82178,-59.39004,-58.153023,-58.510593,-58.585957,-59.825695,-62.087982,-61.54675,-59.868977,-59.305256,-62.150948,-63.18219,-64.94428,-75.09812,0
-165.91415,98.7142,10.030722,51.54332,6.174584,-14.73695,-16.542398,-10.7772045,-21.008652,1.7458453,-16.673115,6.54049,-11.337464,-45.549698,-47.292713,-52.582264,-44.123646,-26.423267,-16.254381,-19.544228,-31.589762,-37.467983,-34.5811,-28.380926,-24.938791,-24.249952,-27.861816,-31.758648,-33.923378,-33.79471,-32.813236,-31.55019,-31.68125,-33.97353,-35.5593,-36.479885,-36.85095,-39.58671,-42.678352,-41.56249,-39.67336,-40.762005,-43.2009,-45.849106,-48.93468,-51.819263,-50.615314,-51.723557,-54.460064,-55.378197,-54.555904,-52.00956,-51.8187,-52.825176,-54.349957,-55.702076,-54.365677,-53.07112,-52.920982,-52.634773,-51.334126,-50.430016,-52.019424,-53.73188,-54.852318,-55.360645,-53.70508,-52.17883,-52.027626,-51.69228,-51.902927,-51.6186,-52.12276,-51.66135,-51.558704,-51.225803,-50.62614,-50.59721,-49.82458,-49.185905,-48.70999,-49.33052,-49.230022,-48.6804,-49.118565,-49.02805,-47.15448,-46.614594,-47.776493,-48.527317,-50.020134,-53.37312,-51.31169,-48.204994,-49.717705,-50.834827,-52.531384,-51.443073,-50.50851,-50.21774,-49.616856,-51.664024,-49.877106,-50.627533,-50.176197,-53.37305,-53.695526,-56.17564,-57.642372,-60.076176,-60.466423,-60.09524,-59.509945,-60.785168,-63.20818,-65.20621,-66.093895,-63.79561,-60.770992,-61.594994,-60.86436,-60.32342,-60.927036,-60.65589,-60.329693,-58.964127,-58.52768,-61.190277,-62.083385,-63.172348,-63.60124,-63.329433,-61.64173,-60.45587,-59.42072,-61.15647,-64.58906,-68.41286,-73.672516,-78.966606,-79.65487,0
-144.44266,49.535698,0.75156546,5.7159195,-18.178886,-38.131798,-15.275663,-18.833084,-7.5847597,-23.131544,-9.626133,-17.87595,2.2496247,-64.75285,-61.452984,-58.590836,-53.863575,-49.489212,-40.30111,-38.290382,-30.025356,-24.198343,-27.968779,-32.941845,-35.593918,-36.468975,-37.174217,-35.01509,-32.630157,-27.876677,-25.62447,-24.56572,-27.52929,-29.695656,-31.156984,-35.034378,-36.510036,-33.18547,-30.636189,-32.627483,-34.183765,-35.411842,-36.557205,-39.1806,-39.960243,-38.287014,-35.660324,-36.432728,-39.735893,-40.623623,-40.412678,-40.813374,-42.248123,-42.38658,-39.54174,-37.979744,-39.99941,-43.78174,-45.514015,-48.166454,-49.584496,-49.38746,-44.480453,-44.155552,-46.87655,-48.677937,-49.115223,-49.650898,-51.48219,-50.693752,-48.764297,-46.938282,-44.871758,-43.97983,-41.684044,-42.689762,-43.435688,-43.71272,-43.08085,-40.62759,-40.33036,-43.050327,-44.252583,-43.367508,-43.093193,-45.71196,-45.46374,-44.569927,-44.71373,-44.978134,-42.679256,-39.57927,-41.504433,-43.31767,-42.338177,-41.787384,-44.802654,-43.64055,-41.92271,-42.114838,-41.738678,-43.110554,-46.002407,-45.902412,-48.201588,-49.53069,-51.266006,-52.933277,-49.001644,-48.56038,-47.280678,-46.724693,-45.854927,-45.10792,-45.69866,-45.888905,-47.636063,-48.962105,-48.806885,-49.85156,-50.89529,-50.707596,-52.067707,-54.86039,-56.235844,-57.03355,-57.60825,-56.14372,-53.870697,-49.914585,-50.609367,-52.21203,-51.895138,-50.52472,-49.6091,-47.104134,-44.302597,-42.78944,-42.279236,-44.822357,-54.093716,0
-202.4445,117.10538,-13.3136,25.411654,-10.256571,-18.48185,-13.189692,-7.8076067,-15.096294,-2.2282233,-10.565371,-7.6980085,-12.210604,-51.849983,-49.025497,-46.31891,-41.281937,-34.129936,-30.415434,-30.98792,-31.226202,-31.672981,-28.772612,-27.915613,-28.820448,-29.388159,-30.649824,-31.103456,-30.698824,-31.901148,-30.001566,-29.250164,-30.716812,-32.010536,-31.796907,-32.404373,-33.2591,-34.48081,-34.9869,-34.98208,-37.079742,-38.099648,-37.22981,-35.688274,-35.874306,-39.06783,-41.560337,-41.751442,-40.635803,-40.53895,-41.271305,-41.363182,-42.678337,-42.451218,-44.145462,-45.56631,-45.81999,-45.442104,-45.693012,-46.947514,-47.758064,-47.65389,-47.79107,-46.63111,-46.220654,-45.81957,-45.504795,-46.231247,-45.92002,-46.15338,-46.492466,-46.310658,-45.530643,-46.226284,-46.68653,-47.465473,-47.539486,-47.549534,-47.495327,-47.752323,-47.656765,-47.95428,-48.404266,-47.40974,-47.847767,-49.08643,-47.819614,-45.838585,-47.200703,-46.493538,-45.195267,-45.579334,-46.386093,-46.33217,-47.326443,-48.50256,-48.10938,-49.451794,-49.79926,-51.24122,-52.53864,-52.93402,-53.84401,-55.107647,-55.259403,-54.690395,-55.2867,-55.30132,-55.85045,-56.826935,-57.53089,-57.252327,-58.50871,-59.50845,-60.25472,-59.75935,-61.20861,-61.854355,-62.46208,-63.371407,-62.990314,-63.19202,-62.59142,-62.34662,-63.440273,-63.553852,-64.1686,-63.369778,-61.910324,-61.365543,-63.06657,-64.93414,-64.14403,-64.976814,-65.60171,-66.48963,-67.759,-68.664,-68.90978,-70.50086,-76.71995,0
-146.80109,133.69118,-22.321676,20.19157,-0.9496581,13.870648,8.873584,-1.7813044,-23.428362,-11.886735,4.655508,-3.3322668,-7.302368,-34.151405,-28.81775,-29.50305,-20.712328,-20.749693,-28.497335,-30.722311,-18.681717,-18.138338,-28.342844,-28.624435,-24.939337,-23.969059,-26.257277,-25.76573,-22.31874,-23.711742,-26.934261,-28.746796,-27.072063,-26.304045,-28.418406,-33.03437,-32.246216,-33.540592,-36.302204,-39.394775,-37.952618,-39.82812,-39.770607,-37.47511,-34.456463,-35.4026,-36.89637,-34.748272,-33.18198,-33.62658,-33.381157,-31.91516,-32.217583,-32.752876,-32.639706,-32.940346,-31.744589,-32.362934,-33.41403,-31.755127,-30.587004,-32.87221,-32.442688,-29.448374,-31.114882,-32.916824,-32.009678,-32.266823,-33.888924,-36.357998,-39.254417,-42.12772,-44.72501,-43.05061,-43.859444,-45.472687,-45.878864,-46.23704,-47.10328,-44.756554,-44.0815,-43.701508,-44.280163,-42.777668,-42.11811,-40.219013,-40.828545,-40.149727,-40.96281,-41.42986,-40.13728,-38.54381,-39.70944,-42.205883,-45.732735,-48.464508,-49.412067,-48.57259,-48.139706,-48.25437,-48.575264,-48.828526,-50.697964,-49.108643,-48.149464,-47.897137,-49.017952,-50.749386,-53.01002,-56.250786,-57.054607,-55.193356,-56.80668,-59.15002,-57.8677,-52.33413,-48.073334,-47.86222,-50.174847,-53.442646,-55.8185,-60.172966,-62.25822,-62.5892,-63.49197,-63.20496,-63.46355,-62.427692,-62.65817,-62.711597,-61.597927,-61.44013,-62.179596,-62.32273,-62.26017,-62.984493,-63.08524,-63.80799,-63.9578,-66.92272,-77.84973,0
-193.1334,82.41198,-25.348402,30.617207,-36.768112,-27.495718,-37.304802,-20.978287,3.2594686,-21.496857,-9.590543,-15.2056,5.6376567,-64.09141,-61.70977,-55.828335,-50.65002,-46.474045,-42.113132,-38.152092,-34.330887,-33.000557,-30.59794,-30.37999,-30.656597,-29.058754,-28.732538,-28.370224,-28.570263,-28.929876,-30.276516,-30.25795,-31.555964,-28.276081,-27.245932,-27.809044,-27.101393,-27.003767,-27.820923,-27.894926,-30.501234,-32.538067,-33.585205,-34.11433,-33.30947,-34.779972,-37.254124,-38.961105,-40.79044,-42.05464,-42.907333,-42.734257,-43.086956,-43.332214,-41.262733,-40.20091,-42.176254,-45.430138,-48.31904,-49.97331,-48.56202,-48.48322,-48.798237,-47.9215,-47.015587,-46.812225,-47.99771,-50.50241,-49.64469,-47.966766,-45.71542,-43.76482,-41.23917,-39.741035,-40.11618,-41.46433,-41.300346,-39.77554,-37.746044,-37.81429,-39.127136,-38.985016,-39.70665,-41.15443,-40.304684,-41.00784,-42.737274,-45.00339,-44.811977,-45.953148,-47.384106,-47.285877,-46.311745,-45.729355,-46.203697,-45.554688,-44.886883,-43.066166,-42.341984,-44.16611,-42.840622,-42.007385,-42.788708,-43.99853,-44.38456,-45.206234,-46.596394,-45.208427,-44.336323,-45.911114,-44.840836,-46.82448,-46.929047,-46.385853,-48.098164,-50.134388,-50.9024,-50.448036,-50.382748,-51.983852,-50.909607,-49.995087,-50.422554,-53.79237,-56.25008,-60.320328,-64.583755,-67.16314,-69.00434,-69.29691,-70.07661,-70.94678,-70.72132,-66.50246,-62.852833,-60.3378,-58.45347,-56.61082,-56.433525,-59.704094,-68.1828,0
-154.64246,102.99094,-19.616308,59.5695,6.3980975,-13.164605,6.849747,-8.390962,2.2654397,-5.1614223,-5.952967,2.9726539,-10.51792,-29.249647,-35.859306,-39.868317,-37.96732,-28.93974,-20.580574,-21.648825,-30.841347,-34.653355,-34.58831,-32.482944,-28.005411,-28.608831,-30.604828,-32.42387,-35.037235,-36.871105,-33.27944,-31.917223,-35.075207,-39.20709,-39.79778,-38.977074,-37.995987,-36.9041,-39.165993,-42.53825,-45.627728,-44.7267,-41.926437,-40.369232,-41.0884,-43.79577,-46.73705,-47.29489,-46.68387,-44.03447,-42.4663,-44.67005,-47.95225,-49.610348,-49.66137,-48.814568,-46.640606,-46.534927,-49.094326,-51.469692,-50.79698,-47.886787,-47.129845,-47.74098,-48.431335,-48.07302,-47.251328,-48.00662,-48.87093,-47.267162,-46.16387,-46.22217,-47.29676,-48.04481,-46.81833,-44.39771,-45.406895,-45.832123,-44.319378,-43.573368,-44.174934,-43.287815,-42.54862,-42.77589,-41.821873,-41.643517,-41.823112,-41.74284,-42.196136,-42.634396,-43.043995,-44.214577,-42.442596,-42.021748,-42.511253,-42.95591,-43.689022,-43.9201,-45.462795,-46.75449,-48.640133,-49.26881,-49.13069,-48.28433,-47.367744,-46.214924,-45.557938,-44.882004,-46.7644,-49.645374,-52.545227,-55.136303,-56.117447,-58.021965,-59.474964,-62.46441,-65.41493,-65.82575,-63.943058,-63.193066,-64.346436,-66.9349,-68.070526,-66.89083,-65.90848,-65.36415,-65.10557,-65.54458,-67.09532,-67.17189,-65.96853,-64.57868,-64.0722,-64.59922,-65.46964,-67.344246,-67.5928,-66.85681,-66.26511,-67.157104,-68.252205,0
-186.78807,72.32705,21.493599,9.72706,-14.493604,-25.349579,-30.740286,-28.231663,-4.99175,-16.411264,-14.431099,-4.0946727,-11.35454,-67.24591,-63.890835,-60.717754,-54.212406,-39.846046,-38.50089,-38.677357,-32.29465,-30.01357,-33.691273,-33.60368,-34.42404,-33.50759,-32.819756,-32.147316,-30.302101,-29.346462,-31.736814,-32.85786,-33.565563,-31.610834,-33.150486,-32.52437,-30.816492,-30.312334,-32.74774,-36.922512,-40.126133,-42.770615,-45.562775,-45.150955,-42.84712,-42.00223,-42.203434,-44.45102,-46.00813,-46.7508,-47.925053,-50.361965,-52.08841,-52.33068,-52.09572,-52.428864,-53.551308,-54.28619,-57.04713,-55.00942,-52.46226,-47.81029,-47.264477,-49.16726,-52.27847,-55.137714,-56.65217,-54.920635,-54.834892,-55.222954,-51.42099,-50.183647,-49.320362,-50.36126,-51.632896,-51.990025,-51.42927,-49.992645,-47.257236,-48.03749,-48.94084,-49.91994,-53.03611,-53.558655,-52.57938,-52.039955,-51.802063,-54.04167,-56.870995,-56.768787,-54.53411,-55.290485,-56.346947,-56.571453,-56.806263,-57.167313,-56.142124,-54.83992,-55.802383,-53.286232,-53.667076,-54.107025,-53.1986,-52.39047,-53.09617,-53.515667,-53.247467,-51.659306,-51.957355,-51.60351,-51.924324,-52.231327,-53.288994,-54.344707,-55.516617,-56.313095,-57.1999,-57.52218,-58.631516,-57.623314,-58.126408,-59.671646,-60.2102,-58.6902,-57.73308,-56.54073,-56.84117,-58.665997,-60.578503,-59.76877,-58.183727,-57.57667,-57.539757,-57.03339,-55.098488,-53.499447,-52.935112,-54.59954,-54.466507,-57.26262,-67.29608,0
-139.5443,90.63421,-12.363256,53.970097,4.6594243,-4.236145,-1.9339191,-6.422656,4.211801,-4.9508843,-2.4755657,-3.482053,-1.225199,-23.995832,-31.31231,-33.304745,-29.05262,-20.012066,-22.37186,-31.771431,-34.872803,-31.568752,-26.22577,-24.933037,-28.855198,-32.135902,-31.683348,-28.020466,-26.508575,-27.767502,-29.852808,-30.943375,-30.806223,-31.826876,-33.9318,-36.478085,-38.172855,-38.357887,-37.481537,-37.475044,-37.818096,-40.09663,-40.5927,-40.969467,-40.679222,-39.48104,-39.657097,-41.357193,-42.417892,-42.774483,-42.20378,-41.958874,-42.339756,-44.545788,-44.948185,-44.55335,-44.655003,-43.363388,-44.51343,-47.21184,-47.89522,-46.168102,-43.951637,-45.381054,-47.171593,-45.696953,-42.82997,-42.884796,-43.273273,-42.475193,-40.88159,-41.643665,-42.242474,-40.400433,-40.073517,-39.918293,-40.15499,-41.013615,-40.740532,-40.598034,-38.87651,-38.628265,-40.89925,-41.606636,-42.217293,-42.302277,-40.67951,-41.22575,-39.357346,-39.270226,-39.726868,-39.154133,-39.846077,-38.914356,-41.02657,-41.138664,-41.43124,-41.426647,-42.466236,-42.96286,-43.999706,-45.418343,-46.367073,-45.86627,-44.95316,-43.74071,-43.337788,-43.96687,-43.409744,-44.35071,-45.820362,-47.898026,-49.21429,-49.909992,-50.003464,-51.83093,-54.58952,-54.803104,-54.057617,-54.651264,-56.943775,-59.01323,-58.33799,-57.702915,-57.53949,-59.23923,-60.868362,-60.52774,-60.7869,-60.58446,-60.053566,-59.832928,-60.61252,-60.952023,-60.62106,-60.476387,-61.496582,-61.495945,-60.76844,-60.73577,-59.603424,0
-121.23043,87.73039,1.6133547,47.94486,-20.500395,2.6693034,-29.011765,-17.343067,-18.388056,-12.621625,-10.459782,-1.8442725,-19.1623,-47.784615,-48.036354,-46.029648,-39.40288,-26.777342,-18.062666,-18.354713,-22.834833,-25.501024,-23.851244,-21.120697,-19.583939,-19.698858,-21.222149,-23.03704,-23.745232,-25.0225,-23.932325,-23.661545,-24.200724,-24.613987,-24.062166,-25.582596,-29.693914,-31.760723,-30.878727,-29.97067,-31.28876,-35.0093,-38.035706,-39.696056,-40.603306,-40.911335,-41.008247,-41.632023,-42.15583,-42.308517,-42.777637,-42.46611,-41.577576,-41.381214,-42.193405,-42.595837,-42.67167,-42.402,-43.28791,-43.540215,-42.63061,-42.14718,-42.524063,-43.37741,-42.359615,-41.133698,-41.24807,-42.324886,-42.59401,-42.13399,-41.382656,-42.17142,-42.35985,-42.217293,-42.12501,-41.179672,-41.804173,-41.778656,-41.552128,-41.52372,-42.63415,-43.078312,-43.075085,-43.240868,-44.156876,-43.894184,-42.521908,-42.557583,-41.333214,-40.50942,-41.1326,-40.819363,-41.415886,-40.835644,-41.48214,-40.92605,-41.758507,-43.38046,-43.958786,-43.831024,-43.14288,-43.813816,-44.241543,-43.823532,-43.162548,-43.19167,-42.603474,-42.578568,-41.568638,-40.581013,-39.81587,-38.990696,-38.577232,-39.197735,-40.197693,-40.724174,-41.679882,-43.64113,-46.886288,-49.73728,-51.01514,-53.05923,-54.895596,-56.182476,-57.271824,-57.241825,-56.69305,-55.766212,-53.465466,-51.67364,-50.772755,-49.640305,-50.64448,-51.887016,-52.021774,-53.348476,-54.061634,-58.49822,-77.74103,-79.48432,-79.49084,1
-221.72382,125.4276,-29.772934,30.892492,-17.954266,-1.1118302,-20.484259,-11.221682,-6.9810395,-11.7522745,-4.0094895,-13.336162,-2.366192,-61.33903,-57.01098,-52.79507,-45.17445,-38.19233,-35.160404,-35.572556,-36.625328,-38.557365,-39.799976,-41.08202,-40.155006,-36.925568,-34.348057,-33.750114,-34.090252,-35.840115,-38.133728,-38.837517,-38.16149,-39.3183,-40.01555,-40.041916,-40.213852,-40.879925,-41.75123,-42.071606,-43.73427,-44.62513,-45.668983,-45.42881,-43.318066,-42.652977,-44.295555,-48.0973,-49.73384,-50.317375,-49.138752,-47.374374,-46.707394,-47.575047,-49.857178,-50.39821,-50.177258,-49.98984,-49.708027,-49.665215,-49.822086,-49.786346,-51.323643,-50.287045,-50.60445,-51.42094,-53.15858,-52.289116,-50.38802,-49.913036,-50.109688,-49.865437,-48.88168,-48.59695,-51.755203,-51.842922,-49.731857,-50.0751,-50.839226,-50.897266,-51.13014,-49.46958,-52.046097,-54.298878,-55.7575,-56.12342,-56.658054,-57.792515,-56.89334,-54.512455,-53.89862,-56.365227,-54.245064,-53.08653,-53.51103,-52.465206,-52.410122,-54.137875,-58.028362,-58.76338,-59.089615,-60.972374,-64.78007,-64.331764,-62.61931,-60.834236,-61.559967,-61.89796,-58.63292,-56.748714,-57.896236,-57.87547,-55.43488,-55.738064,-61.795197,-67.22628,-69.08487,-68.51605,-68.22652,-67.22366,-67.33044,-67.502495,-68.75795,-69.57014,-69.92284,-69.859,-73.183075,-79.5359,-79.54621,-79.55791,-79.57006,-79.58198,-79.5925,-79.60535,-79.61537,-79.62387,-79.63397,-79.63958,-79.64678,-79.65236,-79.65541,1
-179.55333,93.62906,8.609057,44.500706,-22.446741,0.631185,-4.5963826,-4.621862,-3.407543,-9.736177,-12.72333,4.5062423,-10.42088,-28.196474,-42.61907,-43.778522,-43.901115,-40.358177,-34.57981,-28.169836,-26.857754,-29.060389,-30.105932,-31.464273,-30.46746,-30.15154,-30.523296,-31.933603,-34.181526,-35.621162,-34.97572,-35.198452,-35.633938,-35.72252,-35.49625,-36.735924,-38.62246,-38.494053,-38.635513,-40.7863,-43.05269,-42.733265,-42.14402,-42.235954,-42.039295,-42.11208,-43.521294,-45.01622,-44.784023,-45.205532,-44.598316,-43.1233,-43.91227,-45.90941,-47.97787,-48.188927,-47.06813,-47.044975,-49.733253,-49.65547,-50.659874,-50.152924,-50.287594,-49.503075,-49.79679,-53.07398,-54.33324,-53.873188,-53.938293,-53.106014,-53.65446,-53.68937,-52.39532,-52.26957,-53.302193,-53.439632,-53.601757,-53.092274,-52.34594,-51.57173,-49.363525,-49.3251,-48.822235,-48.642334,-48.32976,-48.4574,-49.581017,-50.154995,-50.874218,-51.885006,-52.24754,-53.126274,-54.116257,-52.235565,-51.4838,-52.207794,-50.347782,-49.06506,-47.107872,-46.441296,-45.978962,-44.81981,-46.809563,-47.96638,-49.3707,-51.017395,-51.099373,-51.116734,-50.612926,-49.448517,-50.03197,-48.78153,-49.33588,-49.57702,-50.626907,-51.92433,-54.75783,-57.032276,-58.680717,-58.381557,-58.43603,-60.243614,-62.324543,-63.01343,-64.09928,-64.44431,-64.22304,-62.894405,-62.34555,-62.595238,-62.851,-60.761997,-60.48988,-59.97199,-57.947025,-58.18746,-61.554714,-65.47044,-78.555626,-79.36558,-79.41256,1
-179.21613,113.17455,-0.1521688,31.433706,-6.775476,5.007073,1.1660771,-0.8087479,-10.0267725,-0.24491943,-10.630106,-3.6071856,-14.939843,-32.429417,-46.22164,-41.818542,-30.60353,-26.199379,-30.734625,-31.600483,-26.584318,-23.485697,-24.335804,-29.761423,-34.07588,-35.258747,-30.902914,-28.62048,-30.89721,-34.356564,-36.246464,-35.557102,-35.565968,-38.166344,-39.990902,-39.765007,-37.644405,-37.273582,-40.451107,-41.792717,-41.114975,-40.50626,-40.757477,-42.455936,-42.351448,-40.797997,-40.011375,-41.188816,-43.1483,-44.457607,-42.61428,-41.796253,-42.99065,-44.01326,-43.736664,-43.30281,-43.32072,-45.16522,-46.592842,-46.31567,-45.93925,-45.95506,-46.42597,-46.945076,-47.160084,-48.721863,-48.732018,-47.855473,-47.75479,-48.389324,-47.653545,-47.94373,-48.400593,-48.449543,-48.263233,-49.206837,-49.698013,-49.621227,-51.42402,-51.569157,-51.109024,-51.35525,-51.07417,-52.81924,-52.807766,-52.7496,-52.959167,-52.420303,-52.18968,-50.64733,-49.627396,-48.05972,-46.550087,-45.62395,-45.71825,-45.97,-48.682335,-52.006294,-54.511505,-56.03592,-56.143814,-55.526955,-54.8228,-53.086166,-53.267933,-53.63387,-53.148987,-53.28887,-53.60812,-54.67111,-55.23754,-54.966,-56.452175,-57.559002,-58.177303,-57.29002,-56.7697,-57.278732,-58.930016,-60.82924,-62.442394,-65.80339,-68.27293,-68.480415,-66.32664,-64.8247,-62.11683,-59.11744,-60.0396,-61.19632,-62.715084,-60.76071,-58.16829,-59.813446,-61.603603,-63.99252,-64.82685,-67.59421,-79.50058,-79.52774,-79.53039,1
-172.6343,74.95482,16.925404,58.24836,-9.109882,-1.8422725,-6.6187663,-8.44685,-15.157515,-9.25713,-13.327407,1.4924866,-13.562352,-30.441887,-45.86573,-46.769035,-46.68547,-44.585773,-38.24118,-31.894674,-29.041273,-29.065119,-28.654476,-31.261995,-33.047672,-32.63588,-31.216486,-32.33256,-34.594463,-36.789436,-37.666557,-37.120987,-36.50593,-35.78898,-38.77682,-42.651398,-46.210526,-47.492897,-47.377453,-47.177483,-47.385826,-48.34627,-49.289253,-50.63665,-50.773792,-50.482143,-53.145306,-52.968025,-53.43365,-52.61574,-53.446457,-54.796993,-53.278156,-52.50511,-52.467747,-53.2736,-54.742363,-55.6594,-55.440235,-55.180912,-54.997334,-55.186478,-56.165054,-55.26785,-55.136,-56.345387,-57.393196,-56.59672,-56.299793,-56.03877,-56.670967,-57.237976,-56.639004,-56.12965,-55.287388,-55.906185,-56.33119,-54.99643,-54.263973,-55.613083,-54.83907,-51.615814,-50.64412,-51.037506,-52.40242,-51.687687,-51.48695,-51.278122,-50.884655,-50.9937,-50.688835,-50.69748,-50.53421,-50.41838,-50.87358,-50.97245,-50.15465,-48.75792,-48.56623,-48.21205,-47.02011,-47.79344,-49.99792,-51.51172,-52.772644,-53.425365,-53.95962,-53.404037,-53.31309,-51.749622,-51.311993,-50.579144,-50.679523,-51.200905,-51.496674,-52.974308,-56.11343,-58.613506,-60.809216,-60.46249,-60.753613,-62.53079,-64.1547,-64.59645,-63.21639,-62.914204,-61.99075,-60.92933,-60.305016,-60.635952,-60.224613,-59.83729,-59.73941,-59.45064,-58.52024,-59.704693,-62.00157,-65.493034,-79.04305,-79.85895,-79.85911,1
-144.2447,93.322395,-23.196785,30.864952,-15.497259,-4.1091456,-17.25091,-4.141957,-17.97183,-6.666116,-11.648786,-4.615048,-6.2133107,-41.864407,-46.985134,-51.303852,-50.399002,-45.86816,-37.860455,-30.38964,-25.767342,-27.485874,-29.563822,-28.462584,-28.37541,-30.784103,-34.207245,-33.84811,-34.307697,-34.448944,-35.824707,-34.36956,-33.032772,-32.98596,-32.224483,-30.697475,-31.531084,-34.011063,-36.977097,-39.749607,-40.891037,-40.854378,-41.510296,-43.467255,-42.79906,-41.113155,-39.88809,-38.963676,-39.026817,-39.900402,-42.2361,-43.654816,-43.509266,-43.12271,-43.814182,-44.273987,-43.64633,-43.22521,-42.17413,-40.667423,-40.490463,-41.515224,-43.716713,-44.88615,-47.866283,-48.779865,-47.514626,-43.382305,-41.3048,-42.71138,-45.28649,-46.76353,-46.45389,-45.547832,-44.39815,-42.877827,-42.027485,-43.933083,-45.753033,-44.974995,-44.48835,-43.963524,-43.91229,-42.780422,-43.477703,-45.55985,-45.658344,-43.969444,-44.688377,-45.094307,-45.29829,-45.325195,-46.263172,-45.06439,-46.416218,-46.611042,-44.358322,-44.42607,-45.838203,-45.660458,-45.86479,-47.18598,-48.125866,-49.249924,-50.096214,-51.32923,-53.21841,-53.207867,-53.35975,-53.006092,-52.672092,-51.50681,-52.633114,-52.293457,-52.04067,-52.3153,-52.147915,-52.512268,-53.29384,-53.395294,-54.958786,-56.83301,-58.01442,-58.99603,-59.66544,-62.15816,-62.90029,-62.464756,-61.338352,-60.309185,-60.96439,-62.221073,-61.896893,-60.92683,-60.589325,-59.954952,-59.262295,-63.677383,-79.46628,-79.857635,-79.856476,1
-133.0218,47.66369,0.6654189,1.6013423,-12.6668415,-9.6758585,-13.885671,-5.6422434,-23.229622,-8.869316,-14.404105,-3.8750167,-12.438,-55.396454,-55.21913,-54.525436,-51.888,-48.242092,-44.572056,-37.717033,-27.411707,-18.850027,-21.528917,-30.219069,-36.74916,-38.170597,-40.123173,-40.696236,-37.768566,-31.487085,-27.892155,-27.316032,-30.562147,-35.235374,-38.30367,-39.339603,-40.24947,-39.84204,-38.288532,-36.33596,-34.1762,-35.639122,-38.065952,-40.608303,-41.83358,-42.48861,-42.487545,-42.323658,-40.259106,-39.754204,-40.051697,-41.159695,-40.23256,-39.48857,-41.43389,-42.54919,-41.255627,-39.70385,-39.8973,-41.272175,-42.474308,-41.23109,-42.585598,-43.41709,-43.476166,-42.858086,-43.42299,-43.64623,-44.336544,-44.32606,-45.080467,-46.580307,-46.43406,-45.629837,-46.205994,-46.823624,-45.747105,-46.44099,-45.114838,-44.806847,-45.111347,-45.962204,-44.65592,-43.81272,-44.428642,-44.772465,-44.08176,-43.541378,-44.488724,-44.428238,-44.095642,-43.456963,-45.232517,-45.952183,-45.114082,-44.579365,-47.30189,-47.79078,-46.615047,-46.23118,-48.738914,-46.885433,-45.817604,-47.077766,-44.989445,-44.659054,-46.56992,-46.658276,-47.87576,-49.73893,-51.356842,-51.24037,-49.22463,-49.848152,-50.4303,-49.96456,-48.88574,-47.318146,-47.136147,-45.881775,-45.749516,-46.487335,-47.611164,-47.173416,-48.27181,-48.9137,-47.46368,-47.177216,-46.868954,-45.870895,-46.357475,-47.981197,-51.123486,-50.961365,-50.043564,-51.75911,-52.141422,-50.855213,-49.844234,-54.851,-65.461525,1
-235.06526,147.77916,-22.784727,13.692697,-46.14348,-15.861281,-2.6333163,-31.98436,-15.943199,-11.888364,-16.496138,-14.892774,-15.556028,-64.39,-61.962143,-57.366405,-54.032993,-51.48363,-47.579453,-45.14562,-40.518353,-35.805878,-29.611336,-25.409634,-23.258854,-23.799454,-26.768764,-33.04295,-36.758812,-38.006042,-38.668713,-37.77093,-36.568127,-33.71251,-32.078457,-33.035088,-33.26845,-33.495823,-33.66366,-34.22582,-35.804707,-38.34163,-40.62759,-40.5763,-39.138245,-39.014057,-39.98899,-41.277477,-43.848843,-43.841248,-43.184635,-41.424137,-41.39042,-41.04308,-40.849483,-40.274216,-41.53882,-43.64124,-45.677456,-49.141853,-50.681488,-50.752106,-49.4501,-48.55776,-47.392464,-48.14658,-49.012703,-52.023514,-55.181244,-55.47248,-53.759583,-50.90693,-49.818214,-50.833496,-52.700645,-55.68986,-58.614403,-57.879276,-58.578747,-60.556255,-59.716442,-61.71445,-64.1278,-64.92075,-62.841915,-63.953266,-62.181126,-59.531685,-57.42616,-55.794273,-56.028362,-55.552254,-54.132946,-52.555286,-53.515366,-53.30244,-53.372547,-54.681854,-57.067604,-58.836147,-58.05145,-57.483128,-62.135643,-61.18363,-56.426586,-57.585392,-56.594936,-55.523144,-56.05639,-54.409603,-53.799118,-58.565174,-62.85761,-65.72161,-71.76026,-74.823074,-76.53741,-75.052864,-75.30252,-74.85804,-75.25849,-74.67132,-73.31657,-72.03831,-72.93642,-73.68914,-76.48377,-79.052826,-79.40684,-79.12458,-79.26503,-79.220245,-79.22279,-79.28152,-79.23192,-79.30387,-79.26011,-79.30531,-79.30676,-79.28624,-79.33971,1
-196.61948,100.6771,5.4175763,33.279243,-18.719015,9.550797,-8.580831,-10.963639,-1.768052,-6.8525167,-15.465252,3.4460893,-7.5193386,-29.52635,-44.28674,-46.21332,-44.707363,-42.321476,-37.906017,-32.493317,-29.675396,-26.394644,-26.452402,-29.94087,-33.602757,-34.265945,-34.33173,-34.62075,-35.999252,-36.927803,-36.648445,-33.318855,-33.20323,-35.222477,-38.48974,-39.167408,-39.99138,-41.80183,-43.103928,-41.958744,-40.743282,-39.3617,-40.706127,-42.78093,-47.37505,-48.336617,-47.299305,-45.822052,-44.63213,-44.553677,-43.463078,-43.03614,-44.05162,-46.208904,-48.585716,-50.17649,-49.42743,-49.077015,-47.932564,-45.86439,-45.449127,-47.56709,-50.018505,-51.17591,-51.92685,-51.742775,-52.36469,-51.44551,-50.66617,-50.090347,-50.220562,-52.81511,-52.943542,-51.646103,-49.569927,-49.071682,-51.788,-54.0176,-52.945557,-50.14664,-49.873722,-50.338676,-52.117416,-53.631653,-53.168415,-53.7317,-54.290447,-56.582253,-56.100506,-55.347984,-57.18953,-58.870476,-56.77257,-56.35521,-55.56244,-55.129757,-52.837284,-52.501816,-50.87615,-49.73712,-49.23653,-48.901646,-50.72835,-52.29146,-51.808815,-52.723778,-53.306683,-53.02802,-52.486477,-51.1268,-50.475353,-49.884827,-51.272785,-53.237522,-54.261284,-55.48112,-58.40529,-59.6606,-60.894714,-60.302063,-59.473698,-61.21604,-63.523052,-64.80846,-64.58712,-65.30197,-65.38063,-63.567516,-63.861794,-64.1213,-64.35758,-63.949875,-63.69722,-63.284996,-61.260357,-60.986935,-63.917248,-68.104965,-79.13725,-79.44612,-79.44461,1
-266.80817,152.66652,-12.523045,14.492962,-32.70902,9.052743,-6.526768,-25.972815,-7.7229643,-2.3750079,-8.6047,-13.611853,-2.1225796,-57.72018,-55.11488,-49.035004,-41.324783,-30.953556,-26.658049,-30.458895,-33.697945,-37.06116,-34.858204,-33.104267,-32.14429,-30.994604,-31.101385,-32.8418,-31.392311,-31.633633,-33.98237,-36.091938,-35.973656,-33.58302,-31.976086,-32.59502,-35.136227,-37.84133,-37.581703,-35.715836,-35.23996,-38.25969,-40.818993,-41.8274,-42.32415,-39.750736,-38.69808,-40.335278,-42.81923,-44.26675,-42.744648,-41.687283,-41.65632,-42.885326,-44.01442,-44.655453,-44.157932,-43.6635,-44.12067,-44.51535,-46.086037,-46.89603,-45.818855,-44.61496,-44.655445,-46.44459,-49.02661,-48.6948,-47.91946,-47.686268,-47.930214,-50.07778,-50.928776,-50.140095,-49.428783,-51.987835,-53.572952,-52.86912,-53.581203,-57.249718,-60.984257,-62.47034,-62.38481,-65.04133,-64.53661,-61.988407,-61.415176,-63.73227,-65.80691,-61.4875,-57.96813,-59.37662,-59.834366,-60.530376,-60.78868,-56.16496,-53.650013,-52.96944,-52.571106,-54.30967,-55.353195,-58.189415,-60.889183,-62.983044,-63.50054,-61.782116,-62.27787,-59.92074,-58.325012,-54.554737,-53.648266,-57.059048,-58.175095,-59.23992,-64.85445,-68.7873,-72.519325,-72.347435,-69.804,-68.38984,-68.899254,-69.520226,-69.96488,-70.71574,-70.00849,-70.48801,-73.91967,-78.71352,-78.71861,-78.72998,-78.73893,-78.74741,-78.75651,-78.76175,-78.76789,-78.771324,-78.77846,-78.78042,-78.78186,-78.78496,-78.78948,1
-203.57121,75.066086,-27.747717,34.625175,-27.36283,-20.316792,-21.747086,-21.144506,-7.277715,-16.287287,-4.997679,-12.948089,7.352801,-63.7889,-60.929523,-59.112877,-55.325356,-53.972336,-50.51445,-45.327286,-40.39586,-31.428741,-26.850632,-30.159815,-38.41864,-43.112804,-43.015697,-43.788975,-42.931206,-41.097992,-37.95544,-32.843925,-29.259129,-28.22729,-31.993654,-36.823414,-39.694427,-41.07465,-42.531513,-43.309284,-41.909298,-39.73824,-39.30124,-41.755806,-44.568417,-46.63836,-48.495777,-49.755634,-49.810764,-48.782467,-47.49527,-47.248844,-49.0146,-49.452415,-49.65204,-49.15242,-48.83084,-50.27886,-51.446045,-50.179817,-49.85728,-49.25836,-50.265003,-51.73417,-51.44805,-53.060345,-53.440865,-51.72882,-50.558865,-50.88932,-51.92271,-51.954876,-49.72421,-48.090157,-47.81282,-48.229904,-48.56056,-48.7663,-46.508778,-44.710194,-44.580944,-45.828953,-46.715904,-47.27423,-46.982674,-47.89369,-50.21028,-51.049786,-50.447742,-50.40314,-50.295803,-50.387737,-49.48099,-48.558144,-48.754066,-47.92067,-46.166466,-45.63822,-44.52367,-43.70933,-43.833347,-44.849617,-46.25317,-48.300575,-50.849514,-53.069195,-55.528427,-56.487553,-57.058914,-57.05332,-56.1289,-54.232513,-52.94375,-50.54051,-49.926083,-49.3216,-50.03815,-51.1868,-54.360172,-57.472286,-60.71885,-64.01147,-65.91882,-67.07414,-67.70259,-67.988976,-68.178894,-68.77716,-69.579956,-70.02548,-70.1385,-70.074844,-69.439255,-68.2926,-67.04619,-66.45095,-65.32374,-64.80912,-64.85533,-66.51658,-74.60122,1
-99.96192,74.090416,12.611639,21.558317,-8.228544,-1.1937455,-15.541074,6.9820013,-11.107221,-4.748598,-10.09379,-4.1340694,-7.3770413,-47.02631,-42.759113,-38.828686,-34.464546,-27.982376,-19.460506,-17.716228,-22.839289,-28.793709,-32.18748,-30.656473,-28.424353,-28.478554,-29.24635,-28.634785,-29.495888,-30.34827,-29.929846,-29.173937,-31.158512,-31.966764,-31.318106,-31.898052,-32.631985,-33.270077,-35.500885,-38.679306,-37.71113,-36.653206,-35.866856,-35.283134,-34.77297,-36.315674,-36.789963,-37.797047,-38.0656,-38.443527,-38.898,-39.547504,-38.46548,-38.714516,-39.904495,-41.359306,-41.915962,-42.63778,-44.374306,-44.73398,-42.830803,-42.101013,-42.764862,-43.4471,-45.41712,-45.220444,-44.07925,-44.06842,-44.528843,-45.39761,-45.355793,-44.139404,-43.92775,-45.028984,-45.552174,-44.10811,-43.074017,-43.254677,-43.883728,-43.071968,-43.147026,-42.532364,-41.60836,-42.253685,-42.541702,-42.66793,-43.16665,-43.78981,-43.98923,-43.454384,-44.89144,-45.13703,-44.343197,-44.87693,-44.89181,-44.29776,-45.14008,-46.06139,-46.434525,-46.89376,-47.532784,-47.42404,-47.550423,-47.12208,-45.827686,-46.128433,-46.111908,-48.28267,-47.571884,-48.84164,-49.083477,-48.699432,-48.77132,-46.398098,-46.08388,-46.742416,-44.88376,-43.784576,-43.60931,-45.23283,-46.89167,-48.110687,-48.523426,-48.40524,-49.40033,-48.02952,-48.561565,-49.870625,-49.001015,-49.560883,-47.99938,-49.342518,-51.883194,-53.588383,-52.805996,-54.5989,-55.362106,-55.405727,-55.434315,-58.65669,-67.17958,1
-157.6384,119.54486,8.581039,28.963228,2.9688818,16.021814,-9.135882,3.3640792,-6.400713,-1.3670002,-12.176396,4.3868957,-18.610542,-22.35194,-33.704636,-32.039467,-21.13965,-14.543423,-21.161385,-28.485632,-25.817421,-19.178423,-15.911252,-20.083805,-25.72285,-26.578785,-24.596691,-23.166018,-24.280563,-27.914276,-30.289457,-30.63548,-29.703875,-29.70051,-31.848875,-34.674416,-35.17522,-34.461185,-33.636875,-34.928856,-37.508724,-37.610542,-35.52452,-35.881115,-37.109016,-38.080173,-38.26569,-37.136234,-37.945904,-39.45618,-39.554176,-38.149094,-37.84199,-38.236355,-38.67022,-39.4133,-39.538723,-39.891243,-40.726715,-40.497837,-41.193027,-41.30332,-42.381577,-42.151268,-41.96792,-42.174717,-42.645172,-41.702965,-41.770866,-41.23019,-41.643333,-42.27788,-40.414814,-41.204094,-41.72516,-41.915443,-42.56014,-43.821693,-44.345173,-43.942604,-45.09629,-46.03037,-46.904293,-47.220833,-48.103245,-48.626354,-47.54506,-46.631947,-45.18427,-43.938488,-43.678776,-44.535847,-45.72611,-47.46724,-49.65915,-51.07622,-53.039536,-52.971935,-54.047924,-53.479725,-53.136692,-53.384422,-52.7999,-51.143696,-48.77315,-47.255848,-47.260998,-47.311897,-47.962154,-49.199257,-50.655582,-50.878674,-51.091774,-51.755394,-52.139618,-51.86329,-52.03317,-52.987602,-54.43249,-55.63765,-56.2846,-58.09,-59.055523,-57.971397,-55.964306,-56.013718,-56.89736,-56.789036,-57.316185,-57.018707,-55.3518,-51.33805,-51.130802,-52.468822,-54.04447,-55.466717,-56.950912,-61.15673,-79.09513,-80.0,-80.0,1
-187.12036,78.39383,13.305149,49.88639,2.7750893,15.409011,-4.6363263,-0.07420653,-13.938842,8.197314,-12.871673,7.398066,-18.150295,-27.653633,-37.18388,-36.403637,-33.18896,-22.5956,-19.600994,-26.719538,-31.172422,-32.69693,-26.96972,-23.931307,-27.982044,-32.277878,-33.688625,-30.69404,-30.947367,-33.192413,-37.57384,-41.36298,-39.228184,-35.512634,-35.052517,-39.006145,-42.588142,-44.838974,-44.626766,-42.182274,-40.980564,-43.298267,-46.148144,-47.14595,-47.457623,-47.42387,-46.76359,-47.74113,-47.76196,-48.576897,-48.98865,-49.20746,-49.5328,-48.993607,-47.787903,-47.323086,-48.083054,-48.55485,-49.65738,-48.651936,-47.870132,-46.875866,-48.031906,-48.513287,-48.051723,-48.21297,-46.87362,-47.122066,-47.43972,-47.799522,-47.369892,-46.48431,-46.684566,-47.535564,-47.92828,-47.071033,-48.23363,-50.21737,-50.324715,-49.314487,-49.558292,-49.538303,-48.376045,-50.135838,-50.25467,-50.01142,-49.359318,-48.16525,-48.3094,-47.08538,-45.86723,-45.573368,-44.31327,-45.026867,-45.098564,-46.72057,-47.463837,-48.82255,-49.32942,-49.11567,-48.64802,-49.01206,-48.888447,-48.622265,-48.58831,-47.593273,-46.81549,-47.377384,-47.26792,-46.761818,-46.84185,-47.537884,-49.586754,-51.72696,-53.597034,-54.679214,-55.28979,-54.959904,-55.584,-54.428566,-54.235535,-56.616825,-57.357746,-56.91386,-55.20892,-53.567604,-52.18495,-50.775497,-52.146782,-53.04833,-53.91378,-54.170555,-55.05884,-54.013844,-54.232193,-55.936462,-59.031292,-62.263832,-79.00941,-79.86484,-79.8642,1
-164.12254,94.08941,-28.275894,38.363037,-17.439089,-6.236383,-29.788996,-12.127324,-20.02527,-17.296873,-9.362367,-13.621922,-3.683089,-63.049557,-61.925896,-59.204174,-54.898056,-50.045166,-40.78496,-31.493193,-26.340729,-26.628279,-29.053585,-33.543404,-38.07684,-39.1657,-37.86861,-35.42416,-35.19746,-34.755013,-34.64871,-32.97528,-31.32247,-30.729027,-33.187447,-37.36588,-42.2632,-43.64183,-44.287342,-44.647957,-45.532852,-45.270565,-43.15022,-41.797817,-42.95628,-45.839222,-48.634132,-49.654778,-50.179096,-50.73614,-49.808395,-48.57672,-48.665386,-48.220345,-48.021748,-48.9827,-49.140892,-48.234863,-49.052864,-50.421192,-50.35402,-49.25019,-48.592377,-47.752518,-48.231445,-50.104794,-50.624866,-50.01602,-49.764683,-48.488037,-47.303787,-46.945007,-48.35748,-50.114033,-48.896633,-47.95174,-47.45838,-47.502636,-47.828426,-47.811928,-46.827995,-47.20524,-46.166943,-45.43465,-47.752308,-48.188065,-46.302433,-46.635883,-46.669216,-47.948597,-48.96698,-49.970707,-51.60324,-52.43061,-51.778923,-51.079025,-50.804127,-51.98976,-51.43203,-50.528877,-49.96303,-49.331448,-49.342014,-50.047623,-53.378384,-55.882706,-56.17172,-58.160065,-58.888275,-58.07294,-58.63226,-57.753624,-56.2852,-56.649597,-54.931675,-53.537903,-52.537186,-52.641426,-54.17612,-55.469524,-58.262108,-59.524483,-62.20085,-64.350204,-66.291534,-66.52546,-67.305885,-68.58994,-70.98262,-72.38943,-72.7414,-73.11207,-72.43151,-70.6593,-69.21337,-68.55533,-67.3265,-70.15517,-79.60201,-79.919655,-79.92002,1
-118.25896,117.2433,-22.763193,30.326572,-20.808544,6.2954516,-26.509445,-18.285189,-7.311631,-15.9486885,-5.4378963,-6.115038,-23.293703,-48.57131,-49.685474,-46.432365,-34.001064,-21.645008,-20.314344,-26.074697,-27.331795,-23.834814,-19.880783,-18.205238,-19.958433,-22.637968,-25.170631,-22.928589,-19.992893,-20.920885,-24.05189,-26.932257,-27.855396,-26.905869,-24.675344,-25.621038,-28.156248,-30.202799,-28.5335,-27.238094,-28.197285,-29.837725,-30.604744,-31.375364,-33.677006,-35.22717,-36.520714,-35.913074,-35.215607,-35.84752,-36.61903,-37.38382,-37.41207,-38.04839,-37.5363,-38.159157,-37.37444,-35.64542,-36.13167,-36.364925,-36.751255,-38.387928,-38.14268,-37.120987,-35.868195,-36.888012,-37.339977,-35.635612,-35.229305,-36.093704,-34.68216,-35.84097,-38.201756,-38.03979,-35.860577,-37.631775,-39.902905,-38.342705,-38.92175,-40.18913,-41.452404,-41.96194,-41.48167,-41.085945,-42.598293,-42.10993,-40.940445,-40.961113,-40.612293,-40.99362,-41.155167,-42.419754,-43.53418,-43.66965,-45.493267,-44.83997,-46.22228,-46.843285,-47.112514,-48.30357,-47.68113,-46.98905,-46.531105,-44.962826,-45.238827,-44.83389,-44.74247,-44.3963,-43.33307,-43.022873,-42.238384,-41.18354,-41.581,-42.47863,-43.02237,-43.1279,-44.34822,-47.100594,-49.896652,-53.093002,-55.98676,-58.490917,-60.36837,-62.84501,-64.103065,-63.76904,-63.45785,-62.99715,-61.565205,-59.814854,-56.81857,-55.12589,-55.26886,-55.2764,-56.666355,-57.60538,-57.88547,-62.330257,-79.685646,-79.82773,-79.8282,1
-161.08765,146.83586,-35.428314,12.897145,-14.757777,-2.3243868,-24.079784,-8.461419,-12.980657,-8.568943,-3.352104,-3.843271,3.366896,-28.286766,-40.778057,-45.02169,-45.92366,-44.326313,-34.189865,-25.629122,-24.935966,-26.90836,-29.411968,-31.455923,-31.463793,-27.671041,-26.069197,-26.047714,-26.393408,-27.829187,-26.714203,-23.614845,-21.449785,-21.69063,-22.748009,-24.434845,-27.624186,-29.249973,-30.16454,-33.058018,-35.015396,-35.292065,-33.006966,-32.086388,-31.040224,-31.845024,-34.781002,-36.21125,-36.82431,-35.427204,-34.61484,-33.99716,-34.07576,-35.001526,-36.66214,-38.3721,-37.45047,-36.51149,-36.91629,-38.159077,-38.38192,-36.26706,-33.781494,-35.114124,-37.433437,-38.418793,-39.040516,-39.07921,-39.66077,-40.310024,-40.27348,-37.97102,-37.242245,-37.911076,-40.484512,-40.609684,-40.34269,-41.720264,-42.5271,-42.035675,-42.09116,-42.087585,-41.218094,-41.434273,-43.56242,-45.655552,-44.94251,-44.864338,-46.828667,-48.313065,-46.663815,-45.91359,-47.30177,-48.812187,-49.83186,-50.63252,-51.790665,-53.784508,-53.127697,-52.904102,-52.471375,-51.82701,-50.755604,-51.260815,-51.40729,-53.550552,-56.417904,-57.56944,-56.416878,-56.5859,-58.86667,-58.12694,-57.279568,-56.266438,-55.926212,-56.77309,-58.327473,-58.294186,-58.917713,-60.34986,-59.235218,-60.41632,-61.0607,-60.523888,-60.623287,-61.082977,-62.27577,-66.68753,-68.67402,-71.77387,-72.817116,-73.16042,-72.93617,-73.08934,-72.68849,-72.33085,-71.83691,-70.15263,-69.96604,-71.26694,-74.91243,1
-125.97792,64.886246,-7.706391,-5.1329355,-12.849554,-2.0785356,-20.741194,-2.2769883,-20.230684,-10.672603,-13.526396,-0.8738182,-13.27052,-56.18412,-54.12802,-50.90763,-49.468666,-47.098476,-43.461605,-34.399666,-22.374266,-15.38831,-22.699627,-36.18372,-38.699482,-39.035892,-39.481277,-37.84927,-33.636158,-27.32305,-22.338114,-24.114521,-32.735153,-38.73514,-40.5909,-40.215702,-38.838917,-34.930004,-33.057026,-30.399704,-28.031591,-32.110195,-39.6626,-41.798763,-43.487698,-42.67835,-40.115368,-38.228264,-35.82639,-32.5633,-33.887077,-37.718414,-40.075466,-41.053055,-42.07271,-42.006107,-39.78696,-35.696365,-32.18552,-32.29938,-36.073357,-41.432438,-43.660774,-44.28214,-41.489338,-38.2884,-36.64335,-38.075462,-43.826,-46.09386,-45.910484,-42.267113,-39.4817,-40.281803,-44.820602,-47.00545,-44.524563,-41.520084,-40.551304,-43.310417,-44.485306,-44.898117,-42.325565,-41.618313,-42.98388,-44.34976,-43.159904,-42.453907,-43.834938,-45.887768,-46.304493,-45.609364,-47.316837,-50.274456,-49.545498,-47.31089,-48.660084,-49.640827,-48.02724,-47.588417,-50.091175,-51.38647,-50.573,-50.507183,-46.781548,-46.4496,-46.75315,-47.134613,-49.488106,-50.08006,-50.823257,-51.303802,-49.047848,-49.585674,-49.079525,-48.642452,-47.144108,-46.79911,-46.66282,-47.672558,-47.89325,-48.531906,-48.8448,-50.016,-49.732895,-49.31201,-49.606297,-47.378475,-47.20205,-47.68443,-47.723488,-49.35829,-51.131214,-52.534782,-55.01238,-56.014366,-56.97954,-55.463722,-55.50644,-57.634296,-67.31664,1
-123.03698,76.30313,12.442635,11.843218,-6.5803833,1.6329296,-15.976154,2.33615,-9.194525,-6.5965004,-9.025781,-4.9658465,-7.293154,-46.946148,-42.4871,-38.035843,-35.85134,-32.405033,-21.31364,-16.623266,-22.52246,-27.945087,-29.576809,-30.131384,-28.328556,-26.993908,-27.827263,-29.265375,-31.580944,-31.932024,-29.180418,-26.137299,-27.743952,-30.045425,-31.780602,-33.41112,-34.36668,-34.27838,-34.498833,-35.98271,-36.332172,-34.55518,-34.871895,-34.93107,-34.637413,-33.970963,-35.76475,-37.548485,-37.236336,-36.6974,-36.47418,-37.730453,-38.86863,-40.300236,-40.614326,-40.490726,-38.59034,-39.01609,-41.67974,-42.738033,-43.048347,-40.6898,-38.89035,-39.180836,-42.111256,-43.068405,-43.000572,-41.51395,-41.39501,-42.32757,-44.817284,-45.441406,-43.21151,-41.683434,-43.22881,-44.933136,-44.209034,-41.14951,-40.469627,-43.815834,-43.567764,-41.309654,-41.032383,-43.28028,-43.08707,-42.333218,-44.09703,-44.9751,-45.413197,-45.481133,-46.95624,-47.290237,-46.08891,-46.290016,-45.560062,-46.76722,-47.200253,-47.40992,-48.807274,-47.375824,-48.210377,-48.222515,-46.352272,-46.72799,-46.382397,-45.148666,-44.859783,-47.079063,-49.574665,-49.72667,-50.424904,-50.49821,-49.51902,-48.178936,-46.553383,-44.089333,-42.274715,-43.10527,-43.000603,-43.097572,-45.142956,-46.526684,-48.262222,-50.791355,-50.796757,-51.56633,-51.776497,-49.100414,-48.33626,-46.959846,-46.976894,-49.21906,-52.54678,-51.684246,-51.48231,-51.907467,-52.329327,-52.492985,-52.50819,-56.142544,-67.239426,1
-110.90039,68.281296,12.813778,33.75424,-11.905205,-8.167305,-12.850582,0.8299197,-16.57632,-7.4945164,-10.043953,-9.704511,-4.373873,-47.1258,-43.168766,-39.90946,-37.766735,-34.23709,-24.560246,-17.068464,-17.723867,-24.378027,-30.5586,-32.709885,-32.93044,-30.228945,-26.30441,-23.412546,-23.419392,-26.688076,-28.77822,-29.739368,-30.270033,-29.818216,-30.391483,-31.19925,-30.979017,-34.16029,-38.125107,-39.637127,-40.489307,-40.26199,-37.902424,-36.590202,-35.822777,-34.516075,-35.85658,-38.53851,-40.95772,-42.21112,-41.681095,-41.197174,-39.353912,-38.65188,-39.795685,-43.30554,-45.6315,-45.808758,-46.202255,-45.86561,-43.575058,-44.21741,-44.947765,-45.60972,-45.050007,-44.77576,-45.01357,-45.998524,-46.871502,-47.201427,-47.165257,-46.842484,-45.45751,-45.218647,-45.31149,-45.11024,-44.613922,-44.37239,-44.11218,-44.785145,-45.38394,-44.277946,-43.115215,-42.412525,-42.608902,-41.403896,-41.098072,-41.18162,-41.61808,-40.83272,-41.723583,-41.591736,-41.035213,-41.673695,-42.994247,-42.176865,-41.882565,-43.289013,-42.847206,-43.972286,-43.235783,-42.152782,-42.54887,-43.024643,-43.392387,-44.001892,-45.23118,-47.31674,-47.830776,-48.275116,-48.629143,-48.397762,-47.868874,-47.306602,-47.007584,-46.299934,-44.44545,-43.57025,-42.89543,-43.34639,-45.10909,-47.45721,-47.86822,-48.62946,-49.574657,-49.219784,-49.196323,-49.993572,-50.078323,-51.069912,-51.468903,-52.47904,-53.501854,-54.975662,-54.598537,-55.65467,-57.460903,-54.173805,-51.531494,-53.88504,-64.94584,1
-193.2779,183.80748,-46.59852,27.771442,-18.283796,-11.3355665,-16.247162,-15.566974,-5.4684544,-12.670287,-11.738458,-12.693535,-1.8981309,-54.244007,-49.70285,-44.06413,-33.114967,-21.940334,-18.241459,-21.690372,-25.574389,-26.89463,-24.402512,-23.38629,-24.751745,-23.188137,-21.580738,-22.038277,-22.552362,-23.926458,-23.711184,-24.40302,-25.297829,-25.023573,-24.237135,-23.627645,-24.730963,-26.286203,-27.656305,-28.977486,-29.922537,-30.215267,-31.17582,-30.341293,-30.141035,-31.83173,-33.52357,-33.5929,-34.297104,-33.669712,-33.32545,-32.065372,-32.02796,-33.491898,-35.68431,-36.808113,-36.962715,-36.800953,-37.966003,-39.032223,-39.30721,-39.6257,-38.322704,-38.148457,-39.501476,-40.239807,-41.091507,-41.467663,-41.84125,-41.22899,-40.50829,-39.765083,-38.52358,-38.660328,-38.58221,-38.367416,-38.71632,-39.80747,-40.503483,-40.073284,-40.403744,-41.703476,-43.019447,-44.50465,-45.28749,-46.138634,-48.350197,-48.095898,-49.654026,-51.00968,-50.33012,-49.065033,-49.085037,-47.40551,-44.22592,-42.98704,-44.07809,-45.76533,-48.999287,-49.943253,-53.352543,-58.130035,-59.98765,-58.94009,-56.297657,-57.12117,-58.70508,-58.809032,-54.717037,-52.82871,-55.026714,-57.995056,-56.373802,-56.015324,-61.31922,-66.74913,-69.43507,-70.90382,-70.25709,-69.58986,-70.37696,-71.36138,-69.79206,-69.9666,-70.44919,-70.61508,-74.62996,-78.800186,-78.82223,-78.829185,-78.829094,-78.82969,-78.83738,-78.83779,-78.84468,-78.851234,-78.85601,-78.85815,-78.85931,-78.86509,-78.86391,1
-237.21747,86.70026,5.379686,26.30447,-0.42644224,8.026332,0.91148865,5.4095807,-7.2553062,-2.3091729,-15.5169935,1.2704084,-9.923741,-39.22551,-48.13557,-44.90089,-37.789967,-30.842558,-34.54389,-38.500877,-38.277935,-35.97462,-34.532093,-34.269386,-35.7563,-39.7332,-41.438194,-41.70726,-40.344704,-38.888924,-40.37192,-44.30976,-45.95543,-45.919266,-43.964127,-43.641212,-46.06147,-49.647644,-50.790985,-49.06144,-47.33488,-47.707375,-49.893936,-52.19689,-51.020847,-48.041428,-46.59054,-47.253048,-47.74561,-48.779552,-47.597813,-46.68455,-47.20285,-48.04794,-47.756813,-49.7507,-50.071663,-49.846794,-49.834064,-50.713947,-53.357216,-53.962135,-52.698467,-51.899208,-53.224884,-54.102165,-53.704865,-53.80961,-54.19456,-54.78621,-54.002583,-54.272552,-54.41079,-53.653214,-52.235634,-52.162956,-52.086563,-52.016132,-53.298454,-53.12137,-54.372757,-55.385834,-54.59759,-56.099686,-56.43399,-56.232838,-55.80347,-54.655296,-53.935482,-53.99148,-53.532635,-53.79599,-53.732407,-54.528923,-54.531918,-55.295635,-55.524754,-56.70877,-57.862938,-58.361954,-58.46761,-57.406223,-55.889736,-54.96056,-54.65756,-56.069824,-57.11683,-58.53164,-59.16819,-59.577488,-59.89311,-58.661503,-57.39341,-58.224705,-59.11707,-59.402348,-60.004196,-60.996822,-62.035873,-62.767765,-63.251644,-64.70426,-66.42272,-65.6904,-63.76848,-62.447105,-60.845608,-59.713478,-61.762745,-62.556953,-62.456184,-60.31973,-59.18203,-61.12213,-61.97695,-63.791916,-64.43035,-65.75589,-78.81226,-79.102264,-79.10196,1
-187.29814,72.255714,-2.4647222,38.39039,-4.296308,7.8865366,-25.794363,-18.16528,-13.081076,-11.453224,-7.171942,-5.051507,-20.433184,-55.951134,-56.419495,-52.115562,-46.911022,-41.082726,-32.617744,-26.772217,-28.608793,-32.796246,-35.83662,-35.957283,-34.845154,-33.189285,-31.862896,-32.25319,-33.31068,-35.42047,-36.32267,-37.603527,-39.120502,-39.21044,-38.77362,-39.937813,-42.500465,-44.314686,-43.108624,-43.551544,-44.151405,-45.926037,-47.324413,-49.272133,-51.65608,-52.258488,-51.07962,-50.98969,-52.856354,-53.466248,-52.964993,-52.63281,-52.663784,-51.96741,-51.874466,-52.85697,-52.533436,-51.86845,-51.55211,-51.43125,-51.190273,-50.079372,-48.85435,-49.994816,-49.293983,-48.50754,-48.51606,-48.03834,-47.906376,-46.29541,-45.663525,-46.592545,-48.20321,-47.885868,-47.3195,-48.511906,-50.0287,-48.959232,-49.344517,-49.66784,-50.745636,-50.419273,-49.912067,-50.811005,-51.98862,-51.519005,-50.32795,-49.659668,-49.791157,-49.88248,-49.908638,-50.96286,-50.38316,-49.73529,-51.830738,-52.294426,-52.202164,-53.07009,-53.16966,-54.01054,-54.09598,-53.938305,-53.78777,-53.400665,-53.33715,-52.8779,-52.40511,-51.906776,-51.03323,-49.588715,-48.09847,-47.18285,-47.645485,-49.310493,-50.23319,-49.602737,-50.63979,-53.484787,-55.470562,-57.935665,-59.045338,-60.215446,-62.882977,-64.04927,-64.352196,-63.792034,-62.21751,-61.227165,-60.644447,-59.676765,-59.219864,-58.60027,-57.700813,-57.620747,-58.290707,-59.14713,-59.90047,-63.339714,-79.43423,-79.89644,-79.895706,1
-138.60619,110.20563,2.8679075,30.458422,17.613926,4.5495114,-9.343186,-11.626681,-10.554377,1.9178671,-9.866955,4.771552,-9.410432,-39.478745,-35.614807,-25.346209,-15.986605,-16.397823,-21.310097,-20.777567,-19.00229,-19.71802,-21.094488,-24.191872,-27.536917,-27.264553,-25.656586,-23.55423,-22.031872,-25.848742,-26.02187,-24.149464,-24.923489,-26.523058,-29.194279,-30.32765,-30.793802,-32.082176,-33.910244,-36.480923,-37.19544,-36.444225,-37.422802,-38.963223,-39.69926,-39.234592,-40.34882,-41.89387,-41.840927,-40.76684,-39.865993,-41.042854,-42.386883,-42.331436,-40.14893,-39.049347,-39.97037,-40.82687,-41.261204,-39.239304,-40.375015,-41.311565,-40.68621,-38.55106,-37.883476,-37.75163,-37.91922,-37.890923,-38.555656,-38.674416,-37.37151,-36.239265,-37.647743,-38.25545,-38.348076,-38.67798,-39.448402,-40.31691,-40.534504,-41.61307,-41.838955,-42.112095,-42.983738,-42.728775,-42.754745,-43.77645,-43.071087,-43.496593,-43.507034,-43.687366,-42.929577,-42.859955,-43.897366,-44.92326,-45.648396,-46.031548,-46.83126,-47.786697,-48.333267,-48.367035,-48.51937,-49.397118,-48.006817,-47.435703,-46.937973,-47.208267,-47.30828,-47.33563,-48.839287,-50.083256,-49.52977,-50.90514,-51.868908,-52.185894,-53.151333,-54.463512,-56.840034,-58.45666,-59.548748,-59.152534,-58.076237,-55.69652,-54.477264,-53.514927,-52.059753,-50.467705,-50.618675,-50.577316,-51.309742,-53.217693,-55.523975,-57.502438,-58.290066,-57.253716,-57.35994,-56.954514,-57.618126,-57.69085,-56.615807,-59.304783,-69.71178,1
-262.4336,77.777596,-12.497435,8.234134,-30.458138,-29.979858,-18.833998,-26.00548,-3.5553114,-19.04138,-17.329906,-8.324377,0.39308524,-74.95881,-75.716576,-75.21275,-71.480095,-67.11369,-66.86215,-57.061855,-40.994152,-36.25597,-39.212387,-45.003864,-49.432064,-52.66664,-56.51831,-53.927597,-45.215675,-42.153683,-40.241795,-39.799747,-41.887524,-43.73064,-46.39905,-47.461864,-46.221237,-45.023663,-45.84615,-49.508217,-49.367775,-47.851295,-47.711685,-50.06465,-52.444576,-52.11575,-52.816135,-55.11838,-56.840397,-54.79051,-52.742935,-51.60909,-54.058323,-55.064636,-55.736187,-57.20113,-58.71184,-59.571808,-59.80902,-58.775337,-58.13413,-58.072617,-60.15142,-62.48008,-64.19259,-64.85884,-64.92966,-63.75385,-62.321392,-61.4571,-61.720127,-62.306988,-62.253983,-60.135914,-58.265526,-58.677288,-59.891045,-60.024853,-57.805084,-55.540054,-56.5313,-59.5962,-60.823017,-60.0541,-60.048893,-62.065445,-63.647625,-63.609642,-64.22834,-64.68446,-63.802372,-63.666092,-64.81781,-63.71384,-62.527534,-62.599735,-61.564274,-59.936058,-59.506317,-58.50198,-58.157913,-60.400654,-60.70031,-60.542915,-62.052517,-61.794735,-62.070732,-62.180252,-62.274788,-63.42288,-64.382164,-65.27303,-65.82491,-67.36731,-68.00295,-69.63864,-69.92561,-70.28117,-70.04821,-69.874405,-69.336494,-69.56815,-70.99145,-72.95394,-75.11045,-75.99442,-76.13232,-76.29537,-76.32245,-75.91527,-75.50789,-75.18517,-74.66901,-73.85243,-72.76877,-71.2399,-69.770775,-69.087616,-69.427765,-71.2669,-75.82467,1
-180.87534,102.96239,22.12556,34.043087,3.1979012,7.3568006,-10.1994505,-10.304255,-23.58767,3.4520524,-8.090302,0.5908893,-7.160291,-27.294596,-43.221546,-44.7598,-43.198235,-39.80231,-29.589994,-19.02075,-16.666588,-23.659737,-32.04125,-36.823933,-37.046143,-34.867035,-32.085846,-28.887743,-26.879698,-27.817911,-30.664137,-33.991074,-36.26079,-36.79345,-36.88953,-36.854572,-37.1617,-38.677937,-39.97019,-42.828857,-47.066788,-49.111626,-49.005173,-49.576263,-47.9831,-46.52415,-46.89964,-48.818336,-50.459023,-51.500484,-53.284428,-51.575226,-50.96087,-51.558754,-51.034336,-49.859035,-50.00578,-50.487583,-49.815086,-49.194267,-50.425728,-49.52531,-48.847794,-47.80629,-49.11073,-50.4743,-49.179596,-47.864784,-47.86956,-50.020798,-52.209538,-52.761875,-51.257847,-51.084354,-54.140423,-55.345863,-53.890324,-54.29452,-55.803226,-56.30252,-54.210842,-54.628376,-56.479256,-54.835785,-53.942894,-54.70579,-55.496918,-53.86518,-52.627525,-54.764717,-55.3732,-54.61982,-54.038284,-55.23536,-53.965664,-53.541584,-55.77671,-53.857025,-53.09249,-52.805973,-50.669033,-50.65765,-53.041748,-54.59084,-57.37336,-59.88228,-60.702255,-60.613846,-61.071255,-60.544125,-60.515404,-59.35202,-57.47153,-57.44997,-57.32437,-56.603767,-56.06574,-58.576145,-60.613758,-60.65453,-59.737072,-60.002396,-60.056602,-60.86722,-59.896267,-60.211433,-61.483025,-61.862938,-63.139397,-62.90339,-61.930904,-57.63208,-55.873425,-57.533577,-59.579075,-60.19713,-61.71545,-65.16234,-79.222664,-79.458145,-79.45252,1
-170.52808,119.72917,0.17484772,33.424828,24.709242,-4.5180583,-6.932939,-7.425621,-10.211077,1.8583294,-9.9355135,3.2884316,-9.474566,-41.329063,-38.11152,-26.298916,-16.71427,-20.145197,-26.00088,-23.971224,-18.421001,-18.646236,-26.090405,-29.6118,-28.011438,-27.475597,-29.657312,-27.478947,-25.69676,-26.976803,-28.436611,-29.352089,-29.646114,-29.638462,-31.689562,-32.871002,-33.337986,-34.566113,-35.944912,-39.158104,-40.882786,-39.349174,-41.373013,-42.794956,-42.973816,-42.530422,-42.50997,-44.388622,-44.684536,-42.69731,-42.2563,-44.607296,-45.266,-45.290806,-44.75225,-44.593433,-44.56019,-43.588154,-43.624382,-44.625286,-43.79815,-43.43572,-45.39395,-45.843475,-44.095703,-44.094585,-43.953125,-42.564304,-41.86092,-41.834675,-40.686317,-40.235912,-40.776417,-39.41663,-40.817966,-41.82884,-42.040497,-43.08669,-43.601364,-44.22594,-45.16838,-45.176407,-44.961124,-44.304573,-44.983566,-45.599937,-45.338074,-44.74687,-44.89402,-44.153027,-44.112766,-43.439426,-44.48356,-47.108166,-48.15566,-49.889763,-50.44921,-51.135845,-51.467136,-52.36831,-53.408775,-53.803493,-53.338394,-52.830547,-53.536045,-54.09185,-54.426693,-53.455242,-53.15211,-53.949165,-54.933212,-57.09735,-59.041924,-60.923527,-61.452526,-61.314835,-62.387535,-63.835648,-65.0401,-64.917404,-63.98233,-61.821938,-60.510403,-59.385105,-58.417484,-56.63858,-55.62802,-55.867393,-57.371944,-57.669815,-59.89499,-60.88161,-61.015373,-61.443596,-61.895004,-60.545227,-61.531715,-61.289352,-61.995094,-63.987324,-72.37991,1
-172.18846,152.58017,-36.03282,24.027353,-1.804469,-7.9241138,-32.25106,-1.9484166,-7.6309123,-13.95496,-1.8850498,-5.07632,3.6682384,-29.895102,-42.094723,-44.955875,-45.35865,-40.94722,-34.5717,-28.086506,-25.12618,-23.13455,-25.858917,-28.369808,-30.801254,-33.748184,-33.729397,-31.256245,-26.57575,-25.324507,-24.68183,-23.46926,-24.291859,-25.439428,-24.03278,-26.282831,-28.153233,-32.431385,-36.442364,-38.226124,-38.518345,-36.269295,-33.80496,-33.92862,-34.242897,-36.374897,-38.79594,-40.600418,-39.7639,-38.122574,-36.38936,-36.607624,-40.085712,-42.590645,-43.65121,-44.07289,-42.78624,-42.25816,-42.219597,-42.557064,-41.610653,-40.258663,-40.49044,-40.994087,-42.367123,-43.400555,-42.134487,-42.244698,-43.544598,-43.523895,-42.691532,-42.606964,-41.52631,-40.35589,-39.012375,-39.088303,-41.38093,-40.59376,-40.190918,-39.122654,-39.58333,-39.91276,-38.97908,-39.465923,-40.97587,-42.764297,-44.114395,-45.841923,-47.99236,-48.181873,-48.63728,-48.446804,-48.380257,-49.752605,-54.39532,-53.83488,-53.90466,-56.813057,-55.820084,-53.35785,-56.067345,-58.006783,-57.451904,-57.177574,-58.948463,-59.52755,-61.234444,-62.335484,-60.688873,-59.87509,-58.688866,-61.272846,-60.30141,-59.305912,-57.025074,-58.27455,-61.120823,-62.669872,-63.18817,-63.42343,-64.21608,-59.921852,-59.29485,-61.97523,-67.30829,-69.90556,-73.64821,-72.37714,-72.12802,-72.37247,-73.651634,-75.73676,-76.32121,-76.39455,-76.46321,-74.4315,-74.50081,-74.28929,-73.97126,-74.338715,-77.57073,1
-190.46043,68.92364,-19.095026,28.16222,-27.555532,-2.9109933,-13.7539625,-10.098588,-17.705307,-5.963789,-9.978188,-6.254452,-5.4798436,-48.346043,-52.282173,-59.783245,-61.145767,-58.284786,-51.454704,-42.18102,-35.739384,-32.61544,-32.788395,-36.705597,-40.322598,-43.085457,-41.94895,-41.706814,-41.48183,-41.806065,-41.96977,-37.92419,-36.325314,-36.917942,-38.194363,-41.245495,-43.71862,-43.747364,-43.255104,-44.151054,-45.068233,-46.388557,-46.65082,-47.90184,-46.16639,-45.672626,-46.13142,-47.807915,-48.702126,-48.935047,-48.791397,-47.918373,-47.367847,-47.277805,-47.304996,-47.778255,-48.112717,-48.593845,-49.30123,-50.019672,-50.60061,-49.802723,-48.662754,-48.255527,-49.771347,-51.049007,-51.914764,-51.142704,-51.066734,-51.245667,-51.83588,-52.086464,-50.776318,-50.832653,-51.447865,-51.768295,-51.08208,-50.62075,-51.319263,-51.560226,-51.79017,-53.108418,-53.52879,-52.518345,-52.043617,-53.11638,-52.473873,-50.94963,-50.93382,-50.21948,-48.977875,-49.738434,-49.045654,-48.765724,-49.064537,-49.092815,-49.093258,-49.224552,-49.560665,-48.8932,-48.346745,-48.981308,-48.76456,-50.06087,-51.54875,-52.430996,-54.021427,-54.80433,-54.387966,-55.06263,-54.143143,-53.4523,-52.848118,-52.398296,-52.499447,-52.57363,-53.114258,-54.92798,-56.302387,-57.607117,-58.27581,-58.650074,-60.589237,-62.56985,-63.51018,-62.94087,-62.96482,-64.35628,-64.03345,-64.21818,-64.649055,-64.8402,-63.735367,-63.87452,-62.315697,-62.249283,-63.623566,-66.996445,-79.32531,-79.74805,-79.7493,1
-217.26407,150.91003,-40.981094,3.4267588,-32.622395,-9.428452,-22.174128,-13.231459,-15.738374,-17.116867,-8.145065,-20.17481,-10.274254,-61.786926,-59.77569,-56.507015,-51.668842,-49.245796,-46.887268,-44.891106,-42.597073,-39.4122,-33.137157,-23.137737,-17.94138,-19.584522,-26.423641,-33.133232,-37.133484,-38.186478,-38.764458,-39.011276,-37.676476,-37.522255,-35.600815,-30.599337,-27.943045,-28.154892,-29.110643,-32.385582,-35.81989,-38.183693,-39.904205,-40.21183,-38.787876,-39.0506,-36.388866,-34.233124,-34.777393,-37.11436,-38.519604,-38.740284,-40.396725,-41.286633,-41.85613,-42.536423,-43.1531,-41.318798,-39.09025,-39.391422,-41.68161,-42.51491,-43.08258,-42.889557,-46.9434,-49.314953,-49.273174,-46.007423,-45.230545,-45.40505,-45.636517,-46.2166,-46.506645,-48.801945,-47.362045,-45.519875,-46.560085,-50.522655,-53.104305,-53.147717,-51.304897,-51.311684,-51.928246,-53.801044,-55.432835,-56.222435,-54.717346,-51.61255,-50.659607,-53.7363,-54.6292,-54.179203,-52.179955,-53.71906,-53.970997,-56.494125,-56.866512,-55.452137,-58.506535,-60.024265,-60.86978,-59.621765,-61.766174,-61.78592,-64.42469,-63.52775,-62.914948,-63.995323,-63.42778,-62.703,-57.515354,-56.88715,-59.859127,-58.526417,-59.88826,-67.761826,-68.526276,-70.747635,-70.79003,-70.2486,-67.68935,-65.01718,-66.94377,-68.736145,-69.05795,-70.70153,-76.201256,-79.62368,-79.63081,-79.63926,-79.646034,-79.65225,-79.65818,-79.66361,-79.66826,-79.671814,-79.67623,-79.67922,-79.68131,-79.68288,-79.68406,1
-261.40744,162.3432,-25.530077,16.719694,-3.249857,-7.2792387,-14.341427,-16.563477,-8.730824,-12.352675,-5.0699115,-6.2550125,-3.1008441,-58.882698,-55.243206,-48.585705,-36.71876,-28.264338,-30.558071,-37.480236,-36.18956,-34.50088,-32.765728,-31.884853,-34.445843,-36.82615,-35.1099,-32.96946,-30.376749,-31.340181,-34.86911,-35.3879,-32.848232,-31.040133,-32.71039,-35.739597,-37.558193,-37.159515,-37.9629,-38.82471,-40.63623,-43.847466,-45.525547,-45.215233,-43.95465,-42.533443,-43.21844,-45.452843,-46.180916,-46.07643,-45.362667,-45.70933,-46.23653,-45.65005,-45.206482,-46.56868,-47.553246,-47.899708,-47.019547,-46.33759,-45.01802,-46.08533,-48.70714,-49.136364,-49.196453,-47.40784,-48.52408,-49.996086,-49.66696,-48.44304,-49.489502,-50.57517,-48.657013,-48.39423,-51.265728,-49.82282,-49.42844,-50.895428,-50.254093,-49.562344,-52.757545,-52.96248,-52.489986,-55.779488,-56.791023,-56.717575,-57.514416,-59.100475,-58.98613,-56.683094,-58.224064,-58.20079,-56.279617,-56.617992,-56.613663,-58.63838,-58.153805,-60.162834,-61.51172,-62.57385,-64.32064,-67.88881,-70.54924,-69.17274,-66.48251,-66.46918,-64.15286,-63.70542,-65.160866,-65.9707,-65.54789,-65.832375,-65.76043,-66.387886,-68.86787,-71.93753,-75.315254,-75.120995,-75.65557,-75.86346,-76.79188,-76.35435,-75.69173,-75.651085,-76.11633,-76.08732,-77.428085,-79.780365,-79.78342,-79.78511,-79.789375,-79.7921,-79.79454,-79.79788,-79.79931,-79.80171,-79.80449,-79.80548,-79.806114,-79.8065,-79.80763,1
-207.5681,161.43196,-36.72219,40.938225,-27.686628,-7.6763406,-1.9675028,-33.927883,-10.557094,-18.14416,-6.9212556,-3.9137535,-12.622479,-58.653156,-54.03755,-47.57973,-39.090107,-28.914417,-23.537376,-26.073717,-32.186543,-35.578316,-30.56609,-26.95366,-27.418142,-28.655733,-26.72282,-24.992435,-25.045507,-27.4892,-29.510311,-30.472725,-28.440783,-26.556868,-26.0302,-27.570803,-31.43776,-35.16374,-33.432476,-33.62975,-36.732323,-39.85621,-42.84372,-42.488964,-42.491028,-39.31525,-40.194813,-42.03173,-43.000828,-41.273823,-40.54532,-41.440044,-41.656013,-41.103794,-39.62875,-41.4768,-42.139637,-41.107914,-42.777565,-42.704838,-43.312904,-44.329117,-44.85839,-43.261642,-42.526108,-43.91959,-46.651554,-46.32903,-45.073112,-44.59897,-44.6278,-46.01845,-47.19315,-49.190037,-48.902565,-47.80011,-48.58064,-51.55445,-51.03612,-51.794876,-52.81256,-52.400005,-51.480568,-52.00991,-54.2912,-52.99,-50.10062,-49.959965,-53.337597,-49.98753,-48.293396,-49.379128,-47.67115,-48.099514,-48.34909,-48.517628,-51.066856,-50.949375,-51.193794,-50.330288,-54.007385,-57.655605,-59.039436,-55.449177,-52.36741,-48.608753,-50.007896,-51.06588,-51.49118,-52.027687,-53.845764,-54.54046,-54.696705,-55.77321,-62.110184,-70.1768,-74.53642,-74.27437,-74.658104,-75.98279,-76.46723,-77.12385,-76.637566,-75.22982,-74.90731,-75.86812,-77.8192,-79.68675,-79.70082,-79.70774,-79.71052,-79.71249,-79.71609,-79.71782,-79.71953,-79.72134,-79.72216,-79.7236,-79.724686,-79.72636,-79.72658,1
-168.85269,119.60612,-10.123339,32.809162,-1.6838231,-11.664062,-22.533236,-9.759698,-17.323267,-12.053566,0.7189821,-5.0432506,7.8982525,-31.408215,-42.423386,-46.740906,-47.842175,-46.24267,-40.86554,-33.065563,-29.290869,-25.853207,-25.882769,-31.410246,-35.672897,-36.260494,-33.900784,-32.322895,-31.546986,-29.384575,-27.619118,-25.947273,-26.151203,-27.201141,-28.273247,-30.94168,-34.16419,-37.2259,-39.773876,-41.955593,-42.518723,-42.827805,-42.551277,-43.105022,-44.588245,-45.73916,-46.58781,-45.953327,-46.64362,-46.267582,-45.660343,-47.23221,-48.409306,-47.931656,-48.010853,-47.953415,-48.461514,-48.976894,-48.823303,-48.726013,-48.129913,-46.50658,-44.75839,-44.214783,-46.875793,-49.32557,-50.322655,-50.450752,-49.76555,-50.454597,-50.1306,-49.581196,-47.86973,-47.806263,-46.925888,-46.838737,-48.09581,-48.78674,-48.628643,-48.495304,-47.901024,-47.22818,-46.46862,-45.996418,-46.364113,-47.96879,-48.868603,-48.714718,-49.176445,-49.76686,-50.775414,-50.10934,-49.14945,-50.788033,-52.027374,-51.882565,-53.289337,-54.336056,-53.993702,-52.645515,-53.596397,-55.99313,-55.4094,-56.400944,-56.879986,-58.80057,-60.70775,-60.26292,-60.82235,-61.479534,-63.626812,-62.03999,-60.548943,-59.872,-57.21454,-56.474293,-58.19452,-59.79086,-60.891987,-62.71912,-63.423958,-62.23132,-60.531155,-59.395947,-61.599796,-66.39616,-68.0374,-68.2733,-70.3438,-72.087875,-71.64169,-72.834785,-72.15148,-72.00031,-70.597626,-69.99761,-69.49065,-67.09285,-66.155075,-68.30424,-75.511375,1
-237.50262,135.6306,-32.518063,13.380343,-23.743185,-3.292991,-23.773022,-12.046038,-14.693193,-22.317352,-13.375005,-15.29868,-5.834989,-63.965195,-59.807728,-57.285835,-52.568676,-49.480717,-47.447056,-42.64883,-38.861755,-34.297665,-29.854584,-26.691217,-27.035551,-28.949171,-33.45673,-35.447674,-36.563915,-37.870564,-38.182793,-37.561813,-36.379322,-37.77966,-38.28703,-36.397957,-36.053413,-36.930267,-39.508556,-40.832928,-42.338154,-43.38007,-42.304783,-42.763733,-44.38536,-45.407063,-44.227932,-41.700752,-42.333073,-44.396687,-43.71774,-43.107857,-43.11974,-44.15023,-45.105995,-45.672005,-45.41436,-44.76229,-43.865173,-44.075153,-43.919365,-46.03286,-47.910725,-50.24122,-50.783752,-51.033897,-52.16164,-52.08395,-49.899296,-48.15156,-48.51392,-50.033,-51.026344,-50.52327,-49.527504,-48.511055,-48.569855,-50.09022,-51.75542,-51.473,-51.074497,-52.686943,-50.76832,-51.19868,-54.131836,-56.721775,-59.062393,-55.74322,-56.09568,-55.454517,-56.07654,-55.28785,-56.099575,-54.527798,-58.654945,-58.66615,-57.828117,-59.537502,-59.571472,-61.459347,-61.844463,-60.740932,-61.206066,-61.478153,-63.764194,-65.59812,-62.1001,-61.238724,-60.929844,-60.45475,-60.525692,-57.263744,-60.715843,-61.585415,-63.864876,-67.923325,-67.79208,-66.43883,-66.574196,-67.94252,-68.64327,-67.412735,-67.06769,-68.20051,-68.12209,-69.019485,-74.56619,-79.45489,-79.4663,-79.48076,-79.49424,-79.503105,-79.51602,-79.52752,-79.54042,-79.54647,-79.55567,-79.56644,-79.57078,-79.57651,-79.578476,1
-166.62291,77.794655,-18.574919,46.97173,-23.538465,-4.875327,-25.750832,-10.936272,-29.94791,-14.621922,-10.864816,-11.913301,-2.5679705,-59.62783,-56.66826,-53.791645,-49.63467,-45.033253,-36.634857,-26.137768,-22.924292,-24.826923,-26.176186,-29.771223,-32.57798,-32.975655,-32.81939,-31.540867,-30.899487,-30.35767,-29.52988,-27.7668,-26.217539,-27.073608,-29.709797,-33.79039,-37.105877,-38.8978,-40.10897,-41.979828,-42.7731,-42.132915,-42.12491,-43.25567,-44.461716,-44.596336,-45.2278,-46.914875,-46.12735,-44.752857,-44.216446,-44.883636,-45.504353,-46.414795,-47.493927,-46.74587,-45.37433,-44.2907,-43.969063,-44.52085,-45.486217,-46.275955,-45.93402,-46.109,-45.83849,-46.21944,-46.91199,-48.152645,-47.27465,-46.14429,-46.891346,-46.999332,-45.91072,-45.98984,-46.066914,-47.857185,-47.558365,-46.54029,-45.94649,-45.65607,-45.090427,-44.711353,-44.26848,-42.911747,-42.562984,-42.312393,-42.480125,-43.72248,-43.48517,-42.110126,-42.09395,-44.352722,-46.257187,-43.610485,-41.969574,-42.297546,-42.98252,-42.48829,-42.65954,-43.130295,-41.782185,-42.52937,-43.59747,-44.489113,-47.064842,-48.23871,-49.05306,-51.48256,-51.707653,-51.645905,-51.290627,-50.66559,-50.04935,-48.733124,-47.43802,-47.14571,-46.89886,-47.154053,-47.45399,-47.895683,-49.447815,-51.61951,-53.120903,-54.567814,-57.42403,-58.91805,-59.469666,-60.769608,-62.50711,-64.22345,-65.81381,-65.90875,-65.31103,-63.753387,-62.23577,-59.961563,-57.47974,-59.94844,-78.250824,-79.20521,-79.2066,1
-334.0161,51.52715,17.009232,22.657507,-40.135513,-35.49314,-21.560017,-22.912106,-15.649437,-26.093147,0.3297993,-9.596034,-1.6461111,-76.461685,-76.581345,-74.5294,-71.59247,-69.08238,-60.12189,-49.490223,-44.44127,-47.5947,-48.500042,-48.851227,-51.443962,-51.468834,-46.751884,-41.940838,-44.364773,-46.36852,-45.924984,-41.776554,-42.30175,-36.76782,-36.2769,-39.49236,-45.891693,-50.875446,-53.827965,-54.614307,-52.187485,-49.116344,-48.950264,-49.88095,-51.356678,-54.313374,-57.953373,-61.817043,-60.511818,-60.30886,-60.748123,-60.73415,-60.32376,-61.300003,-62.117435,-61.742718,-61.404804,-61.92854,-63.342216,-64.44241,-64.80663,-65.288284,-65.92361,-65.954025,-66.27118,-66.731155,-68.07145,-69.90618,-70.39842,-70.056656,-69.94937,-69.00599,-68.65219,-68.77009,-69.061485,-69.35851,-68.69309,-67.59316,-67.03322,-66.47955,-65.1976,-63.775806,-63.305374,-62.795475,-60.27009,-58.76583,-59.36886,-60.23128,-60.423824,-60.424698,-60.608448,-61.292442,-62.85989,-62.495502,-61.777504,-62.392204,-61.946823,-59.813156,-57.997665,-57.728416,-57.30411,-57.38604,-59.61287,-60.30018,-61.89199,-62.80335,-63.47261,-63.42259,-62.434986,-61.99267,-61.415848,-60.266865,-59.36094,-58.655865,-58.84659,-60.117245,-61.04993,-62.387287,-63.533398,-64.24255,-64.88269,-65.42984,-66.98618,-68.736046,-70.87197,-72.29187,-72.79794,-73.09182,-73.02838,-72.566055,-72.09583,-71.82689,-71.36454,-70.569,-69.48855,-67.9705,-66.058815,-64.61199,-64.09436,-66.14888,-72.039604,1
-127.26847,114.26946,-10.584583,39.734715,8.297415,9.629578,10.02321,-9.388093,6.452612,-11.399367,-3.8757188,0.14435019,-4.5341015,-27.486671,-35.389904,-27.062042,-14.746957,-18.86626,-28.541761,-27.002813,-20.815971,-19.666191,-23.727474,-26.658957,-26.961523,-27.450098,-29.200937,-30.959398,-30.453337,-29.826977,-29.623148,-32.219677,-33.38846,-32.91197,-34.474846,-35.740074,-36.773983,-38.103462,-38.54515,-38.628773,-38.53565,-40.070908,-41.35672,-40.87986,-38.91956,-39.278694,-41.229176,-42.405556,-39.194286,-38.083244,-40.595364,-40.958817,-39.654785,-37.7924,-38.103497,-40.222755,-39.767784,-38.66574,-39.31677,-40.574066,-39.79406,-39.411915,-40.775898,-41.775158,-41.537003,-41.794506,-41.99535,-43.09881,-44.183525,-42.822693,-42.391006,-41.503567,-39.963203,-40.340466,-40.98384,-39.87221,-41.03116,-41.535515,-41.417633,-42.284462,-41.931843,-43.564133,-44.15949,-45.325752,-44.701332,-44.583694,-45.74243,-45.367928,-45.270607,-45.150696,-44.527676,-43.65984,-43.034,-42.70065,-43.17425,-45.928585,-46.89695,-48.357895,-49.021786,-50.07788,-49.703,-49.5738,-47.020264,-45.774117,-44.907673,-44.900047,-45.245617,-46.585747,-47.99008,-48.53677,-49.593254,-49.99428,-49.851734,-49.862057,-50.918266,-53.849056,-56.53139,-60.15683,-59.566593,-60.449623,-60.664658,-61.332996,-62.495426,-63.98646,-64.011856,-64.86657,-65.361885,-65.45409,-64.70494,-62.939697,-61.7113,-59.860085,-60.16973,-60.098568,-59.710606,-58.87053,-60.570316,-60.51056,-60.43262,-62.289276,-70.646996,1
-185.19325,122.386826,-16.827057,36.0648,-20.909878,1.5356135,-4.529941,-14.82457,1.6371943,-10.261821,-7.0911837,-2.2603421,-8.480987,-28.360077,-43.599716,-44.82777,-44.586914,-42.10033,-35.074963,-29.908243,-27.762287,-28.355026,-29.2015,-29.513052,-29.549084,-30.488653,-29.85017,-30.383024,-31.883165,-33.013153,-35.525345,-35.849983,-35.215775,-34.6096,-34.149303,-33.54546,-35.00042,-35.94378,-37.135887,-38.23145,-38.680214,-38.38553,-38.325653,-38.40815,-38.983135,-39.32101,-40.08528,-41.43311,-42.152264,-43.738117,-43.8375,-42.850822,-41.26914,-41.81017,-42.921253,-44.08527,-43.7605,-45.175247,-45.611416,-43.925026,-44.266014,-45.38859,-45.330437,-46.376392,-47.42961,-47.575733,-46.57408,-46.037174,-46.34461,-47.76802,-49.293518,-48.004925,-46.76965,-46.19244,-47.604668,-48.251823,-48.77238,-49.344467,-49.64759,-49.74902,-48.390316,-45.980827,-47.171288,-49.663147,-49.792377,-50.04513,-51.49302,-50.93009,-50.30756,-52.549164,-52.217846,-52.093773,-51.724827,-51.249023,-50.908066,-50.5985,-50.68011,-50.91087,-49.692673,-48.770916,-48.18673,-48.4216,-49.440323,-50.21271,-51.56285,-51.83992,-52.562206,-51.720783,-51.979485,-51.17868,-51.746548,-51.902287,-53.693146,-54.25622,-54.818893,-55.649372,-57.979813,-59.30854,-61.56841,-62.596157,-63.95456,-66.90373,-68.95357,-70.40938,-70.568275,-71.300804,-71.71811,-70.96776,-70.82103,-70.41095,-70.62804,-68.29602,-66.94293,-65.93789,-63.987858,-64.17772,-66.92791,-70.40837,-78.64641,-79.4818,-79.5267,1
-168.36078,110.012825,-1.7839997,37.875496,-7.1865506,-13.087549,-13.4777355,-10.451618,-20.648659,-6.844686,-1.5131762,-6.266118,4.1219974,-30.232405,-41.25037,-44.280018,-45.987103,-45.70476,-41.570457,-34.13222,-30.125082,-29.053871,-29.802591,-31.14253,-30.97504,-30.937813,-30.151499,-29.176926,-27.843105,-29.140364,-30.90129,-30.99411,-31.501799,-31.89925,-31.700464,-31.397799,-33.40618,-35.911427,-38.87022,-41.47395,-42.296776,-43.54503,-43.349686,-43.15348,-43.76028,-44.028614,-44.447193,-45.670296,-45.799114,-45.69205,-46.707905,-48.796246,-50.175743,-50.057514,-50.99894,-50.22329,-48.594017,-48.03933,-48.164066,-47.409706,-46.50338,-46.326935,-46.661266,-46.729103,-48.808167,-50.11654,-50.1227,-51.151833,-53.150253,-52.66766,-50.919674,-50.592422,-50.318104,-49.48999,-50.12587,-51.765926,-50.662914,-51.16902,-50.48066,-50.22156,-50.316864,-50.160854,-49.54073,-48.458214,-48.452885,-48.45677,-48.922016,-49.39772,-48.71742,-49.77008,-49.295914,-48.416126,-48.59477,-49.234127,-48.420326,-49.375053,-50.277893,-50.60411,-49.982697,-49.275455,-49.746582,-51.317165,-50.958908,-52.681133,-54.476448,-56.46402,-58.177334,-60.25244,-60.686314,-61.565254,-60.945747,-60.251785,-59.482956,-60.062775,-57.49167,-55.66854,-56.810146,-57.24076,-57.924004,-60.33465,-60.43561,-62.61973,-64.400665,-62.2847,-61.494534,-63.257614,-64.78257,-63.396152,-65.35377,-66.902306,-67.62626,-69.860245,-69.71185,-70.048744,-69.63405,-70.43201,-69.08515,-66.8088,-64.976135,-65.9114,-72.17693,1
-218.26317,143.16318,-15.709201,18.44773,-35.38864,-15.053424,-15.052133,-17.574366,-23.619558,-15.145157,-6.0532017,-15.74979,-8.119861,-59.540607,-56.693844,-55.899418,-54.194553,-51.604237,-49.078526,-45.051643,-40.413776,-35.72354,-28.256256,-21.77805,-19.575172,-23.399183,-29.99502,-36.49543,-39.387665,-40.49896,-39.874382,-37.80776,-34.505333,-32.335075,-31.208372,-31.286732,-31.163008,-30.476196,-32.68411,-36.374702,-40.31793,-42.31412,-43.922153,-43.182693,-42.558388,-43.012165,-44.953228,-46.646477,-45.40026,-44.063164,-42.520397,-43.10695,-43.89677,-44.63244,-44.85824,-46.172985,-47.384586,-47.581306,-48.229557,-48.991066,-50.433678,-50.508728,-47.816273,-47.180435,-49.43803,-51.931145,-53.182026,-56.894806,-58.07355,-55.100143,-52.381268,-50.709408,-52.233566,-55.25103,-58.46703,-59.17586,-58.035004,-56.141087,-54.545895,-56.48147,-60.221382,-62.79328,-60.640564,-59.769634,-59.208714,-58.84832,-58.27457,-57.45961,-57.41354,-55.061565,-54.17214,-52.19325,-53.02122,-54.907936,-54.779465,-56.311245,-54.809444,-56.35478,-58.733753,-59.605804,-60.842205,-62.473995,-64.9381,-64.30168,-64.39485,-63.140736,-61.3035,-61.243046,-59.80751,-61.98174,-61.5077,-61.83942,-64.21284,-62.64718,-62.048897,-69.12821,-72.88645,-71.81422,-71.18032,-70.838066,-70.58105,-68.4565,-67.20973,-68.05826,-69.56254,-71.44324,-75.73125,-79.51617,-79.52083,-79.5243,-79.52986,-79.53416,-79.537056,-79.54151,-79.54436,-79.54776,-79.55066,-79.552765,-79.55437,-79.55526,-79.55623,1
-117.15107,103.107704,-4.044135,18.368364,-21.543633,9.707836,-31.155296,-19.16317,-20.031773,-10.745969,-7.3465476,-2.6918757,-14.875908,-48.440845,-49.23245,-46.783283,-37.315773,-27.393993,-22.643663,-22.913786,-23.505589,-22.96299,-23.069895,-25.67628,-27.21351,-23.848375,-19.837635,-18.39597,-20.320347,-23.603924,-24.98771,-22.907806,-21.69165,-21.344051,-22.269966,-24.517117,-27.042326,-28.53429,-28.59175,-29.233706,-29.587004,-31.110117,-33.87767,-35.903847,-36.518322,-35.55965,-36.210087,-37.40969,-38.431145,-37.72875,-36.916397,-37.596798,-39.302944,-38.238735,-36.505547,-36.717346,-38.116547,-38.039677,-36.628506,-35.322224,-34.785343,-35.72289,-36.375504,-36.1555,-36.327885,-36.69507,-36.807396,-36.66586,-37.055984,-37.443657,-37.029232,-37.93883,-38.82714,-40.325096,-39.65969,-39.986553,-40.4547,-42.074295,-40.585106,-41.82972,-44.518063,-44.12611,-43.35734,-43.64375,-44.876335,-45.433773,-44.841446,-46.01842,-45.673637,-44.107655,-45.281742,-47.113422,-45.801838,-45.27485,-45.42966,-44.86584,-45.240837,-45.161545,-46.40003,-47.402462,-46.784706,-47.656887,-47.095818,-47.38564,-47.089283,-47.148533,-46.309288,-45.38112,-45.405296,-44.698696,-43.797832,-42.46908,-42.467438,-41.9345,-41.47738,-41.24966,-42.85693,-43.96651,-44.696846,-46.52613,-50.094753,-52.032227,-54.512745,-55.793533,-56.46916,-57.501328,-57.091,-56.634705,-55.538437,-54.053596,-52.679226,-51.187042,-49.959717,-49.64704,-49.997166,-51.0272,-52.037193,-57.1744,-78.4627,-79.400314,-79.40252,1
-348.41595,21.44973,3.2476718,-10.702074,-27.539288,-1.9787219,-28.094673,-25.888605,1.2700721,-21.763287,-10.139906,-1.4532317,-2.1740243,-77.725914,-78.09896,-77.108665,-74.37984,-72.03824,-70.431145,-67.95435,-57.751892,-47.311,-41.023937,-44.186974,-52.879158,-60.00129,-64.378784,-64.53246,-62.951828,-56.973152,-49.006256,-42.210667,-45.00287,-44.397224,-48.0575,-52.4459,-57.236496,-60.099533,-57.412487,-56.645275,-56.016327,-53.154537,-54.12798,-55.62552,-57.532394,-56.892494,-56.87289,-59.998615,-61.69382,-62.54928,-61.458015,-59.64024,-60.465023,-60.838024,-61.068153,-58.531208,-56.458824,-56.27611,-58.56262,-59.866386,-60.488384,-60.9079,-62.24321,-62.38447,-60.893055,-59.92577,-59.790543,-61.26052,-62.31153,-63.207775,-63.380474,-63.50067,-61.96476,-59.70825,-58.650177,-59.70089,-61.51893,-63.116535,-62.408184,-59.486782,-57.39619,-59.13971,-63.00638,-64.39167,-63.356243,-62.202732,-64.52128,-68.302986,-70.06184,-69.140816,-68.91869,-71.157906,-72.489075,-71.455345,-69.94308,-68.817055,-68.10755,-66.246025,-63.04514,-61.602894,-62.226624,-61.307095,-60.56829,-61.252087,-61.344654,-59.922127,-58.960117,-57.727226,-56.122902,-55.89376,-56.828114,-57.28179,-58.147247,-59.276684,-58.92452,-59.430176,-58.405277,-58.238743,-58.501896,-58.98684,-60.3056,-61.300735,-63.53126,-65.84635,-67.01106,-67.407394,-67.4711,-67.42112,-67.01799,-66.200714,-65.781845,-65.81969,-65.661415,-65.39703,-64.85563,-63.83416,-62.62057,-61.705315,-61.51282,-63.611183,-70.817535,1
-148.6672,69.32574,-28.03235,14.790916,-10.43257,5.2908907,-25.542673,0.87187916,-18.94661,-3.7948604,-12.814229,-0.33950135,-11.708666,-40.493076,-44.71632,-48.15596,-48.517365,-45.998104,-39.007,-30.52021,-25.984997,-24.26573,-24.620493,-27.375586,-31.186085,-32.26934,-32.20222,-32.81753,-32.889534,-33.651577,-34.14152,-31.643852,-28.15675,-27.194942,-30.097153,-34.551678,-36.33354,-36.214012,-35.740143,-33.8577,-32.730618,-34.569996,-37.201576,-38.02406,-37.153595,-35.832497,-36.01357,-36.88083,-38.961807,-40.23607,-40.351112,-38.49623,-36.29019,-34.577892,-34.577656,-36.526302,-38.403027,-38.68821,-38.562653,-36.655247,-35.053677,-35.913525,-37.810204,-37.839935,-35.77783,-35.18122,-36.20551,-37.191696,-38.898018,-38.416046,-36.83617,-36.20366,-37.60663,-37.544426,-36.08515,-36.3431,-37.351933,-37.170296,-36.472946,-37.073833,-38.450207,-38.146366,-36.962208,-36.62499,-36.196648,-36.56237,-39.278423,-41.561012,-40.562023,-39.535526,-41.27657,-42.95843,-41.667015,-41.370068,-42.859673,-43.899647,-42.029903,-40.833324,-42.063198,-42.87513,-42.73198,-43.822933,-45.37411,-45.10597,-46.43643,-47.71641,-47.83703,-47.104954,-46.582344,-45.72023,-45.15012,-45.14199,-44.246307,-44.437286,-43.763382,-42.469906,-43.299923,-44.674713,-45.704353,-47.470177,-48.029503,-46.992912,-47.547565,-46.710434,-48.567486,-50.110874,-50.57258,-51.124035,-51.237717,-52.508698,-52.15047,-51.830753,-51.156136,-49.6088,-48.865368,-48.37359,-47.900917,-51.142616,-76.3152,-79.12842,-79.12073,1
-182.77426,100.91491,14.896522,51.915924,6.3818226,-0.46948805,-15.19312,-8.173531,-24.549786,4.609064,-12.40705,-0.95507896,0.24572015,-27.520443,-41.273293,-41.812725,-40.901405,-36.799297,-27.903461,-22.050465,-23.53402,-25.352057,-27.543896,-31.194742,-32.350403,-29.897343,-29.743471,-33.04347,-34.693787,-33.38549,-27.375946,-22.824879,-23.27811,-29.063074,-35.530983,-40.278877,-44.2414,-44.594196,-42.79154,-40.90365,-42.05983,-44.3716,-48.74595,-50.551693,-49.91301,-50.090782,-50.12662,-51.366688,-52.376408,-51.848423,-50.992622,-50.272087,-51.177734,-53.48395,-54.35489,-54.100037,-52.723515,-51.301826,-49.44526,-49.99812,-52.002766,-53.189747,-53.126095,-52.341503,-51.566036,-50.773567,-49.902546,-50.147926,-51.29992,-51.482216,-51.42781,-50.489925,-49.429466,-49.14194,-49.724274,-50.602734,-51.240734,-50.782,-51.22985,-50.72966,-51.7173,-52.342438,-51.18531,-51.237793,-51.063705,-52.063866,-50.88907,-49.51412,-49.667168,-50.937943,-51.5515,-50.545837,-51.44963,-50.893597,-50.354465,-49.115982,-50.279606,-49.876125,-48.12673,-46.90042,-47.15258,-48.63575,-50.11998,-53.051624,-54.666237,-56.77823,-58.428387,-59.99366,-60.811848,-61.15538,-60.92249,-60.644035,-59.775826,-57.919655,-56.212776,-54.086563,-54.527473,-57.012825,-60.020645,-60.350216,-59.198067,-59.785763,-60.15331,-58.86497,-58.562927,-59.330486,-61.104797,-61.711006,-63.084,-63.42123,-63.196037,-60.16631,-58.74937,-59.23618,-61.661736,-63.090416,-64.19001,-67.801094,-79.361496,-79.449814,-79.454735,1
-174.4604,99.243965,18.383678,28.385122,6.577075,0.9321696,-14.097749,-2.4924595,-16.972136,4.174036,-13.951281,5.2072244,-2.4425433,-28.005722,-43.542805,-44.319103,-42.861946,-39.587223,-33.32549,-23.368093,-18.30274,-23.225754,-32.785076,-38.810886,-40.79786,-39.688004,-34.634094,-28.640604,-27.210983,-31.135628,-34.56649,-35.254982,-36.225075,-37.16245,-36.04938,-33.73627,-35.391956,-40.242123,-43.82545,-46.206024,-46.36254,-44.766262,-43.972614,-44.528618,-45.979977,-48.563522,-50.529884,-50.680363,-50.857487,-49.99377,-48.053658,-46.327118,-46.981728,-49.67926,-51.0345,-52.08429,-52.083748,-51.817772,-50.05951,-48.163017,-48.842617,-50.12842,-51.595512,-52.075794,-51.75884,-50.27906,-50.034595,-50.871414,-51.503376,-51.855938,-52.07942,-52.529545,-52.164143,-51.44642,-50.77187,-49.91827,-50.948223,-52.199867,-51.22798,-50.013073,-48.97926,-50.669518,-52.97259,-53.51774,-52.51844,-53.156437,-53.870506,-54.40846,-54.0929,-55.55147,-55.74984,-56.26246,-55.326046,-54.43022,-53.566696,-54.947224,-55.031887,-54.68467,-54.18221,-53.154423,-51.25585,-52.071194,-54.058273,-56.12898,-58.20181,-59.77096,-60.55771,-61.558197,-61.89628,-62.06584,-61.980793,-60.676846,-59.88251,-58.267693,-58.6444,-57.62682,-56.872505,-58.399685,-60.53265,-59.991375,-59.227478,-60.86786,-60.825096,-60.242947,-59.27519,-59.250175,-59.639256,-59.77525,-60.60799,-60.647995,-59.739132,-57.026264,-55.85358,-56.01822,-57.54772,-58.094826,-60.251007,-63.941322,-79.41005,-79.7933,-79.78384,1
-162.58273,122.22215,-19.441637,29.46282,-7.363825,-5.9155517,-9.043086,-1.7169186,-8.987474,-6.6918263,-1.6722014,1.5538534,3.9887612,-25.643995,-35.869385,-40.48895,-43.681255,-39.62196,-33.598305,-31.34943,-31.70222,-31.386929,-31.775352,-30.384146,-28.812965,-31.41991,-35.338097,-36.45736,-34.113594,-29.96999,-27.455317,-29.024693,-31.097977,-32.004784,-32.494476,-31.47384,-30.698786,-33.20283,-36.978504,-40.00375,-41.5156,-40.58769,-39.273464,-39.025894,-39.68526,-39.820057,-39.40244,-39.30051,-38.81599,-39.249928,-39.637127,-41.355778,-44.51442,-44.07398,-44.25668,-44.818214,-44.279396,-44.39994,-41.583923,-39.586864,-40.2807,-41.918076,-42.43494,-43.56874,-44.11213,-45.512108,-46.72104,-47.821514,-47.74456,-48.13036,-47.82762,-47.035458,-46.029716,-45.525314,-45.765827,-46.371502,-46.19349,-46.236492,-44.506157,-44.070255,-45.356483,-46.481255,-45.339687,-43.594234,-44.75027,-44.414883,-45.49444,-46.899548,-47.20807,-47.896175,-48.037647,-46.9843,-47.036953,-48.424957,-48.960365,-50.841923,-52.084564,-52.6731,-51.31843,-51.3558,-50.961308,-49.75493,-47.833233,-48.977787,-52.775917,-54.724068,-56.511974,-58.777313,-58.716698,-56.875748,-57.20481,-58.14195,-57.38087,-59.016552,-60.263504,-57.653465,-55.865967,-58.6569,-59.595592,-60.816845,-64.857956,-62.475456,-61.095276,-63.164284,-62.60307,-61.09724,-61.890965,-63.882744,-67.859184,-70.36931,-70.87593,-70.285965,-70.39435,-70.129616,-69.88664,-69.9419,-69.472275,-67.53337,-67.65423,-68.3749,-73.51344,1
-178.62364,85.972885,-5.660607,44.25096,7.955069,1.6151395,-16.484293,6.923447,-2.8851216,0.5074868,-13.546525,-0.52981395,-11.109497,-32.626812,-44.0408,-41.612324,-34.046955,-25.61318,-22.832146,-26.773573,-31.494131,-33.7447,-32.394684,-29.265514,-28.600672,-30.955082,-32.275196,-33.547653,-34.882195,-36.583805,-36.00381,-36.4644,-36.936676,-37.788284,-39.01307,-39.020554,-39.904793,-40.895462,-41.512592,-42.20452,-41.851795,-42.848705,-42.26541,-42.502228,-44.64785,-45.27579,-44.18766,-42.669884,-43.444588,-45.895023,-48.270798,-47.62563,-46.633858,-46.01999,-47.21185,-49.153023,-49.595966,-48.03546,-47.98561,-49.44493,-50.700794,-50.877,-49.57875,-49.742077,-49.39743,-48.937424,-48.041042,-48.502827,-48.85489,-47.351543,-45.991096,-45.78354,-44.85495,-43.40897,-41.80661,-41.170986,-41.551598,-41.37691,-40.45211,-40.374866,-42.483753,-43.532932,-43.46029,-44.641808,-47.329056,-47.225086,-46.814568,-46.42454,-45.70774,-46.31198,-44.7731,-43.77817,-44.76311,-43.69447,-45.9679,-45.495308,-47.000263,-48.284283,-50.678585,-52.02179,-52.50925,-53.43458,-52.77258,-51.969032,-51.410713,-51.154522,-52.020885,-51.002,-51.133545,-51.113834,-50.97127,-50.53374,-51.905796,-53.562523,-53.866127,-53.280315,-52.880688,-53.363766,-53.6722,-53.94749,-55.65585,-58.78525,-60.883415,-62.553684,-61.308506,-60.449257,-59.25161,-55.51851,-55.140778,-56.506382,-58.0769,-57.109135,-54.9357,-55.153248,-56.11806,-58.444065,-59.70388,-62.82269,-79.309586,-79.526184,-79.5292,1
-237.06107,68.81756,-20.916178,14.537069,-8.436928,4.2844424,-15.531794,-1.7717547,-11.427932,-0.34372333,-8.356224,-2.061818,0.4772518,-44.63576,-50.65423,-54.026672,-55.373417,-55.09402,-51.679443,-45.03912,-38.10313,-35.40248,-37.157814,-40.59921,-44.24598,-47.266388,-48.060806,-46.74142,-43.58021,-40.795082,-41.625343,-43.266766,-44.399467,-44.897778,-46.06903,-46.66265,-45.194584,-42.414913,-41.66658,-43.875305,-47.041725,-48.772602,-49.614307,-50.070297,-49.082645,-49.478554,-47.48205,-47.22505,-50.031693,-51.77863,-51.799522,-49.693714,-48.46704,-47.524784,-45.317192,-44.435658,-47.078377,-49.390945,-51.70305,-53.535416,-51.75458,-48.655693,-45.872837,-45.33558,-47.967697,-51.479942,-52.545162,-52.374126,-48.925163,-46.906406,-47.630966,-48.55474,-50.304756,-51.36607,-49.271885,-48.234577,-48.395245,-49.8804,-50.39853,-48.633976,-49.329197,-50.46188,-51.456894,-50.25156,-50.636196,-52.45907,-54.276505,-52.50673,-52.552834,-54.00186,-55.616547,-53.70481,-54.508003,-56.11779,-54.04739,-52.76108,-54.03318,-51.451275,-50.658615,-52.468334,-51.20719,-51.09765,-55.693993,-56.379414,-57.415806,-59.89674,-58.74248,-59.685226,-60.04626,-59.718285,-58.848907,-58.091206,-55.81623,-55.346397,-54.28474,-54.26119,-55.686333,-57.3954,-59.015553,-59.0226,-59.30207,-59.149643,-59.35895,-60.05682,-60.74715,-60.86697,-62.36183,-62.761456,-63.994682,-65.623505,-64.9523,-65.16321,-64.79685,-62.830788,-60.801678,-61.103878,-60.526028,-63.030087,-79.48252,-79.62534,-79.62701,1
-177.64714,74.01399,30.237719,39.08347,3.2225556,3.3047194,-13.41808,1.0575465,-24.671574,10.098821,-12.086361,0.65634304,-6.8213077,-28.28196,-42.076725,-43.162823,-41.83138,-38.573536,-32.71636,-25.999653,-22.663527,-23.57012,-27.956636,-34.06974,-39.197433,-38.0364,-34.54136,-32.562183,-31.877005,-32.571568,-33.250065,-33.76287,-34.455757,-37.363815,-38.53758,-39.662937,-42.167015,-43.958324,-42.916542,-42.99583,-44.06129,-46.45822,-46.462086,-48.733475,-49.94399,-50.26652,-50.521313,-51.42374,-50.93486,-50.323036,-50.93885,-51.099052,-52.673115,-53.72526,-53.316795,-52.485405,-52.454205,-50.579105,-51.3641,-52.873825,-54.5596,-54.56557,-54.543537,-53.826824,-50.596603,-50.785114,-52.510998,-52.492687,-51.257698,-50.37647,-50.64461,-52.383663,-54.281944,-53.393505,-52.1277,-51.812614,-53.17511,-55.38266,-55.152325,-53.894203,-53.121456,-53.515297,-54.579594,-53.720444,-52.96344,-53.91385,-52.71278,-51.09034,-50.767033,-49.394264,-49.3483,-51.59117,-51.32864,-50.696205,-52.42596,-52.805477,-51.18352,-51.199562,-50.87438,-48.892204,-49.083073,-48.685955,-49.84954,-51.401955,-52.950233,-55.054306,-57.639706,-58.650192,-59.646988,-60.076557,-59.82375,-59.514584,-56.922943,-54.677647,-52.792824,-50.72956,-50.26342,-52.03676,-54.569294,-54.745605,-54.406086,-55.839664,-54.510555,-54.134224,-53.1727,-52.91307,-53.28594,-53.511627,-54.729874,-55.507412,-55.797432,-53.056988,-52.567215,-52.267643,-52.973,-53.94907,-55.59971,-59.00923,-78.65964,-79.727165,-79.7199,1
-153.97885,103.59949,0.80846727,52.83503,3.8296342,-3.5260785,-7.8301673,3.7679513,-9.956799,-4.1775484,-12.905372,-0.78882754,-13.291396,-28.41419,-42.144905,-40.691177,-33.144875,-24.826609,-20.203094,-21.71978,-24.536037,-26.048023,-26.223324,-27.06502,-28.706125,-27.863132,-26.999784,-25.907578,-28.402721,-32.51771,-35.026283,-33.562893,-32.927567,-33.75216,-36.717472,-37.539566,-36.743664,-36.433437,-37.881256,-41.705704,-43.51224,-42.75043,-41.85704,-42.027313,-42.76002,-44.106686,-43.65822,-41.500454,-42.638046,-46.38284,-47.16741,-46.754097,-44.99468,-44.465736,-45.32848,-46.113007,-48.26494,-48.0335,-47.619972,-47.847954,-47.648666,-49.522766,-51.309208,-49.383236,-48.227074,-49.76445,-50.33748,-50.62791,-49.9016,-48.919178,-48.32589,-48.032948,-47.691677,-46.996395,-45.693024,-44.655247,-44.100525,-43.654274,-45.16106,-43.555702,-42.89509,-45.862007,-47.116177,-45.7298,-46.330353,-47.658604,-45.589104,-45.5717,-46.157932,-43.832233,-43.634792,-43.386124,-41.8896,-41.917057,-42.760628,-42.93174,-45.944885,-47.385643,-49.416653,-51.128937,-52.04813,-52.13092,-51.855473,-51.41648,-51.732727,-52.224556,-52.31575,-52.797245,-51.20856,-50.941628,-51.194275,-50.9698,-52.136913,-54.06365,-55.066635,-54.387928,-54.681446,-55.988483,-56.806576,-57.884758,-60.42707,-63.10697,-64.98317,-65.67934,-63.214027,-61.50597,-59.947655,-56.84853,-57.55757,-58.822018,-59.747654,-57.89634,-55.986717,-57.4626,-59.42883,-61.62477,-62.02699,-64.103806,-78.973076,-79.773125,-79.79319,1
-194.98721,103.334816,16.014824,31.650497,9.894119,7.7904825,-22.16639,-11.339224,-20.47112,5.2826767,-11.553133,-1.775539,-0.66499037,-26.757755,-42.73612,-43.813633,-41.746887,-38.394115,-32.908318,-22.421625,-17.597603,-21.605356,-29.584162,-34.623703,-37.17468,-36.530914,-31.792858,-25.598333,-23.463234,-27.731756,-30.809519,-33.746952,-34.608562,-32.79258,-31.142994,-30.722061,-34.18946,-39.09935,-43.51573,-47.499943,-47.52158,-44.199593,-42.593086,-43.857162,-46.419376,-48.012653,-50.189846,-53.994736,-53.648506,-49.186962,-47.152027,-48.750214,-50.146915,-50.906033,-50.644836,-51.710873,-50.75539,-48.308792,-48.7868,-49.37187,-49.305595,-49.421165,-49.17942,-48.817917,-48.973133,-48.91193,-48.06335,-46.313175,-45.09093,-45.878006,-47.121246,-47.879356,-46.52261,-44.838818,-45.081112,-48.44602,-50.771935,-50.48425,-47.8643,-49.022144,-52.021717,-53.383392,-52.106613,-51.433956,-54.24655,-53.52582,-52.448174,-53.455555,-54.98958,-54.083958,-53.838715,-54.680954,-54.549675,-53.675644,-53.221813,-54.05841,-53.89313,-53.42777,-52.87124,-51.933155,-51.735683,-52.702744,-53.432823,-55.59527,-57.481018,-58.2704,-58.921593,-59.73945,-61.63652,-61.066727,-60.95817,-59.734295,-57.858364,-56.581017,-55.528675,-55.847286,-55.678497,-56.98142,-58.426826,-57.89398,-56.740734,-56.503456,-57.23129,-57.9607,-58.558727,-59.017746,-60.06917,-60.93682,-62.742653,-62.363834,-61.74186,-58.176437,-56.130524,-56.55607,-58.15015,-58.97599,-60.894657,-64.24402,-78.319916,-79.16298,-79.20652,1
-120.44342,82.39198,3.3414073,65.69227,16.627579,2.691977,-2.2954957,-2.8320682,0.2758972,-11.427468,-10.902565,-2.5782845,-4.315163,-32.98617,-39.608505,-32.690994,-21.9354,-19.89086,-26.569254,-30.059683,-28.054964,-27.848587,-25.12066,-22.270828,-26.391792,-32.45502,-31.48085,-30.11394,-31.702616,-33.930454,-34.06256,-36.144844,-38.634594,-39.635197,-37.671356,-39.443043,-43.712975,-45.589977,-44.50899,-46.28475,-48.52918,-48.601368,-48.790783,-48.563976,-48.98382,-49.49843,-49.72722,-49.08784,-47.899315,-49.250507,-49.94606,-50.072727,-48.399456,-48.877335,-50.27695,-50.707752,-50.41994,-51.604897,-51.399937,-50.90202,-51.623913,-52.474186,-51.38108,-50.173393,-50.835094,-51.68961,-51.89356,-51.434742,-51.09538,-51.17929,-49.366177,-47.61063,-47.25486,-46.150208,-44.054394,-43.521393,-42.864212,-43.812443,-43.074955,-42.825104,-43.42354,-43.965557,-44.101673,-44.432587,-45.42776,-44.58258,-45.61957,-44.993534,-44.511215,-44.829967,-44.44289,-44.334976,-43.367237,-42.86732,-43.82759,-44.21114,-46.321255,-47.97943,-50.109432,-50.281174,-49.602146,-49.06526,-48.228096,-46.547413,-45.697777,-46.038918,-46.09537,-47.37119,-49.606422,-50.102222,-50.950455,-51.593082,-51.84383,-52.700855,-52.641613,-52.951088,-54.522457,-55.50542,-56.973938,-57.744434,-58.812412,-60.545383,-60.588917,-60.74138,-60.934452,-61.050915,-61.057167,-60.835594,-60.01453,-60.54779,-61.35806,-62.360664,-61.58345,-61.3822,-61.570553,-61.578026,-62.53351,-61.108467,-60.72312,-64.30735,-71.97115,1
-180.96973,84.35855,-36.25495,25.52057,-20.522547,9.711501,-39.73955,-12.113961,-13.650522,-17.263323,-12.065304,-7.6509376,-4.7259326,-59.680923,-57.745224,-54.445873,-51.293034,-47.621082,-41.607014,-30.944578,-21.580702,-21.917042,-27.489225,-32.46206,-35.60473,-38.181667,-37.27896,-34.131886,-30.086527,-27.222168,-27.711344,-30.930717,-33.33551,-33.687325,-33.74312,-33.95328,-34.002903,-33.21716,-34.342674,-35.686176,-39.27632,-41.923447,-42.511467,-43.210632,-42.912678,-42.00414,-40.92167,-40.62177,-41.283005,-42.40497,-42.841106,-43.001396,-42.690548,-42.27535,-41.484875,-41.69282,-40.892727,-41.718117,-42.887222,-43.232098,-41.75665,-39.12582,-40.12502,-41.087776,-41.365147,-42.592937,-42.567722,-40.746025,-39.44445,-38.30413,-38.35201,-40.09588,-40.571632,-40.127228,-40.241386,-39.698437,-39.53967,-39.565292,-39.25169,-38.921894,-38.58032,-39.47024,-40.594402,-41.26194,-41.10418,-41.645092,-42.982944,-44.859646,-44.386898,-44.82974,-46.417095,-49.7779,-51.283543,-51.187916,-51.256542,-48.930428,-48.20646,-49.280766,-48.15754,-47.421654,-47.059048,-44.961624,-44.24627,-45.492565,-46.339733,-48.05565,-48.926167,-49.583565,-51.008133,-50.413616,-50.003162,-48.171932,-47.001816,-45.928173,-44.57569,-43.353416,-44.043854,-45.09746,-48.18366,-49.897907,-51.251152,-52.55304,-53.705757,-54.738533,-55.92342,-57.721397,-59.59465,-61.51953,-63.575516,-65.982574,-68.046486,-67.57661,-65.83806,-62.630165,-61.149624,-60.898594,-60.1931,-63.70996,-78.820724,-79.07673,-79.077995,1
-376.40057,46.510826,-21.098389,13.672619,-14.710708,7.8340116,-15.903664,-8.163964,-7.4156923,-9.355424,-7.1487947,-5.044287,-1.6079719,-68.8853,-68.774315,-66.789734,-64.88055,-61.359932,-57.48794,-53.421097,-52.384537,-52.357063,-50.560955,-50.399708,-52.47545,-54.892673,-56.39838,-56.803856,-56.86854,-56.48417,-55.63139,-55.035694,-53.818844,-52.490692,-53.196247,-54.67135,-55.487995,-56.071,-57.864162,-59.109024,-59.935593,-60.01387,-59.30356,-58.549652,-57.024002,-57.098743,-58.305733,-60.256584,-61.20095,-61.424828,-59.976948,-58.87746,-58.052116,-58.20614,-58.080414,-57.41149,-57.248314,-57.531574,-58.521473,-59.031784,-58.566807,-58.522232,-59.432056,-59.984364,-58.252144,-56.589195,-56.64655,-58.04399,-59.47067,-60.070835,-59.989494,-59.659786,-58.956272,-57.85965,-58.342457,-58.5215,-59.025745,-59.749645,-59.605762,-57.930077,-57.72666,-58.496235,-60.33849,-60.84347,-60.818806,-60.189053,-60.880405,-63.19579,-63.458187,-61.88905,-61.892223,-63.3416,-65.05654,-63.79104,-61.921547,-62.347374,-62.86652,-62.36996,-61.23208,-61.383778,-61.72561,-60.03537,-60.51933,-61.97476,-61.24178,-61.920277,-62.3937,-62.54509,-62.37331,-63.281788,-63.150444,-62.476692,-62.09982,-62.063103,-61.280228,-61.604156,-61.36925,-61.688366,-62.87548,-64.45302,-65.35968,-65.60737,-66.45141,-67.217766,-67.400955,-68.19915,-69.67585,-70.73317,-71.8111,-73.033356,-73.81303,-74.86696,-73.84362,-73.22644,-71.97717,-70.73807,-69.209465,-70.89612,-78.88902,-79.117615,-79.12942,1
-240.43721,125.855804,-12.24089,23.720774,-44.427288,-20.208931,-9.374004,-21.454168,-23.633001,-6.219603,-15.996291,-15.500548,-13.352739,-67.031624,-63.41564,-61.104607,-57.09909,-53.233894,-51.84295,-49.058086,-45.43884,-37.601208,-27.331846,-22.395576,-24.433563,-29.913563,-34.541252,-38.794422,-41.41912,-44.03246,-43.343307,-40.316147,-35.95724,-32.992058,-32.331734,-34.32953,-37.15227,-39.12335,-40.772427,-42.026806,-43.857998,-42.83978,-41.982174,-40.932724,-40.12181,-41.45478,-43.006668,-45.302288,-47.031487,-48.93102,-49.12039,-48.009743,-48.071,-49.915634,-50.12545,-49.56174,-49.96712,-49.97799,-51.57834,-54.00419,-53.779053,-52.818104,-51.046284,-52.591953,-54.867203,-55.907635,-57.589855,-59.250168,-58.741318,-57.58215,-55.599503,-56.97608,-56.908306,-57.439335,-60.059036,-60.994846,-61.290604,-62.48137,-61.49975,-59.92746,-59.55314,-60.263176,-65.57977,-65.758606,-63.889122,-62.755924,-61.944042,-60.12588,-58.22983,-55.48577,-54.034634,-55.113052,-55.08173,-54.5213,-54.433956,-53.994823,-54.143143,-55.609447,-55.233078,-57.023705,-59.16486,-58.167744,-59.185997,-60.43005,-59.9737,-57.356255,-57.949615,-60.46968,-59.109333,-59.000553,-59.21756,-61.03542,-64.6217,-66.974304,-69.92833,-75.06603,-76.858475,-75.30251,-73.76889,-72.68721,-70.24694,-68.712975,-64.1344,-63.369503,-65.93303,-65.65563,-74.15633,-79.72143,-79.72551,-79.72917,-79.73227,-79.7348,-79.73806,-79.740845,-79.74331,-79.74639,-79.74816,-79.74868,-79.75106,-79.751816,-79.75252,1
-138.26785,48.335335,-3.6419282,5.357102,-16.293613,-11.535387,-15.431173,-6.5468636,-27.85833,-10.420375,-10.16601,-3.469333,-16.37478,-54.186672,-55.843983,-52.497776,-51.491657,-49.28608,-45.76481,-38.022552,-26.473415,-19.947714,-23.618395,-30.148579,-34.096764,-36.13895,-39.48801,-37.757656,-32.75645,-29.256638,-28.609434,-28.5634,-29.987005,-32.00898,-35.029488,-36.14471,-35.6894,-33.949318,-35.420437,-37.365723,-37.27132,-37.542904,-38.094547,-40.06704,-39.849693,-38.893063,-39.68033,-40.623066,-41.525696,-42.175648,-42.122097,-39.173653,-37.80784,-37.88632,-37.913544,-38.70441,-41.161007,-42.604317,-42.41752,-40.622265,-38.65648,-37.159733,-38.617073,-41.273865,-43.398796,-44.579952,-44.806244,-43.247387,-40.779446,-40.52731,-43.59915,-46.453354,-45.59453,-44.1115,-43.54778,-44.01624,-44.84714,-46.75229,-48.18892,-46.820816,-45.698807,-45.860172,-44.84753,-42.954964,-42.55677,-41.976215,-41.36158,-41.09411,-40.904408,-38.98588,-37.82606,-39.416573,-42.645435,-42.13484,-42.8798,-44.16446,-44.49442,-44.781677,-46.014397,-46.67674,-46.335106,-46.65554,-47.95187,-47.697372,-47.586857,-45.223812,-43.402077,-43.045757,-44.008064,-45.077545,-47.388454,-47.432457,-47.995518,-47.30392,-47.4768,-47.545,-48.66988,-48.23652,-47.949017,-48.632915,-49.363895,-46.145443,-45.33989,-44.96254,-44.52517,-46.66758,-46.8171,-45.428745,-46.51522,-46.362312,-48.0246,-49.54206,-49.272327,-49.752575,-51.03446,-51.28121,-52.359634,-52.535664,-51.64006,-55.928116,-64.798096,1
-224.0764,77.24159,4.752384,33.716656,1.4363695,7.7624364,-4.1952996,1.350242,-11.711532,-3.4387395,-11.875674,-2.0597746,-16.258965,-39.298847,-49.80111,-48.581966,-40.954014,-32.953316,-30.700533,-34.186783,-37.788437,-38.40195,-37.277107,-35.408997,-34.701122,-34.760715,-36.426006,-38.16643,-39.96352,-40.5188,-40.474266,-41.09165,-41.58571,-44.35116,-46.84154,-48.52734,-48.314056,-48.18517,-47.942543,-48.816673,-50.114193,-49.755848,-48.90988,-49.1706,-50.656475,-51.0581,-50.03166,-49.729603,-49.051235,-49.140957,-49.670418,-51.20626,-51.3923,-50.997757,-50.400402,-50.242504,-50.38239,-51.417973,-52.526825,-52.6804,-52.827732,-51.899323,-51.79402,-52.922092,-54.415993,-53.293297,-51.95782,-51.193962,-52.079357,-52.440533,-52.74316,-52.35268,-51.932648,-52.002983,-52.71001,-52.106594,-51.684822,-52.723103,-53.464592,-53.76434,-54.110916,-54.248016,-54.22876,-54.236553,-54.236767,-53.649433,-54.369495,-52.794994,-51.52199,-51.122288,-50.39167,-50.396805,-50.155697,-50.646053,-51.278522,-52.390343,-54.076263,-55.886658,-56.648773,-57.508522,-57.405605,-57.42411,-56.551342,-54.948975,-54.57291,-55.159367,-55.136604,-55.316788,-54.913376,-55.369396,-55.95924,-55.561565,-55.856716,-56.985806,-58.07433,-57.763737,-57.722363,-57.35417,-58.280743,-59.398052,-61.150116,-63.58445,-65.69272,-65.0262,-63.857555,-62.56809,-59.98374,-58.156143,-59.3516,-59.894436,-61.046364,-59.904755,-58.148396,-58.30647,-59.738213,-61.79976,-62.679,-64.90419,-78.73704,-79.590225,-79.615974,1
-158.94954,133.71347,-25.882391,21.606577,-8.648946,-13.067851,-14.501986,1.6534897,-10.664603,-7.9138136,-3.5416443,-2.5312226,0.92342657,-27.047997,-38.39479,-41.85051,-43.5675,-42.392815,-35.074528,-31.512117,-32.12155,-28.11268,-23.31083,-23.441803,-26.661192,-29.868193,-33.490303,-35.311844,-35.27566,-33.997566,-29.08763,-24.129065,-20.925999,-22.16079,-25.6243,-29.345272,-31.818237,-33.018055,-35.88418,-38.875576,-38.708,-36.805668,-32.78552,-29.463112,-31.591894,-35.8883,-37.984688,-38.166958,-37.301373,-36.03802,-35.78009,-35.884747,-37.855885,-37.864784,-38.987762,-41.3462,-41.797462,-42.05742,-42.33463,-43.20648,-41.53373,-39.41234,-38.936428,-40.28176,-43.044445,-43.891144,-43.463295,-44.15994,-44.027096,-44.21086,-44.61152,-44.017654,-43.985275,-46.377335,-44.032234,-43.457832,-43.67324,-44.54234,-43.00985,-42.853436,-42.97075,-41.21204,-39.344677,-41.40355,-43.958923,-42.343998,-42.752487,-43.911144,-44.230743,-45.808105,-46.060047,-45.416447,-46.216694,-47.945793,-49.219887,-49.129047,-50.01125,-51.523266,-51.49607,-52.355404,-50.77398,-50.443077,-50.97004,-53.57797,-54.50682,-56.062756,-56.75332,-55.926517,-57.17024,-58.828762,-59.520573,-60.24069,-60.012253,-59.245373,-58.3737,-57.63993,-58.964764,-60.310192,-60.92765,-59.43816,-60.51205,-60.901005,-61.972355,-60.598938,-60.05767,-61.077976,-63.68512,-65.25689,-68.85642,-69.57307,-71.287964,-71.02966,-68.82809,-69.312775,-68.23516,-68.36529,-68.188965,-68.83425,-68.627464,-69.33193,-74.46106,1
-205.78816,147.5424,-16.902199,20.788677,-34.609413,1.9847354,-10.254937,-28.862247,-6.305095,-14.781918,-15.297873,-7.550081,-0.8687548,-65.5743,-60.078426,-52.69514,-43.10258,-34.68828,-31.082956,-29.64262,-30.5165,-34.895752,-37.799133,-36.762375,-34.77996,-32.667427,-30.335213,-28.464695,-28.570541,-31.585344,-35.49426,-35.720978,-33.29581,-31.421717,-30.408478,-31.66337,-33.96408,-36.73288,-38.997536,-41.83046,-41.154892,-40.558395,-40.574127,-41.343098,-42.71723,-43.199135,-42.731144,-43.824326,-44.103333,-42.886684,-42.601936,-43.32779,-44.214188,-43.23642,-42.46309,-43.903244,-43.974483,-43.89684,-44.76058,-46.44401,-48.833973,-48.877224,-46.21901,-46.33325,-47.52793,-50.46449,-52.239033,-51.812103,-50.814648,-51.79368,-51.073708,-50.38566,-52.833443,-51.78659,-52.206707,-53.023357,-52.63667,-53.79226,-53.062706,-52.641476,-54.254047,-54.93075,-57.345768,-60.14349,-62.48568,-61.287495,-62.031387,-63.473446,-64.76589,-61.276855,-61.619514,-61.576324,-60.44135,-59.284428,-57.138515,-53.75921,-52.301662,-53.48557,-54.669952,-56.136726,-58.267437,-59.91849,-63.603695,-60.01015,-57.488476,-56.301193,-55.742664,-55.259544,-53.714344,-55.841225,-58.56582,-58.67082,-56.524662,-60.566895,-64.54521,-69.72766,-70.845055,-68.80915,-70.17942,-70.966194,-71.54954,-71.74647,-71.03779,-72.30564,-73.20613,-73.761406,-76.78148,-79.03172,-79.04304,-79.054756,-79.066444,-79.07948,-79.09122,-79.10569,-79.11682,-79.1283,-79.14137,-79.150826,-79.15578,-79.15879,-79.16364,1
-157.77638,96.58201,16.281965,39.151623,0.45437106,12.309186,-9.90684,5.6531243,-12.318416,10.712894,-14.620003,12.684848,-20.371588,-22.570774,-33.914574,-33.4781,-25.719208,-14.565915,-16.850952,-27.043581,-29.547869,-24.295843,-17.704,-19.259212,-26.876831,-30.643562,-28.550138,-25.264633,-26.81817,-31.877481,-33.368076,-31.181482,-29.007175,-30.57994,-33.65815,-37.177326,-35.42052,-33.563114,-33.045578,-35.47877,-38.143883,-38.06073,-37.74031,-36.955376,-38.50434,-39.713707,-40.450466,-41.83696,-41.6454,-42.25329,-42.57456,-42.34753,-43.035862,-44.17544,-43.697693,-43.301823,-43.826214,-43.273457,-43.17627,-43.517197,-44.10806,-45.0019,-43.728035,-42.404083,-42.985355,-45.368427,-45.290325,-42.83197,-43.300755,-44.57299,-43.792324,-43.48635,-44.49198,-44.519474,-43.81841,-45.343082,-45.601025,-45.458652,-46.774113,-46.53401,-45.80104,-46.273827,-45.221127,-45.460133,-44.85174,-45.378048,-44.89019,-45.25772,-46.010754,-45.86886,-46.533073,-46.275494,-45.651394,-45.725166,-45.262978,-45.75428,-46.72442,-47.88926,-49.659386,-48.51993,-49.197704,-48.90881,-48.76981,-48.224434,-47.096737,-45.679146,-45.5995,-45.78369,-45.79272,-45.340405,-45.826206,-46.820164,-49.66004,-52.68702,-54.06686,-54.679752,-54.261875,-53.569225,-53.388172,-52.15968,-51.03279,-53.050167,-54.426136,-53.916767,-51.473705,-49.168312,-47.718204,-47.606274,-49.079823,-49.8636,-51.126717,-51.16998,-51.897186,-51.359104,-52.188717,-54.051544,-56.502182,-59.877033,-78.387886,-79.748276,-79.74847,1
-184.0701,79.552185,30.055317,51.47964,9.607927,-5.009864,-17.235117,1.4697362,-27.50887,8.307956,-11.529639,3.9822543,-5.4348288,-27.371695,-40.44589,-41.602394,-39.31717,-34.89443,-28.521193,-21.302452,-18.7761,-23.793299,-29.970404,-33.911327,-35.78323,-35.949547,-33.152794,-28.305136,-26.481014,-27.433308,-29.810913,-32.72935,-34.129402,-34.97918,-34.345623,-35.239117,-36.773655,-39.417747,-42.733345,-45.55026,-47.996727,-47.789852,-46.146324,-46.628963,-47.886993,-50.024853,-52.41337,-51.64845,-51.024143,-51.996475,-53.862316,-54.91469,-54.74693,-55.038918,-54.48914,-52.796375,-51.518814,-52.12839,-55.74487,-56.109756,-55.448555,-54.514553,-53.586308,-51.135704,-51.747837,-53.624783,-53.538612,-53.52283,-52.68741,-51.673676,-51.12681,-51.38577,-51.95351,-54.07829,-54.56201,-52.820927,-51.024025,-51.751854,-53.387844,-52.451263,-50.576485,-49.33739,-50.568703,-50.164276,-48.48311,-47.862144,-48.74382,-47.98606,-47.155834,-47.148064,-49.12986,-49.69424,-48.94043,-48.89942,-50.02134,-50.031048,-49.60891,-50.632946,-49.61325,-47.54377,-46.910774,-46.25102,-47.43556,-50.279984,-53.653755,-56.298317,-58.557243,-59.528576,-60.260456,-59.67309,-59.641,-59.520355,-58.127815,-57.238968,-55.00749,-51.048958,-49.149063,-52.036556,-55.38677,-56.496174,-55.569366,-56.1833,-55.108505,-53.623585,-52.6856,-52.645775,-54.226654,-53.999348,-55.10433,-55.439682,-56.387356,-54.071625,-52.438698,-52.503212,-54.999863,-54.576225,-56.23954,-60.10691,-78.48848,-79.509575,-79.611984,1
-195.45927,108.27512,5.549374,36.886734,-0.9453525,4.090259,-0.32880443,4.6637907,-9.861283,-0.63101244,-8.883333,-3.2248843,-15.859915,-31.15985,-42.626476,-40.955853,-28.282015,-21.219074,-25.706928,-30.444288,-29.769163,-23.899899,-23.044184,-27.612726,-30.6226,-30.769114,-30.528557,-32.019302,-32.873837,-33.201553,-32.90685,-35.713512,-39.233994,-40.263565,-39.10241,-38.21677,-38.2636,-39.601078,-40.62256,-39.404156,-39.40057,-41.751392,-43.84731,-43.59441,-41.234653,-40.395912,-42.97884,-43.832176,-42.525944,-42.48621,-42.845623,-45.275913,-44.822384,-43.577335,-44.235043,-45.430153,-46.357483,-46.3414,-46.05967,-47.391773,-48.508263,-47.162075,-47.347717,-48.135273,-49.687893,-47.553844,-47.92134,-50.65225,-49.296608,-46.790085,-48.934456,-50.740345,-47.500065,-48.164646,-49.53117,-47.616947,-49.51591,-50.102356,-48.71344,-50.861687,-51.36683,-50.533943,-51.663357,-51.0604,-51.13499,-50.997833,-49.62131,-48.667088,-47.450638,-46.479908,-47.20666,-46.85233,-47.080666,-48.110607,-47.529156,-48.341557,-48.777702,-51.483368,-52.214573,-53.936535,-54.983,-54.52866,-54.089832,-53.721867,-53.243797,-54.15769,-55.037075,-54.585453,-54.419304,-54.09015,-53.93197,-54.07652,-54.769894,-55.973553,-57.775124,-56.892017,-56.474144,-56.02197,-57.00927,-58.29144,-60.2745,-63.266735,-65.09535,-65.61372,-64.42311,-63.1488,-61.739525,-59.20098,-59.82725,-60.0701,-60.36175,-58.458138,-56.735397,-58.2163,-59.249237,-61.38141,-61.94694,-64.3435,-79.09953,-79.83122,-79.8323,1
-217.14067,151.92288,-3.346231,12.065722,-42.6424,-8.426504,-14.568947,-23.147026,-15.909678,-16.9032,-10.099651,-15.251864,-16.628977,-62.09445,-57.60831,-54.500977,-51.877377,-50.107,-48.32588,-44.457558,-39.942524,-34.140617,-24.431627,-15.306557,-14.638484,-20.823872,-29.116983,-36.56158,-39.14715,-40.089012,-40.6507,-39.004852,-36.192917,-33.17338,-29.558924,-27.17676,-27.888954,-30.048489,-32.877388,-36.445004,-39.815975,-42.758125,-43.28023,-44.220146,-42.412,-40.8005,-38.96741,-37.491474,-38.54406,-39.478043,-42.279602,-44.86143,-45.56861,-48.063313,-48.871136,-50.097237,-48.49665,-45.854103,-45.20612,-46.42877,-47.635372,-48.05283,-49.586227,-50.866005,-53.055466,-54.48417,-52.24706,-52.133514,-53.811832,-54.5678,-54.528748,-55.609005,-58.63742,-57.789513,-57.290844,-58.2838,-59.27475,-60.53432,-59.569397,-60.01846,-62.784077,-64.00241,-63.415417,-61.44863,-61.81577,-63.956123,-64.90205,-63.416904,-58.60858,-57.258137,-58.96592,-60.879303,-60.544518,-58.924732,-58.508324,-59.468422,-61.42243,-63.104935,-62.23006,-62.56341,-64.81332,-62.571823,-61.19732,-61.08595,-60.07857,-61.786163,-61.53731,-62.496277,-59.274273,-61.7995,-61.039948,-57.847305,-58.748238,-61.966583,-65.40827,-70.07303,-72.57377,-73.02948,-71.53385,-71.418686,-70.86355,-71.03042,-71.19803,-70.94396,-69.50838,-71.541855,-76.7131,-79.453636,-79.483894,-79.479065,-79.50002,-79.51228,-79.50744,-79.54585,-79.51902,-79.567635,-79.55473,-79.55637,-79.58543,-79.57123,-79.57922,1
-211.58984,88.61609,11.310009,46.62935,-21.153318,2.7255154,-5.589136,-1.8723128,-8.266769,-10.406121,-11.125771,6.0893817,-10.699034,-31.020128,-43.305294,-44.901955,-44.499992,-42.091686,-35.623386,-29.28806,-27.409397,-27.670923,-29.385773,-33.010773,-34.738544,-34.79659,-33.22039,-34.093952,-36.48846,-35.26612,-35.240025,-34.205555,-33.901737,-34.739326,-38.182415,-43.518024,-45.301903,-44.297947,-41.15254,-38.982487,-39.883324,-42.26483,-44.969486,-47.629288,-47.30608,-45.857574,-46.286545,-45.840393,-46.589127,-46.783756,-48.593567,-50.422737,-49.74828,-48.531197,-46.67217,-45.05152,-46.21803,-48.997543,-51.117363,-51.415367,-51.61684,-51.558357,-52.308212,-52.203842,-52.478794,-54.00605,-54.96276,-56.277504,-56.057056,-56.523064,-55.87376,-55.23535,-54.79999,-55.190807,-54.675446,-54.853237,-54.717587,-53.97095,-53.578747,-53.006443,-52.188072,-52.186333,-51.93163,-51.450905,-50.011127,-50.17293,-51.388042,-50.3026,-49.287575,-50.176983,-51.421787,-53.25867,-53.52586,-51.820152,-53.02092,-54.13504,-52.424526,-50.601322,-50.557327,-50.047565,-47.912117,-47.774162,-48.23329,-49.13568,-50.296257,-51.613148,-52.176624,-51.612057,-50.868122,-50.191788,-49.90804,-50.401066,-51.040363,-52.445805,-52.978218,-53.449207,-53.845043,-55.99994,-58.190994,-58.59091,-57.93238,-59.576225,-62.449154,-64.2581,-63.94697,-63.835796,-63.164368,-61.590652,-61.7538,-61.681187,-62.048042,-62.07054,-62.77732,-61.27121,-60.08128,-61.381622,-64.00975,-67.32493,-78.74414,-80.0,-80.0,1
-139.9989,65.13456,-35.570824,36.38291,-24.586517,-7.0491433,-13.700628,-0.51264405,-22.22896,-5.591301,-14.217639,-5.6959643,-4.4575872,-43.529564,-49.73937,-54.45889,-54.318077,-51.339222,-43.671837,-31.997427,-24.794018,-28.316662,-33.255013,-34.29374,-36.727024,-37.072407,-34.426723,-31.506878,-30.808199,-33.001167,-35.101936,-37.01659,-36.856644,-35.026108,-33.82278,-35.189983,-38.158234,-37.48409,-36.336063,-38.56075,-40.9141,-40.176056,-39.72645,-40.10699,-41.496376,-40.75491,-38.526497,-38.958942,-40.851803,-40.999443,-41.139915,-42.24868,-42.787083,-42.09791,-39.7912,-37.903934,-38.56205,-40.076218,-41.323303,-43.16363,-43.51474,-43.50852,-42.173317,-41.466972,-43.076195,-45.28958,-45.769062,-44.467335,-42.90478,-43.275284,-44.71912,-44.740864,-44.076023,-43.467495,-42.98486,-42.41419,-42.736282,-42.23373,-42.511772,-41.321495,-40.25081,-40.06336,-40.850246,-39.81687,-39.20099,-40.18337,-40.61264,-39.63351,-39.7777,-40.52081,-41.607876,-39.53613,-38.857826,-39.638985,-39.147816,-37.762264,-38.494404,-37.782154,-37.831802,-39.28752,-38.33094,-39.0403,-41.266594,-42.941418,-44.035423,-46.634365,-47.1349,-48.554054,-48.187008,-48.818886,-48.53915,-48.792755,-48.248055,-47.010975,-47.070328,-46.59478,-47.139935,-47.163486,-48.76405,-50.50178,-50.788467,-51.537453,-52.514866,-53.12793,-53.476234,-53.99242,-56.79532,-57.860744,-58.99027,-58.737747,-59.802437,-61.539677,-59.881065,-57.967346,-56.21257,-54.547466,-53.982647,-58.137337,-78.82899,-79.85175,-79.85609,1
-264.99637,114.83807,1.0221115,32.734737,13.739454,14.734754,-3.3740466,2.0016794,-7.475716,-3.0166662,-5.876423,6.342193,-16.790264,-27.897442,-36.437828,-33.97814,-24.83647,-21.991514,-26.261734,-31.462831,-29.268925,-25.784752,-22.355068,-24.269768,-30.758078,-33.00312,-30.649132,-29.878496,-31.782028,-34.329174,-36.237736,-38.149506,-37.848206,-35.849606,-37.618446,-40.601593,-42.354595,-40.941483,-39.650772,-41.61754,-43.193127,-44.187645,-43.92557,-42.72983,-44.328457,-44.81865,-45.98185,-45.201313,-44.587444,-45.28844,-46.714245,-45.578312,-45.249313,-45.964188,-45.139782,-44.95251,-44.27253,-44.839497,-44.876244,-45.190605,-44.921104,-44.175827,-44.396828,-44.987244,-45.12528,-44.224598,-43.764496,-45.95907,-45.887463,-44.69229,-45.089188,-46.122314,-46.517162,-46.73943,-47.287937,-48.047115,-48.233376,-48.248837,-48.81214,-48.32993,-48.61511,-48.764202,-47.769756,-48.81119,-47.414875,-47.367283,-47.124966,-46.203808,-46.78334,-48.251236,-50.030117,-51.373253,-52.45645,-53.097378,-53.534065,-54.031593,-54.894978,-55.53383,-55.97652,-56.392376,-55.823437,-56.170116,-55.6247,-54.639492,-53.535652,-52.318558,-53.28881,-54.950382,-56.24915,-56.271523,-57.03027,-56.700657,-56.79625,-57.48249,-57.38427,-57.77895,-58.00493,-58.99023,-60.607296,-60.820343,-61.620407,-63.325554,-63.747246,-63.754063,-62.31093,-62.472225,-62.88942,-62.394127,-62.82659,-62.954716,-61.321415,-58.07016,-58.005943,-58.908916,-59.85174,-60.908314,-62.04614,-65.49492,-78.599396,-79.64655,-79.64594,1
-109.134636,91.76137,-4.3536944,34.447777,-8.762232,12.957526,-36.294613,-23.175781,-18.018833,-16.352142,-9.749652,-3.3703427,-16.297066,-49.81304,-51.814156,-48.17834,-37.21176,-26.91117,-25.37186,-28.564436,-27.725107,-22.794933,-21.0916,-24.457275,-26.216265,-26.149202,-24.030205,-21.790585,-21.18532,-22.848991,-23.313572,-24.131346,-26.50719,-28.319897,-29.155045,-29.466452,-31.172853,-33.831627,-34.8107,-35.906574,-35.8327,-37.93724,-39.913223,-42.0883,-44.32065,-45.10781,-44.52554,-45.139763,-45.014847,-43.954727,-43.583572,-43.954605,-44.772797,-44.27537,-44.523735,-43.812912,-42.944305,-41.369488,-41.547337,-43.364826,-42.400394,-40.96754,-40.347404,-39.37615,-39.13166,-40.173435,-41.22253,-40.761375,-39.529434,-39.17832,-38.93999,-38.58086,-40.435696,-41.31806,-39.318344,-39.43846,-41.25263,-40.39813,-40.547558,-41.63837,-42.567116,-43.877296,-43.40736,-44.706696,-45.803825,-45.53668,-46.360462,-45.90322,-47.053883,-46.279926,-46.14906,-46.703182,-46.678818,-46.3109,-45.54096,-46.143116,-46.80325,-48.05005,-49.59371,-49.87691,-50.099533,-49.616875,-49.18992,-48.884052,-48.381912,-47.364082,-47.281418,-46.265842,-44.751274,-43.48553,-42.00969,-41.152344,-41.83724,-43.292854,-43.10916,-43.0211,-43.427715,-45.137787,-47.92141,-50.587944,-53.573982,-55.643402,-56.46405,-57.924015,-58.709206,-58.561283,-58.2527,-57.268833,-56.702744,-56.159286,-54.924805,-53.62661,-52.943424,-53.72847,-54.082214,-54.811905,-54.897297,-59.122906,-78.21624,-79.41653,-79.41833,1
-197.94986,60.35726,-30.213919,25.675005,-17.649206,-5.2064047,-18.24642,5.2949457,-20.10303,1.2067875,-14.509179,-1.4895173,-6.2952957,-47.002205,-50.96917,-53.748783,-53.631783,-52.76304,-48.22794,-42.948273,-36.863716,-31.517195,-28.990385,-31.258247,-37.091515,-41.383354,-44.914703,-45.454113,-44.183933,-42.397507,-39.67966,-35.022396,-33.530144,-35.291767,-37.329098,-38.96309,-41.314713,-42.93056,-42.451794,-42.15764,-42.718567,-43.484886,-43.382607,-43.08087,-42.72468,-42.27974,-42.03589,-42.760246,-44.058376,-44.662643,-44.07934,-44.27031,-43.680855,-43.617954,-43.516357,-44.788147,-45.04551,-44.729763,-45.599514,-46.253773,-46.831463,-45.81912,-45.22689,-44.981613,-46.932804,-48.95757,-47.117596,-45.826527,-46.41818,-45.755714,-45.5285,-45.449398,-46.460953,-45.383938,-45.262962,-45.27933,-45.196266,-44.376453,-44.39316,-45.280457,-45.46168,-43.701885,-42.812347,-42.837723,-43.095314,-43.95584,-42.536144,-42.335922,-43.64309,-45.290085,-45.245975,-44.237617,-44.86578,-46.176334,-46.17398,-43.903954,-43.423794,-45.10628,-45.114956,-42.549046,-43.109634,-45.890896,-46.218014,-46.749104,-50.74022,-51.86039,-52.20397,-52.79867,-53.29626,-53.45634,-53.334118,-52.836617,-51.94179,-52.111324,-51.373943,-50.284344,-50.158134,-49.38305,-49.88574,-52.49762,-53.735905,-54.80057,-54.801712,-54.76532,-54.455154,-55.329636,-55.561085,-55.577938,-55.596348,-55.09884,-56.133957,-58.596348,-61.16681,-62.185146,-60.342556,-58.151814,-57.90589,-62.27694,-79.472786,-79.6247,-79.61919,1
-191.03624,92.08802,11.805092,31.048634,-7.778576,5.276837,-13.576991,-4.572054,-4.190471,-11.381652,-18.202106,9.560785,-12.834636,-29.122583,-43.269802,-43.7153,-42.57539,-38.1929,-32.273804,-28.434153,-27.588898,-28.662989,-28.851582,-28.916948,-26.957264,-27.709646,-30.164803,-32.47321,-32.833035,-32.787243,-32.463444,-33.67923,-34.674503,-35.428516,-36.307476,-37.869453,-37.40536,-38.46753,-40.01627,-40.889114,-40.233795,-40.99767,-43.4852,-45.253304,-44.338943,-44.016914,-43.308846,-43.296707,-43.12461,-43.581676,-43.38753,-45.61215,-47.90745,-46.58542,-45.930435,-45.851715,-46.397877,-46.16438,-46.42755,-45.771,-46.189083,-46.205544,-47.980076,-50.45932,-51.019604,-50.573254,-49.38836,-49.946003,-50.80851,-51.49015,-50.08631,-49.138474,-49.73576,-50.51623,-50.44081,-49.380413,-49.887054,-49.848053,-46.905144,-45.015923,-46.632214,-46.715588,-45.09611,-45.887836,-47.527164,-47.820293,-48.997314,-51.44569,-52.30447,-53.015312,-53.83715,-55.643223,-56.025715,-56.00407,-55.34899,-54.456882,-53.416084,-52.320488,-51.308197,-48.904747,-48.725555,-49.34219,-50.445126,-51.51994,-50.993645,-50.39348,-51.019077,-51.004997,-50.795444,-50.534622,-50.777084,-50.53322,-51.469997,-51.576015,-51.46323,-51.016438,-53.30116,-55.292137,-57.770626,-58.049232,-57.38456,-58.644695,-59.749336,-61.497105,-60.45709,-60.8667,-60.6133,-58.9783,-57.66061,-57.09594,-57.378883,-55.7297,-55.66489,-56.160683,-55.37545,-53.74969,-55.728554,-60.315666,-77.27461,-79.71211,-79.75002,1
-113.263016,73.900826,-24.330864,33.49633,-13.994501,0.18168496,-23.310581,-14.717135,-21.334435,-9.293483,-25.871788,-1.5158229,-25.252764,-59.822323,-56.809315,-50.542553,-39.584404,-27.092587,-22.024488,-24.04838,-27.585093,-27.911648,-24.692291,-23.449081,-23.092178,-21.360165,-21.047295,-23.842022,-27.107307,-29.414846,-28.89849,-26.915096,-25.905615,-27.823984,-29.783573,-32.24734,-32.874664,-32.489883,-33.61685,-34.60874,-34.7478,-35.35655,-36.70168,-38.942566,-40.493664,-39.94233,-38.394524,-38.346607,-37.558117,-36.72327,-37.553326,-37.815605,-37.80637,-38.57459,-39.78482,-38.939137,-36.909847,-35.608383,-36.95392,-39.355198,-40.278187,-39.77571,-38.357075,-37.17167,-37.95964,-40.111942,-40.184166,-38.415176,-36.01324,-35.748734,-37.074562,-37.219902,-36.46766,-35.37291,-33.960903,-35.306747,-36.303562,-36.44213,-36.07579,-38.3654,-37.80853,-37.11833,-37.655098,-39.58297,-39.98927,-38.919952,-39.620094,-40.722218,-39.602077,-39.451283,-39.36336,-37.39032,-36.61645,-35.843575,-34.87001,-35.916027,-38.722054,-39.065403,-40.337967,-42.113464,-43.42118,-43.623913,-43.70427,-43.058884,-42.051353,-40.959984,-39.632736,-38.884956,-38.450466,-37.489338,-36.847343,-37.23736,-39.191433,-42.291485,-45.037678,-47.724136,-48.707684,-49.72215,-50.590965,-51.77553,-52.179245,-52.793888,-51.718235,-51.137226,-50.32364,-50.172703,-49.019352,-49.7137,-50.896008,-50.2698,-48.965935,-48.706814,-48.087223,-48.02699,-49.159245,-49.64358,-50.13103,-55.70211,-78.60616,-79.55154,-79.55244,1
-182.8487,66.96446,-16.625301,29.449295,-11.018196,3.5119107,-33.03137,-11.909756,-24.776512,-13.685466,-13.853099,-9.743978,-0.38386562,-64.93433,-62.198616,-58.383278,-53.694046,-48.876457,-40.545597,-32.02343,-31.008907,-35.183544,-37.231968,-38.871582,-39.68324,-38.01403,-33.766457,-32.534878,-34.379353,-37.066406,-37.82568,-37.096123,-35.911182,-35.34712,-35.275955,-38.044933,-42.70496,-45.558674,-47.74343,-47.60575,-47.3509,-46.59667,-47.031555,-49.01803,-50.056904,-51.835453,-51.74656,-52.069313,-51.705624,-50.98222,-50.322834,-50.65049,-50.34895,-49.818504,-48.903893,-48.969707,-49.090336,-49.4682,-51.192524,-49.09944,-47.14426,-48.3353,-48.560978,-49.315453,-50.097866,-49.113163,-48.83738,-48.786804,-48.311893,-49.100056,-47.89582,-46.815247,-46.725918,-47.212273,-47.624706,-48.98112,-49.47533,-47.322643,-47.106525,-46.38365,-46.976387,-46.998158,-46.705914,-47.97005,-47.382896,-47.511192,-49.918972,-50.804585,-49.814636,-49.93085,-52.87606,-54.03123,-53.697178,-52.6252,-50.096874,-51.315872,-51.698624,-51.156986,-50.541203,-48.89224,-49.008865,-48.90586,-49.384148,-52.014362,-53.962276,-54.788948,-56.257786,-57.041035,-56.89767,-57.03013,-55.72428,-55.452084,-54.62322,-53.190243,-51.46887,-50.039776,-49.000164,-49.144127,-49.595043,-51.346554,-52.535473,-54.753216,-56.559948,-58.051704,-58.62832,-58.78067,-60.23216,-61.510036,-62.822544,-65.02392,-66.16808,-66.90444,-66.06813,-63.68606,-61.97721,-60.489456,-59.321342,-62.92892,-78.49963,-79.29753,-79.29735,1
-136.57893,105.61853,14.444332,24.745249,19.511736,5.193622,-10.110287,-11.966875,-13.382267,1.8080194,-8.704396,5.6546483,-9.241827,-37.69146,-34.720314,-24.69031,-13.283434,-13.979982,-22.33944,-20.904863,-16.07339,-15.257046,-19.532299,-24.372137,-26.689354,-24.440334,-23.480608,-22.831753,-23.616804,-24.387257,-21.636795,-21.677404,-24.598488,-25.792973,-26.164705,-27.137676,-28.76448,-31.532106,-33.54239,-34.356182,-34.739487,-35.527004,-36.95926,-40.02205,-39.974426,-39.207844,-39.96002,-40.932526,-40.840984,-40.463337,-40.36777,-40.53101,-40.441433,-40.424984,-40.053455,-39.265125,-38.848434,-39.745895,-39.71388,-37.846245,-38.57376,-39.612988,-39.139893,-38.66221,-38.708458,-38.174763,-37.550983,-37.29283,-37.206093,-36.669254,-36.768337,-36.58847,-37.000324,-38.260017,-38.56387,-39.26324,-39.98978,-40.96618,-41.410248,-40.92141,-42.11583,-43.26036,-43.662766,-43.34027,-44.388153,-44.252625,-43.574345,-42.613518,-43.044907,-43.27113,-42.46082,-41.997902,-42.82606,-44.10658,-46.36929,-47.20099,-48.67912,-50.028755,-48.315067,-48.425743,-48.349415,-46.92763,-46.358776,-47.05062,-48.44367,-49.00368,-49.12062,-48.418007,-46.80124,-46.19714,-45.97079,-47.970066,-50.596634,-53.57287,-54.762367,-54.764557,-54.881645,-55.25328,-54.45098,-54.940014,-54.705853,-54.60684,-53.36112,-49.651638,-47.863014,-46.55286,-46.543415,-48.02219,-48.61471,-50.56236,-53.073494,-53.592968,-53.07642,-51.98287,-51.827774,-52.80758,-53.772938,-54.973305,-54.2367,-56.640766,-65.077194,1
-333.66574,64.7058,15.888595,48.117947,-8.6097355,-2.2462509,-0.093197115,-6.5152745,-6.0304923,-3.3472793,-4.459947,-5.0455236,-3.6903527,-45.076992,-55.742054,-56.067104,-55.733685,-52.4677,-48.866257,-45.885136,-45.61866,-44.482376,-43.391445,-43.034405,-45.782047,-49.32636,-50.721012,-51.33131,-51.784615,-51.948227,-51.48623,-51.34244,-51.15402,-51.406536,-52.66224,-53.115906,-55.27064,-57.85797,-59.66913,-61.01694,-60.657234,-58.753555,-57.20824,-55.788605,-57.88262,-60.938538,-63.476772,-64.567215,-64.92814,-64.21396,-62.99975,-63.482067,-63.87681,-64.14503,-64.8821,-65.04959,-64.90552,-64.5131,-65.91767,-66.72838,-67.02891,-66.16676,-67.00212,-66.516914,-65.53408,-67.240776,-67.50667,-66.95194,-66.62286,-66.86328,-66.94285,-66.62852,-66.40005,-66.23128,-66.59441,-66.03378,-66.339905,-67.01412,-66.63565,-65.94884,-65.432655,-64.26057,-63.99366,-64.7815,-64.15854,-63.598316,-63.253056,-64.283394,-64.09355,-62.907497,-62.508762,-63.03221,-61.77412,-61.954494,-61.543133,-60.15246,-59.30365,-59.269764,-58.363243,-58.42429,-57.87556,-59.525517,-61.223244,-62.219532,-63.481747,-64.52602,-65.47509,-65.67175,-65.3028,-64.95308,-64.55304,-63.70859,-63.398552,-63.016045,-61.896454,-62.9056,-65.29315,-67.82434,-68.99582,-69.607506,-69.666504,-70.78035,-72.469696,-73.711716,-73.5608,-73.29987,-73.13372,-72.8889,-73.31021,-73.718216,-72.63367,-72.35708,-71.873055,-70.82794,-69.79195,-70.69536,-73.02398,-75.21322,-79.438416,-79.93773,-79.93845,1
-224.00456,150.04482,-9.519883,37.718098,-38.58257,-3.4280567,-6.385394,-18.206264,-16.19452,-17.231842,-3.3359182,-9.626406,-4.5275474,-59.044567,-54.44421,-47.508347,-40.45571,-30.266352,-24.521275,-24.366701,-30.320179,-35.389683,-36.47045,-30.04055,-26.388065,-28.088234,-30.493446,-29.95116,-28.293379,-26.90092,-28.418905,-30.50128,-32.12557,-31.653353,-30.091501,-29.056114,-30.499956,-35.070873,-37.64381,-39.406563,-38.6447,-38.723988,-39.234066,-40.512333,-41.506447,-42.09746,-41.781033,-42.348663,-43.056187,-44.587082,-44.404686,-44.59993,-44.246094,-41.768063,-41.0357,-42.16013,-43.97947,-44.825283,-45.069603,-45.24995,-47.160275,-48.20304,-49.846916,-49.72494,-49.942085,-49.637287,-51.171314,-53.689724,-53.765118,-53.81474,-52.312836,-52.954163,-53.303307,-53.728886,-54.706898,-56.833267,-58.850803,-57.175724,-56.855984,-58.89231,-58.324406,-57.311886,-55.391228,-56.516293,-56.247246,-55.62424,-55.4139,-56.896328,-56.807224,-53.761803,-54.80094,-53.693863,-52.97016,-54.813812,-51.5385,-51.630466,-49.421177,-50.302284,-51.695297,-54.30205,-56.8568,-60.366386,-61.909267,-58.82372,-55.754623,-56.13929,-55.485256,-55.57416,-56.651012,-57.65716,-55.14014,-53.98445,-54.184723,-55.324963,-60.4645,-63.368084,-68.31307,-69.39431,-68.432556,-68.69079,-68.64684,-70.10381,-69.73939,-68.785446,-70.01149,-70.75759,-74.11181,-79.4281,-79.43425,-79.44213,-79.44872,-79.45435,-79.45517,-79.46119,-79.46579,-79.46851,-79.473015,-79.47793,-79.478966,-79.47427,-79.47484,1
-232.27122,92.56099,-45.51181,18.763702,-19.758148,12.537678,-25.426163,-11.707711,-11.966392,-13.741534,-7.9388504,-10.574917,-0.5927955,-60.627117,-59.82044,-57.71048,-54.453415,-51.425648,-45.504482,-37.78017,-29.931952,-27.073618,-31.33004,-37.164303,-42.403526,-43.51555,-43.52492,-42.2847,-39.39454,-36.423134,-36.870464,-38.53726,-37.311348,-38.350697,-40.86585,-41.568962,-40.70969,-40.60575,-40.392357,-41.150066,-43.194664,-44.650078,-45.24311,-45.944378,-47.219822,-46.67726,-45.8667,-44.9581,-44.29196,-45.458775,-46.31563,-44.961773,-42.704483,-42.63176,-43.289253,-43.581894,-43.542355,-44.260307,-44.82663,-43.93231,-43.29046,-41.766647,-42.01033,-43.458244,-42.645714,-43.37245,-43.978275,-44.97706,-44.301155,-43.560394,-42.28391,-43.4088,-44.439777,-44.75506,-44.17625,-43.157997,-43.32971,-44.416664,-45.470013,-46.8797,-45.752754,-44.121174,-45.323,-48.331936,-50.183372,-47.744957,-48.261078,-51.57923,-53.021152,-51.44714,-50.533306,-52.768723,-54.49266,-51.76633,-50.279964,-52.563934,-52.50213,-52.279438,-53.884872,-53.16432,-51.863102,-50.977757,-51.05397,-51.588123,-52.51042,-52.873875,-55.323498,-55.097744,-56.41449,-56.38729,-55.573776,-54.54151,-52.809654,-53.08739,-52.391872,-53.1327,-54.001366,-54.574116,-56.06506,-57.644344,-57.819492,-59.098846,-59.929787,-60.256912,-62.003696,-63.511497,-67.41212,-70.02733,-71.947174,-73.97764,-73.91527,-74.425766,-73.70076,-71.25098,-70.04288,-69.604965,-68.29747,-70.51753,-79.24122,-79.35272,-79.35396,1
-199.83977,87.85092,15.56515,40.563007,-2.17692,7.374828,-1.1494672,7.6249623,-16.049932,6.105225,-11.623221,7.8166075,-18.081184,-30.606182,-41.434628,-38.384052,-33.61266,-27.823454,-23.645838,-26.412329,-31.717613,-34.78809,-31.582117,-28.85091,-29.861952,-32.619556,-33.171906,-34.175304,-36.908947,-37.52901,-37.772804,-37.400944,-38.038948,-39.13766,-40.42976,-42.272297,-42.732086,-42.486828,-42.294804,-42.19756,-43.68393,-44.638885,-44.973038,-46.084484,-46.46623,-45.65983,-44.504402,-45.192913,-48.033928,-48.669155,-48.398262,-48.34395,-47.475224,-47.168003,-48.047615,-49.3506,-48.91318,-49.436684,-50.01547,-49.24694,-47.535122,-47.82176,-50.40743,-52.10235,-49.62962,-49.327427,-50.38689,-52.164482,-53.448315,-51.954304,-51.67079,-51.769802,-52.652214,-52.76905,-51.729095,-52.37948,-52.97656,-52.786137,-52.621708,-53.476192,-52.948616,-52.347294,-52.094795,-52.084297,-51.476917,-51.07448,-50.477432,-49.82888,-49.608395,-49.371193,-49.048847,-47.98437,-48.50168,-47.360817,-46.99149,-48.038418,-50.078224,-51.918552,-53.1564,-53.87933,-53.55859,-54.015724,-54.721146,-53.253204,-53.09148,-52.72293,-51.53733,-51.043854,-51.194614,-50.405243,-50.56954,-51.83147,-54.618053,-56.887875,-59.052757,-59.95122,-60.207222,-60.058655,-60.003376,-58.274055,-56.857323,-57.75509,-59.082417,-58.01886,-56.04684,-54.43227,-53.85851,-53.706985,-55.300022,-56.857704,-57.58294,-57.35935,-57.918076,-57.396122,-57.91166,-60.162674,-62.740986,-65.802086,-78.97233,-79.43562,-79.43575,1
-177.91896,84.507866,-33.79753,33.238914,-10.2525,1.5260419,-32.152317,-10.510459,-18.195751,-15.290166,-14.108259,-9.369094,-4.2449875,-59.6602,-56.73601,-54.81027,-51.599236,-46.750618,-39.12839,-30.611525,-22.489397,-21.222103,-25.963633,-32.664246,-37.33363,-37.54655,-36.70385,-35.65143,-32.488426,-29.857712,-29.19232,-29.953573,-30.280495,-32.5471,-35.74878,-38.27697,-39.492138,-39.5889,-39.669094,-41.463585,-42.768887,-43.87284,-42.557045,-41.64983,-43.44905,-44.936363,-44.976288,-44.183567,-45.809036,-46.63086,-45.689022,-44.18359,-44.655815,-45.13571,-44.80804,-44.83415,-44.398075,-45.325584,-46.400784,-44.886658,-42.873203,-42.498234,-42.544262,-43.280117,-44.147614,-44.180935,-44.981346,-44.241776,-43.233055,-42.6055,-41.28147,-41.458958,-43.786407,-42.935974,-41.22363,-41.20558,-40.26703,-41.344948,-42.191723,-41.109917,-40.001015,-40.571217,-41.154232,-39.798283,-39.79663,-41.570007,-43.89025,-44.81385,-44.863792,-45.595333,-47.365814,-47.75712,-48.59098,-48.81383,-48.39586,-47.97738,-47.54194,-47.698486,-49.139927,-46.03602,-45.806084,-46.74403,-45.432262,-46.51178,-49.73341,-51.112522,-51.494938,-53.54253,-52.304367,-53.798367,-53.745834,-53.490555,-51.82209,-51.416943,-50.484272,-50.356483,-48.725315,-49.576725,-49.776688,-51.540447,-52.38506,-54.205097,-56.1266,-57.513985,-58.51308,-59.943577,-61.279068,-62.905,-65.40709,-67.124344,-68.28283,-67.93886,-66.53417,-62.816425,-60.89355,-60.896767,-59.814323,-62.443356,-79.145645,-79.67675,-79.676445,1
-222.48499,69.54662,-30.544985,37.608414,-24.006264,7.9960065,-20.69736,-23.099312,-20.10755,-18.67636,-12.79931,-14.708513,0.8343959,-63.47375,-62.470203,-60.00914,-56.881153,-53.6326,-45.59303,-35.715252,-30.500624,-31.042215,-34.960472,-37.30623,-40.15329,-39.006435,-37.914722,-36.093315,-33.690296,-34.81239,-37.048187,-37.74188,-38.004326,-39.075138,-40.294907,-40.346214,-40.966167,-43.80211,-45.51422,-47.212116,-49.766987,-50.849586,-50.49776,-49.93344,-49.022884,-49.84227,-51.740566,-51.795223,-52.40758,-51.684574,-50.212616,-45.748203,-43.49146,-44.6502,-47.374317,-50.697777,-50.092297,-48.902546,-47.997467,-46.618378,-46.199574,-45.647156,-47.519028,-48.01356,-48.12817,-48.052998,-47.62329,-47.04361,-47.77187,-47.69803,-47.61575,-46.687054,-45.986385,-47.876884,-50.327763,-48.457413,-46.647774,-47.214752,-49.138718,-51.899487,-49.06733,-46.07668,-46.6487,-50.198994,-51.64023,-50.206486,-48.985363,-50.408875,-51.827896,-51.63726,-51.008633,-51.95579,-51.95849,-50.647667,-49.078053,-46.755455,-47.208958,-48.15237,-47.168118,-45.648636,-44.377506,-43.74485,-44.912533,-47.12301,-48.904118,-51.524918,-52.13408,-53.43949,-54.09186,-53.5689,-53.233448,-52.39546,-50.231495,-50.350487,-49.26517,-48.52606,-48.575054,-49.785484,-51.087543,-52.702503,-55.751472,-59.023544,-61.510284,-63.14611,-65.18428,-66.349594,-66.761566,-67.46294,-69.01517,-70.050385,-70.439285,-70.67509,-69.03325,-66.710724,-64.78044,-63.409077,-62.5173,-66.292305,-78.96487,-79.41873,-79.41808,1
-231.89659,135.11752,-27.154264,32.34526,-25.201452,0.5401473,-5.8329644,-30.843966,-1.2266519,-9.509088,-7.8051496,-4.9001493,-7.553931,-61.093716,-56.886356,-51.89361,-44.613598,-37.267952,-34.303528,-34.864613,-35.387394,-37.815968,-39.22475,-37.41814,-36.229374,-36.509556,-36.53034,-36.107048,-35.566357,-35.748928,-36.41143,-37.35321,-38.688854,-37.976162,-36.3599,-36.927704,-39.268612,-41.16948,-42.016785,-41.073982,-40.935505,-42.332355,-44.304996,-47.031574,-47.550278,-48.249863,-45.790432,-44.345833,-46.740707,-49.199856,-48.612217,-48.950863,-48.602642,-48.78913,-48.354576,-47.478992,-48.83123,-50.195545,-51.870754,-50.403957,-47.916634,-46.621746,-48.14227,-48.97219,-49.627434,-49.55086,-49.82762,-50.213802,-52.632164,-52.76199,-50.94862,-50.441154,-49.3491,-50.008312,-51.432915,-52.02969,-52.72661,-55.64885,-54.973633,-53.51198,-55.10083,-57.530643,-58.923874,-58.174774,-57.936615,-58.879707,-59.874744,-58.73793,-59.278732,-58.38306,-57.33914,-60.26971,-58.56996,-58.295097,-55.998566,-55.349503,-55.51516,-55.058235,-53.40453,-53.34003,-53.639313,-56.39218,-58.650646,-59.36788,-58.907196,-57.23667,-58.493977,-58.430363,-54.2268,-54.634365,-57.009388,-57.352585,-55.347816,-57.811836,-61.71729,-68.171646,-75.44607,-75.59109,-74.85788,-74.77253,-74.665245,-74.63581,-75.53205,-76.4856,-76.62471,-75.8188,-77.15085,-79.74612,-79.75014,-79.75383,-79.758255,-79.76189,-79.76667,-79.76921,-79.77234,-79.775925,-79.77785,-79.78024,-79.78037,-79.78102,-79.78022,1
-162.31035,146.19127,-23.791798,7.333938,-25.178553,4.2173514,-6.7527723,-6.4925747,-10.916691,-5.2994924,-5.057292,-5.662711,0.25748408,-28.356287,-39.89923,-43.911102,-44.90086,-41.789803,-29.821762,-23.885921,-27.739536,-32.88593,-34.700775,-33.429276,-29.432486,-25.2903,-24.512096,-26.389399,-29.10581,-31.940603,-31.054195,-28.483301,-26.658934,-27.683376,-30.190756,-29.898228,-31.325329,-32.464146,-31.768469,-32.258785,-33.37065,-33.86577,-32.25174,-31.89825,-33.555286,-32.58587,-32.64305,-34.21982,-34.189846,-34.35758,-34.16874,-33.525944,-33.480576,-34.371563,-35.38167,-35.230434,-35.225513,-36.008724,-36.148396,-35.0578,-36.529434,-38.126232,-38.87992,-39.38229,-38.257664,-38.356804,-40.62968,-42.236313,-42.042625,-41.975895,-42.814713,-45.046444,-44.911713,-43.44256,-43.062405,-45.106804,-46.71362,-46.577946,-46.870567,-49.20271,-48.71515,-49.23652,-49.71793,-50.905308,-48.225662,-48.69406,-50.855225,-51.20748,-51.10293,-51.947605,-51.3776,-49.510166,-48.762814,-48.739986,-50.04869,-53.054867,-52.21028,-53.230236,-52.6284,-53.843044,-53.97062,-52.10971,-50.902645,-52.852238,-52.54328,-52.442734,-53.63047,-56.50371,-56.57151,-55.82907,-57.321423,-60.773182,-60.99387,-58.52401,-57.013233,-58.254803,-55.667877,-57.116703,-60.76755,-60.21527,-62.13911,-63.28153,-63.221554,-64.58124,-63.985397,-64.395645,-64.164764,-64.58552,-66.94826,-67.9454,-70.3552,-72.43929,-73.420044,-74.05931,-73.436104,-73.25929,-71.967705,-70.424065,-69.526245,-70.55284,-75.12786,1
-174.9806,95.61653,-27.46871,38.200413,-17.271273,8.550996,-29.851625,-11.682102,-21.58364,-14.324303,-10.511029,-15.030493,-2.0288599,-58.22555,-56.977932,-53.04843,-47.790623,-42.80353,-33.84538,-24.586218,-23.24212,-25.240366,-28.485453,-31.590736,-33.199226,-31.581057,-28.77969,-29.37802,-31.732073,-33.390545,-32.138496,-31.325577,-30.990803,-30.837929,-32.521366,-36.48902,-40.44792,-41.37177,-40.299618,-38.690956,-37.998753,-39.686417,-42.89025,-44.82637,-45.697983,-45.136814,-44.93486,-45.76706,-45.367836,-44.93205,-45.71515,-46.1942,-45.049816,-44.938847,-44.434853,-43.91947,-42.691135,-42.656765,-44.14846,-44.46436,-45.03465,-44.918613,-44.970867,-43.800735,-43.54616,-43.574783,-43.69182,-43.362156,-43.6185,-44.361526,-44.11577,-43.732624,-42.25734,-41.72346,-43.629467,-45.83687,-45.184364,-43.49269,-43.066654,-44.773094,-44.64571,-44.550827,-44.149624,-44.767082,-44.828266,-45.642147,-46.95684,-46.353886,-46.969543,-47.324738,-47.063232,-48.475388,-50.36162,-48.52602,-47.36128,-47.213234,-47.727924,-47.417576,-46.99781,-47.146988,-46.217133,-46.864132,-47.628334,-49.248302,-49.98167,-52.59732,-53.02097,-53.622005,-54.34331,-53.446396,-52.74976,-51.932354,-50.7652,-49.623306,-49.415565,-49.023243,-49.201824,-50.173832,-51.117603,-52.24044,-51.779613,-53.138767,-54.282417,-57.518475,-60.20147,-62.393127,-63.351955,-64.35584,-66.69525,-68.468285,-70.374405,-71.6736,-71.20173,-68.70863,-66.89749,-65.11776,-63.5601,-66.79717,-79.17531,-79.66159,-79.67232,1
-174.96735,105.24082,4.632283,30.339617,-8.716075,11.410057,-1.3588935,4.6693287,-8.27049,1.767352,-14.374346,1.7194148,-13.843696,-28.792576,-40.09308,-36.30905,-23.007679,-17.36378,-23.337755,-30.355093,-27.984013,-22.04473,-19.279594,-23.152657,-28.47319,-29.848457,-28.181982,-27.849335,-30.11094,-31.356054,-30.925737,-33.047104,-34.056236,-34.214775,-33.36564,-33.817272,-35.889294,-36.002697,-36.491776,-35.98597,-36.957294,-37.655052,-36.961853,-36.989616,-37.416634,-38.319107,-38.20385,-36.502914,-36.15505,-38.271255,-38.966366,-38.553707,-37.88591,-37.492237,-39.401615,-41.1024,-39.857033,-38.94428,-40.00865,-41.422832,-42.20581,-41.12157,-42.053722,-43.434986,-44.89369,-43.753323,-44.30673,-46.613167,-45.84534,-43.719475,-44.50624,-45.06121,-43.037823,-43.180897,-44.586246,-44.532753,-43.42159,-44.562397,-45.425583,-45.857666,-46.915936,-47.318615,-47.925556,-49.73446,-48.553886,-49.00248,-47.749535,-47.555466,-46.403316,-45.944218,-44.998222,-45.40766,-44.99049,-45.313244,-45.726784,-45.8341,-46.182182,-46.77473,-47.991573,-49.887375,-50.168293,-50.171772,-48.91816,-48.03834,-47.063194,-47.959408,-48.064228,-47.89885,-48.042786,-48.90769,-48.8045,-49.060486,-50.31317,-51.659527,-52.711914,-51.891697,-51.099216,-51.458527,-52.04377,-52.668312,-54.279854,-57.235844,-59.728382,-60.360252,-58.713528,-57.814716,-55.872772,-53.52296,-53.950554,-54.517185,-55.360477,-53.401264,-52.205902,-53.61014,-54.349373,-56.346283,-57.26922,-60.040535,-78.12041,-79.41201,-79.41383,1
-110.46331,132.46927,-3.2671192,25.930704,12.420448,-0.99614173,-0.29240555,-14.068412,-12.412964,6.0984054,-10.056013,11.216872,-13.091763,-34.60906,-32.912148,-16.866001,-7.5626044,-15.036149,-22.614017,-14.372236,-7.982329,-14.099465,-21.03664,-21.026333,-20.694412,-22.440172,-21.983631,-18.452044,-17.70317,-20.413752,-22.295782,-21.398129,-20.365133,-21.44022,-22.995853,-22.06589,-21.609646,-24.235456,-27.084972,-28.253023,-28.65029,-29.95423,-33.006027,-32.99656,-32.151398,-33.4084,-34.580597,-35.675987,-34.10649,-33.16171,-34.157223,-34.85855,-35.207924,-34.2814,-33.63964,-34.167423,-34.16884,-33.798286,-33.608124,-33.416965,-33.445087,-33.239132,-33.863724,-33.6268,-32.439583,-32.18639,-33.28216,-33.326996,-33.581856,-32.826424,-33.193687,-34.041286,-35.117714,-35.95171,-36.30366,-36.198544,-37.260647,-38.148933,-38.766396,-39.301136,-38.921986,-39.49801,-40.148235,-40.85832,-40.423244,-40.491814,-40.142605,-39.3484,-39.24774,-39.32532,-39.14342,-39.22637,-39.904644,-41.183804,-41.908905,-42.412296,-43.252804,-43.716232,-44.382366,-44.83855,-44.77058,-44.73207,-44.45295,-44.536076,-44.318665,-44.65936,-44.361263,-44.713894,-45.600647,-45.640697,-46.819565,-49.009037,-50.412052,-53.8989,-56.47008,-57.64003,-59.215218,-62.055077,-62.019035,-61.45804,-57.4893,-55.075493,-55.281742,-54.40809,-52.21804,-49.498463,-48.550037,-49.136467,-50.443245,-52.16322,-53.618614,-55.550705,-55.620907,-54.380955,-54.645683,-56.230385,-56.78063,-56.698776,-56.54315,-59.64979,-69.68811,1
-199.03374,68.51568,-10.864115,83.137215,-10.16248,-26.198225,9.664777,-28.221046,-25.218481,-14.290475,-32.46252,10.125195,-11.885207,-59.40273,-55.870758,-52.80866,-44.872097,-34.67519,-29.88788,-32.924355,-36.12298,-36.893353,-35.704723,-32.70619,-30.654884,-29.877182,-31.243574,-32.22081,-30.679394,-30.474632,-29.558123,-31.458721,-35.693523,-37.66621,-39.76923,-41.652374,-44.054195,-46.21504,-48.86256,-51.305622,-53.714664,-56.123104,-57.115723,-55.973576,-54.4711,-53.53103,-53.372856,-54.358955,-55.468227,-55.279713,-54.31838,-53.77562,-54.00436,-54.256306,-53.566315,-53.72772,-53.530533,-54.66099,-55.189632,-55.596653,-55.32481,-55.204037,-56.129555,-55.59495,-56.097523,-57.059353,-57.991753,-58.80837,-58.889927,-56.7239,-56.155087,-58.25182,-57.14564,-57.151276,-56.410587,-54.8495,-54.83967,-53.0298,-51.474262,-49.85417,-48.093967,-47.592182,-46.05389,-45.511677,-45.0185,-45.632248,-46.380627,-46.69285,-46.35684,-45.189476,-45.36308,-43.866734,-41.33312,-40.86229,-39.2754,-39.156364,-39.818844,-40.569546,-41.259995,-42.32927,-43.09705,-41.535755,-40.18026,-38.40598,-37.226498,-37.354534,-38.001057,-39.824654,-43.562668,-48.535908,-53.851337,-58.258343,-62.293606,-64.54079,-65.88706,-66.6099,-66.631996,-66.55773,-67.03121,-67.26306,-66.98184,-66.125534,-65.67255,-65.42087,-64.34025,-64.090614,-63.776016,-63.54595,-63.736935,-63.991135,-64.42953,-63.92958,-64.02519,-64.891396,-66.13547,-67.64459,-68.71349,-69.73828,-69.67283,-71.3868,-76.393524,1
-153.19568,74.97917,-18.675442,34.917435,-21.376951,-7.080194,-18.552961,-7.8179417,-20.201126,-3.2251573,-15.139104,-7.5337048,-7.3085985,-42.72952,-47.686558,-51.736683,-53.112522,-49.653656,-45.21923,-37.17497,-29.155777,-23.572048,-22.622839,-25.277195,-30.609743,-35.124805,-36.580715,-34.6993,-32.99405,-32.23037,-32.175503,-31.318869,-30.89984,-33.87848,-35.978153,-34.642727,-34.778538,-36.339413,-37.05558,-37.00917,-37.493164,-39.18807,-41.08633,-42.457073,-41.459625,-40.66304,-40.09933,-42.060673,-43.655903,-44.90706,-43.685772,-41.61032,-41.616478,-41.973606,-43.27265,-44.783394,-44.933235,-45.164013,-44.600338,-43.98858,-43.90192,-45.94427,-47.190544,-47.92144,-47.160503,-45.647358,-44.021244,-42.45282,-43.065975,-44.98395,-46.75296,-47.145687,-44.669373,-43.432877,-43.460773,-43.15369,-44.260357,-45.48022,-46.737465,-45.35513,-44.729393,-43.451233,-43.97872,-46.524815,-45.802128,-44.155052,-42.536583,-42.51131,-43.34218,-43.41864,-43.64931,-43.65653,-43.389187,-44.10459,-44.5836,-44.407677,-42.94678,-42.62157,-43.1795,-43.172497,-40.94023,-41.260475,-41.33946,-41.692013,-44.755085,-48.439022,-49.930244,-51.010273,-51.72592,-51.408337,-51.92578,-51.073498,-51.293167,-50.09747,-50.14382,-49.260956,-47.175137,-45.900196,-46.63818,-50.053024,-52.677475,-54.85027,-57.008797,-57.09133,-56.36776,-56.914295,-58.10643,-59.66447,-58.336155,-58.099503,-58.571415,-60.069206,-58.72066,-56.074413,-55.537098,-55.714798,-54.850353,-60.11407,-78.299484,-79.460175,-79.462166,1
-200.08537,85.00946,19.1551,46.6859,6.2528358,-0.64863336,-14.831812,-8.59189,-23.765627,3.3973436,-9.811671,-3.9483685,-3.398757,-30.85192,-45.460125,-47.174812,-44.996128,-43.104015,-38.209568,-28.108286,-22.256279,-26.397064,-34.485332,-37.9601,-38.640938,-37.81061,-35.19234,-31.246943,-28.309958,-29.748447,-33.797268,-38.054794,-39.70878,-40.625565,-39.64847,-37.488274,-39.291615,-41.37436,-44.952003,-49.33476,-53.850334,-53.569324,-51.85166,-50.015602,-49.932987,-51.24195,-52.278126,-55.52736,-57.32064,-57.10808,-55.654007,-54.171585,-53.638508,-54.686096,-55.544575,-56.591705,-56.49502,-56.960667,-56.189037,-55.463657,-55.424755,-55.80119,-54.323235,-53.23642,-54.072617,-55.058556,-54.707005,-54.349384,-53.455006,-52.235344,-52.571896,-52.29978,-52.249348,-53.70728,-53.595898,-54.515373,-55.054024,-55.860874,-54.811142,-54.41113,-55.007534,-55.29181,-55.397808,-55.30326,-55.500645,-54.04477,-53.44744,-53.34476,-51.240986,-51.391792,-53.509594,-53.27504,-52.490738,-55.102615,-54.1893,-51.0633,-52.252285,-52.499565,-50.389946,-51.271908,-51.49846,-51.25859,-53.856213,-55.420147,-57.055145,-59.81194,-60.357655,-61.836628,-62.130142,-61.87751,-61.542202,-60.987747,-59.451675,-58.278206,-56.980892,-55.914505,-55.77584,-57.96288,-60.045914,-60.567486,-59.674202,-60.318684,-60.33188,-60.404743,-60.892746,-60.71143,-62.27963,-63.008907,-63.703793,-63.488216,-62.647366,-59.06033,-58.433594,-59.680912,-60.753212,-60.94161,-61.798214,-65.85459,-79.53883,-79.700836,-79.70605,1
-212.04825,87.791664,8.302345,16.365215,-7.160471,1.2872784,-2.8829327,-6.5901875,-6.479775,9.099181,-6.7924657,6.128173,-8.757053,-48.158848,-44.493687,-38.072517,-29.063883,-29.503563,-35.017986,-35.154385,-31.866926,-32.06934,-35.679615,-38.649757,-38.101532,-38.817833,-39.215984,-38.34797,-35.998577,-37.218884,-37.804623,-36.957016,-36.96378,-36.933266,-36.272728,-35.61846,-36.278477,-38.53727,-39.51934,-39.87368,-40.082394,-40.72896,-42.328182,-42.581944,-42.74068,-43.61527,-44.902,-44.49349,-43.89263,-44.340477,-45.67391,-46.40753,-45.77182,-44.978878,-45.144264,-46.13817,-46.783657,-47.50062,-47.684917,-48.019474,-47.18113,-47.325943,-48.395164,-47.213516,-46.749153,-47.52904,-47.26154,-47.125217,-48.722717,-48.796486,-48.163143,-48.17694,-47.668964,-49.388054,-49.53809,-49.618927,-50.580593,-50.68219,-52.069412,-52.29465,-53.184174,-53.988705,-54.45275,-54.33747,-54.61655,-53.746002,-53.37128,-52.667248,-52.693974,-52.482124,-51.29233,-50.97122,-50.65208,-51.04498,-51.933308,-52.39403,-52.705227,-52.214973,-52.248627,-52.62132,-52.977654,-53.11043,-53.227444,-52.940704,-52.225273,-52.896946,-52.982986,-53.229485,-52.838093,-53.234478,-53.123127,-53.45602,-54.098885,-55.302814,-56.8921,-59.624214,-60.65579,-61.670094,-61.778297,-61.256706,-61.382042,-61.47178,-60.23398,-58.167038,-55.977398,-55.418705,-54.571438,-54.294407,-54.83429,-56.1328,-57.946037,-59.99248,-61.73246,-59.64869,-58.305656,-60.187065,-62.97143,-63.859238,-64.86875,-65.994705,-71.79507,1
-212.5727,90.988976,16.990007,35.24462,-15.005651,6.8955774,-7.998335,-8.072512,-9.526016,-3.7654138,-17.483088,5.4777913,-8.148988,-30.206802,-42.74895,-44.27934,-43.968,-38.811794,-33.03457,-28.667316,-25.991318,-26.53555,-30.578281,-32.82802,-33.872543,-33.72584,-32.518387,-30.83552,-30.304106,-30.76942,-31.485828,-32.902546,-35.459618,-37.5445,-37.970253,-37.186775,-39.987705,-43.757233,-44.28512,-42.815777,-38.84671,-37.534214,-41.06365,-45.360886,-47.418835,-47.728283,-47.009453,-46.05442,-44.874557,-45.192245,-45.57239,-45.767014,-46.917007,-48.23023,-49.232346,-47.920383,-47.71312,-47.48597,-47.66864,-47.103092,-47.846836,-49.88993,-50.740517,-49.638493,-51.349262,-52.22001,-51.74686,-51.236713,-51.8494,-53.841534,-53.418285,-51.37484,-50.710274,-52.601162,-52.849937,-52.94564,-52.756012,-52.364822,-52.2086,-51.303997,-50.96744,-50.7381,-50.935066,-52.213352,-51.928413,-53.40569,-55.060436,-54.825966,-54.710217,-53.531506,-56.040173,-55.206966,-53.790737,-54.31075,-54.96465,-53.069775,-52.314476,-52.377975,-50.31792,-47.875576,-46.32014,-46.341984,-47.552727,-49.68178,-50.588196,-51.344135,-53.528667,-53.83959,-53.56798,-52.86353,-52.07423,-51.76004,-52.011227,-51.327312,-51.68548,-52.544834,-54.809383,-57.474392,-58.824825,-58.494385,-57.59126,-57.783684,-59.233482,-61.08081,-61.32648,-61.240345,-60.512455,-59.348564,-58.606735,-58.861755,-59.241802,-57.977005,-59.088364,-58.509293,-56.677357,-56.16816,-59.2199,-63.371964,-78.739944,-79.5961,-79.59652,1
-134.11171,164.56044,-52.21436,1.0608089,-17.074757,1.3681203,-16.926233,-4.0480013,-6.656207,-0.013437309,-1.759202,-5.4915466,3.458237,-25.157812,-35.83897,-39.650764,-42.675938,-40.458244,-25.67134,-18.135586,-20.588398,-27.539253,-32.542637,-34.87867,-31.88097,-27.159935,-23.055468,-24.73924,-26.65605,-26.742573,-25.278154,-21.90743,-20.642117,-19.503164,-20.528574,-25.14716,-27.754354,-25.756798,-24.385563,-25.838255,-26.553305,-28.04061,-28.911757,-28.400991,-25.60729,-23.734268,-23.83679,-24.688179,-25.690983,-26.435085,-27.630241,-28.56461,-30.143074,-31.153566,-31.13132,-30.697575,-29.1504,-30.190763,-31.107513,-30.869497,-31.057507,-28.537603,-27.607536,-28.410513,-30.970613,-32.564995,-31.403164,-30.7646,-32.6753,-35.26409,-35.06883,-32.910378,-31.626972,-31.425377,-34.236885,-35.413536,-35.430447,-36.693497,-37.096405,-36.97045,-38.337234,-40.510094,-40.2746,-40.62135,-39.920815,-41.735382,-43.469547,-43.507164,-43.693325,-44.94357,-45.399426,-45.522297,-46.282574,-45.685852,-47.260822,-48.29459,-48.735546,-49.989204,-48.851696,-48.11764,-47.47316,-47.72191,-48.822365,-51.061893,-52.704514,-53.85932,-56.306225,-59.621853,-57.30418,-58.097797,-56.66115,-55.9327,-55.479794,-53.785557,-53.93678,-56.799564,-58.09822,-58.449043,-58.51082,-59.488018,-61.01649,-60.31383,-58.95211,-61.57628,-62.869583,-65.17467,-66.834656,-67.049164,-66.31516,-66.39295,-70.459755,-72.25531,-72.08142,-72.01781,-72.32262,-72.282875,-72.33366,-72.30713,-71.89334,-71.411995,-74.83607,1
-259.4529,127.48226,-27.708658,41.879864,-15.565547,-1.6049634,-19.426674,-17.208414,-8.792288,-13.502487,-9.5198965,-10.565486,2.8594453,-60.25806,-56.494713,-50.870205,-41.714027,-34.211502,-30.434666,-33.875805,-37.27726,-38.338398,-37.821716,-37.834904,-37.03157,-33.288376,-31.74636,-32.358307,-34.554615,-35.736355,-35.023136,-32.565617,-31.891554,-34.295692,-36.515903,-38.796333,-40.331215,-40.840385,-41.883602,-44.392822,-46.17521,-46.843246,-47.563377,-47.314793,-46.98579,-45.214893,-45.957638,-48.45285,-50.55543,-50.211452,-48.727222,-48.16085,-47.942196,-48.522945,-47.94881,-47.42731,-49.308704,-51.901085,-51.932156,-52.098446,-51.306587,-52.68186,-50.309986,-49.943295,-51.233067,-51.460533,-51.04516,-50.897087,-51.33843,-51.863037,-49.70811,-48.87614,-50.345715,-50.673325,-48.997513,-48.587887,-49.493584,-49.209255,-49.832222,-50.04132,-49.570175,-51.563385,-52.39724,-50.67027,-52.675446,-54.206696,-55.42008,-56.325146,-55.22017,-56.03409,-55.803307,-54.504032,-55.13163,-51.512783,-51.98791,-53.33141,-52.14933,-53.73076,-55.5579,-56.81258,-55.761505,-57.412327,-57.902626,-57.87434,-56.33432,-55.187912,-57.727917,-59.277386,-60.256878,-62.10298,-61.423832,-59.696342,-58.114258,-58.231537,-59.268635,-62.759262,-65.15688,-67.50645,-68.00097,-68.73665,-68.47935,-67.74719,-68.791374,-69.69482,-70.73689,-70.85497,-74.786,-79.46826,-79.4871,-79.50258,-79.51706,-79.529945,-79.541885,-79.55334,-79.56222,-79.570114,-79.57648,-79.58148,-79.58593,-79.587616,-79.59152,1
-144.68956,80.57164,-9.1383505,48.93284,-6.685553,4.2504363,-31.266092,-18.380888,-20.148243,-16.1248,-11.375574,-3.5864325,-22.598976,-50.824387,-52.216755,-48.5058,-37.50958,-27.974672,-25.563866,-27.722193,-28.06238,-24.71176,-22.051096,-24.917923,-26.348368,-26.553097,-24.944656,-22.872894,-23.681536,-25.176006,-25.787647,-25.341097,-25.366941,-26.34723,-29.09799,-33.5059,-36.340733,-37.75574,-37.812733,-39.151615,-40.102726,-41.356678,-41.9495,-43.007298,-44.38922,-44.094036,-44.61634,-45.013138,-45.81303,-44.63936,-45.29669,-46.951965,-47.517036,-46.312706,-45.83342,-44.90671,-45.975533,-46.102665,-45.07162,-44.70742,-45.32043,-44.59967,-42.393238,-42.56375,-43.16884,-43.258198,-42.273205,-40.831528,-41.124332,-40.891922,-39.283176,-40.55473,-41.844826,-42.05699,-41.558216,-41.669617,-41.995155,-40.53437,-41.382526,-41.44176,-41.04845,-42.76906,-43.38195,-42.54445,-42.69311,-42.53917,-41.645176,-40.16265,-39.786106,-40.6827,-41.28121,-41.558167,-41.725494,-42.905495,-42.145466,-43.845783,-45.300915,-45.621838,-45.972595,-46.89732,-47.27288,-47.287003,-46.855766,-46.204823,-46.502186,-46.166096,-44.789803,-44.029427,-43.421604,-42.965622,-42.08915,-41.235428,-41.15283,-42.03259,-43.636963,-43.639664,-44.90768,-47.452106,-49.958267,-52.34511,-53.4086,-55.34391,-57.456757,-58.91721,-58.87838,-58.458263,-57.62316,-56.481,-55.147755,-54.554012,-53.35275,-52.613605,-52.49466,-53.148335,-53.812065,-54.85874,-55.807064,-61.02754,-79.13477,-79.58187,-79.581764,1
-222.81198,151.24388,-38.95346,54.27222,-24.451687,-7.081076,-3.819959,-25.382359,-4.375661,-11.03824,-8.360139,-11.881606,-3.2167916,-52.56606,-50.29249,-44.58414,-36.56337,-26.853142,-22.356209,-23.449692,-26.533482,-30.35756,-29.828493,-28.521315,-28.936117,-28.644894,-27.227375,-25.421045,-24.510883,-26.863182,-29.839373,-32.919605,-32.272335,-28.479424,-26.747967,-28.51676,-32.814526,-34.9384,-36.73856,-38.033073,-37.482365,-36.93029,-36.86227,-36.099186,-38.3987,-40.39572,-41.932217,-41.92889,-41.684048,-40.21746,-40.039047,-41.622234,-43.121098,-42.7294,-43.08543,-43.106827,-41.815056,-43.465965,-45.79578,-46.105667,-44.79266,-43.63485,-44.681507,-43.742542,-44.534176,-45.61553,-46.21386,-46.295563,-46.066593,-45.24142,-45.531315,-45.011803,-45.06514,-44.34909,-45.803905,-45.994358,-45.92619,-45.41188,-44.556206,-46.86283,-46.299362,-45.270145,-47.42363,-51.82274,-49.04083,-48.965412,-49.5525,-49.5097,-50.74194,-50.789234,-48.80624,-49.14135,-48.047913,-47.78021,-43.51143,-41.524075,-41.506084,-41.66441,-43.06211,-44.16386,-44.451977,-46.485786,-50.459187,-54.742043,-55.451126,-58.065266,-56.539825,-53.699673,-51.783615,-50.63437,-51.41523,-50.647545,-48.15803,-50.70797,-53.464825,-64.116585,-68.734146,-71.699425,-71.9905,-72.52204,-72.391235,-72.39898,-72.86246,-72.7671,-72.43304,-73.72571,-76.17838,-78.68172,-78.693405,-78.71068,-78.72321,-78.729805,-78.74394,-78.75794,-78.76881,-78.77952,-78.78796,-78.79414,-78.80182,-78.80419,-78.81241,1
-190.62195,84.05225,15.451488,47.273754,-3.547705,0.95513314,-10.8148775,-3.2218738,-16.247536,-9.110474,-12.328963,0.9413579,-10.545555,-29.469471,-43.745094,-44.91518,-44.49083,-42.175014,-35.374447,-29.304525,-24.97292,-24.938992,-27.505856,-29.686869,-31.295168,-33.23268,-33.264427,-31.725338,-31.037865,-32.3557,-34.236828,-34.90536,-35.866604,-37.314003,-37.659798,-39.66738,-42.017147,-44.37183,-44.527523,-44.21167,-44.91307,-46.859833,-47.431313,-48.03363,-49.40697,-50.11953,-48.294518,-48.5155,-49.46127,-50.624786,-49.184826,-50.094463,-52.5547,-51.48025,-50.514187,-50.958992,-50.016945,-48.90625,-49.351524,-51.642853,-53.48671,-53.5586,-53.07632,-52.73567,-52.972652,-53.48341,-53.380886,-51.700485,-52.014107,-53.721016,-52.822685,-54.003105,-54.62543,-53.99586,-52.466145,-51.625145,-53.622105,-55.030952,-53.785313,-52.240234,-50.426704,-48.689182,-48.00715,-47.392555,-48.277374,-50.048256,-50.55057,-49.3382,-50.001358,-51.547382,-51.98151,-52.267582,-51.26588,-51.471985,-51.935383,-50.34462,-49.79363,-51.251236,-50.92657,-48.300175,-48.12112,-48.99103,-50.847107,-53.139244,-53.798973,-54.964237,-55.75993,-55.379784,-55.16575,-54.564526,-53.72363,-52.43741,-52.735886,-52.290657,-52.011387,-52.3377,-53.67592,-55.64353,-57.05877,-56.728245,-57.67431,-59.898167,-61.510395,-62.09977,-62.09603,-61.8822,-61.49663,-59.779133,-59.28558,-58.818764,-59.102432,-58.67499,-58.94628,-58.439903,-57.681717,-57.40162,-59.744545,-63.765816,-78.17451,-79.17406,-79.20346,1
-169.80708,59.308117,7.2330065,-1.5656961,-21.810553,-5.53694,-17.338976,-10.008395,-26.475462,-10.739132,-17.534792,-1.220786,-16.686045,-60.323536,-60.64162,-59.074158,-55.459637,-52.241135,-46.684185,-40.154858,-27.154942,-19.67948,-23.21427,-33.053696,-37.93655,-40.397274,-41.68962,-39.868534,-36.7921,-29.240644,-26.71531,-29.736425,-34.711693,-37.708714,-38.66286,-40.484627,-42.88218,-40.239674,-36.774113,-35.751564,-36.51018,-38.303986,-42.567368,-44.58739,-45.521053,-43.876602,-40.36383,-39.980747,-41.99507,-45.576626,-44.594532,-44.350254,-45.033184,-45.19574,-43.79594,-40.85948,-39.431213,-40.745113,-43.99627,-43.825153,-44.720757,-46.333073,-45.281136,-43.494766,-43.52175,-46.69255,-48.751102,-48.94296,-47.32773,-47.455193,-47.685757,-50.604156,-52.62193,-52.112526,-50.026814,-50.483337,-51.54871,-53.274696,-52.742176,-49.574944,-48.403458,-50.898876,-51.88454,-50.07993,-48.637035,-49.262897,-50.456123,-50.86452,-50.92852,-49.74294,-50.757988,-50.916203,-51.777615,-51.92143,-51.68239,-51.329945,-51.371815,-51.421146,-50.981377,-50.07915,-50.926792,-52.791695,-52.402336,-51.404743,-50.42388,-48.69667,-48.744854,-49.67098,-50.152554,-50.57022,-52.28637,-51.079933,-52.26466,-53.010895,-53.359142,-53.77443,-53.52749,-52.684467,-53.72918,-52.144665,-49.94508,-49.384277,-50.0797,-49.47679,-50.245377,-51.89193,-50.797497,-50.207897,-51.372112,-51.85673,-52.579136,-52.754253,-53.66635,-53.673145,-53.885494,-54.287468,-55.315937,-57.1711,-59.91895,-63.077816,-71.80887,1
-201.39201,158.64555,-33.750076,-3.8051307,-35.573032,-6.5043626,-19.607536,-20.806843,-7.1268682,-23.764198,-8.74689,-12.631139,-18.891699,-62.389675,-59.165462,-55.354183,-53.89139,-52.086704,-48.63567,-44.448574,-40.568127,-35.50333,-28.929333,-21.395365,-19.07465,-23.435678,-29.634783,-33.757423,-36.182003,-37.80909,-39.112583,-38.5621,-36.782276,-34.307026,-31.904522,-29.613607,-28.066154,-30.54413,-33.57014,-34.92506,-35.93614,-36.145264,-36.853107,-37.201523,-37.677307,-37.00862,-35.386227,-35.684254,-35.365364,-37.104885,-39.70704,-40.445553,-40.18852,-40.89254,-42.31134,-40.280567,-39.483128,-40.491432,-40.784492,-40.50892,-40.948757,-42.25978,-44.35835,-46.982773,-46.142673,-45.84455,-45.451366,-45.731224,-46.58982,-47.487156,-49.03005,-48.73405,-49.890102,-48.73069,-48.494675,-50.05617,-51.1992,-52.93739,-55.012253,-51.958565,-51.85836,-53.218655,-55.238346,-57.345623,-57.05947,-56.75036,-55.225773,-55.927883,-56.2457,-56.843452,-59.22676,-58.117104,-56.881786,-59.703747,-60.989937,-61.112457,-59.007286,-59.972847,-63.783234,-65.325264,-64.99418,-64.798546,-65.52663,-61.859337,-62.352917,-62.08874,-58.614464,-60.546024,-58.286514,-58.40863,-57.0713,-59.53151,-61.18184,-58.291164,-60.487396,-68.74306,-74.377464,-72.73335,-69.60554,-69.719864,-72.57211,-74.44327,-74.25088,-74.429794,-73.62412,-75.40451,-77.009544,-79.09015,-79.088165,-79.08658,-79.15424,-79.15017,-79.215836,-79.26115,-79.28688,-79.323524,-79.30525,-79.34981,-79.30808,-79.37008,-79.319405,1
-180.89699,108.48457,13.201451,31.345713,-11.480493,6.278796,-2.3355641,2.428886,-14.880168,10.566972,-15.523775,10.50903,-18.262644,-24.597069,-37.42036,-36.40133,-31.604998,-20.381031,-15.82232,-22.520443,-30.124893,-32.023056,-25.450882,-20.832447,-22.818045,-26.534992,-29.260836,-30.656145,-29.104572,-29.182894,-30.52042,-31.386684,-30.734917,-29.944246,-30.559471,-33.157475,-35.546967,-35.19957,-33.679756,-33.144947,-33.552074,-35.368347,-37.738914,-38.43289,-37.600437,-36.45222,-36.316383,-38.218666,-39.77057,-40.115807,-40.546566,-39.611526,-39.44561,-40.73192,-41.45492,-42.433254,-41.74794,-41.740005,-42.9738,-42.221375,-42.632187,-42.492058,-43.405693,-44.35227,-44.353306,-43.57151,-44.3595,-44.707947,-45.797165,-45.8388,-46.079994,-46.605537,-46.7868,-47.718716,-47.448063,-47.61838,-48.22355,-48.399364,-48.355312,-49.768517,-49.524513,-49.52346,-49.828285,-49.14866,-48.201847,-48.612373,-48.687725,-48.165604,-46.933117,-48.021675,-46.646076,-47.159393,-46.83642,-46.020737,-45.36312,-45.907204,-46.85584,-48.624073,-48.842686,-49.616047,-49.294765,-49.57937,-49.144493,-48.444794,-47.602886,-46.416588,-46.417225,-46.678135,-47.24666,-48.041298,-49.98515,-51.776577,-53.187374,-55.54196,-57.02962,-57.515915,-57.0803,-56.70147,-55.549767,-54.719143,-54.578754,-57.101604,-57.777565,-56.994877,-54.6942,-51.372852,-51.326897,-51.959213,-53.297802,-53.174263,-53.6324,-52.933044,-53.761406,-54.08281,-55.10246,-57.43748,-60.686058,-63.610233,-78.51137,-79.269,-79.27752,1
-120.58647,90.03677,-3.6899202,32.62428,-10.263175,1.9231304,-17.633621,3.6330929,-15.04315,-11.551217,-11.8643055,-12.055618,-4.2034235,-50.258392,-46.24951,-44.17762,-40.97537,-37.53307,-26.454046,-15.408943,-17.07392,-25.827703,-31.437508,-35.13616,-35.30943,-32.58852,-26.541023,-24.83131,-28.053185,-32.41904,-32.92726,-31.59255,-32.52026,-31.709814,-32.284496,-35.23631,-37.67073,-40.003014,-41.14891,-40.78596,-39.997364,-40.80858,-41.350494,-41.269764,-41.34317,-41.07461,-40.425785,-40.260517,-39.123863,-39.23712,-39.332024,-40.488846,-41.38577,-42.482418,-43.13359,-44.230484,-45.657993,-44.865437,-44.886276,-45.638493,-45.349483,-45.478676,-46.45467,-47.13658,-46.45255,-44.104523,-43.419632,-45.937946,-48.007805,-47.705112,-47.341732,-46.291134,-45.805653,-45.472034,-46.941547,-45.754513,-44.995804,-45.303215,-44.323235,-44.72089,-45.228256,-44.701687,-44.203503,-42.67826,-43.9904,-45.517296,-44.659996,-43.700577,-45.569653,-47.523354,-46.21239,-45.86064,-47.526165,-46.73289,-47.26206,-47.53546,-47.072945,-47.505627,-49.088913,-48.288445,-48.14075,-49.25512,-47.845543,-49.303444,-48.88879,-48.337914,-49.886574,-53.272606,-54.73657,-55.588192,-55.24089,-52.49476,-52.21599,-51.161148,-48.63107,-47.403698,-45.679203,-47.388523,-48.845383,-49.522144,-50.97478,-53.111446,-53.414593,-54.362514,-57.91958,-61.635677,-59.287483,-57.079987,-55.929554,-55.302353,-58.044674,-60.659595,-61.98131,-63.722374,-65.94869,-64.73542,-64.49842,-63.83033,-63.399704,-64.82518,-73.07912,1
-116.7513,123.401985,0.17399406,23.773483,7.2427206,-1.4169316,0.10004365,-9.52127,-7.9357023,6.3032103,-5.568099,13.768701,-9.105324,-31.92732,-33.344772,-22.528103,-15.852784,-19.84481,-25.191177,-20.744827,-17.207365,-20.83979,-24.653868,-27.130411,-26.76286,-26.515905,-26.670525,-27.278065,-28.448618,-26.489872,-24.572155,-25.77918,-27.19219,-26.014753,-23.150906,-24.721952,-28.26369,-28.603144,-28.289623,-29.985445,-32.06581,-33.19807,-35.08721,-36.69759,-36.726055,-35.993084,-37.730682,-37.97453,-37.560417,-37.33531,-38.812283,-38.67137,-37.486732,-37.52868,-37.252792,-37.5581,-37.68447,-37.75734,-38.182507,-37.385544,-37.87964,-37.82448,-37.011276,-36.92983,-38.01983,-37.82779,-37.978497,-38.636684,-38.650772,-39.716846,-39.907677,-40.716045,-40.994297,-40.567253,-40.764065,-40.336487,-40.578823,-42.225212,-42.111774,-42.42542,-42.19167,-43.02901,-44.202297,-44.524883,-45.011967,-45.009087,-43.593475,-43.11584,-43.884865,-43.879158,-43.72493,-44.02408,-43.74058,-44.46645,-45.41901,-45.97539,-46.896328,-46.39411,-46.512283,-46.822235,-47.36022,-47.57175,-48.323395,-49.72908,-49.820107,-48.693,-48.580425,-47.901943,-47.63187,-48.435646,-49.353413,-52.13812,-53.91938,-54.17693,-54.481457,-56.63502,-58.97637,-60.408356,-61.732002,-62.87935,-62.784595,-61.19585,-59.13089,-59.17548,-56.060547,-52.6319,-51.161106,-51.016582,-52.2796,-52.84864,-54.70341,-56.34424,-58.901127,-57.944828,-57.707954,-56.919514,-57.252216,-59.168842,-60.538692,-62.82946,-71.89916,1
-161.92458,124.60799,-14.528002,15.184938,-8.591158,1.0924178,-21.012506,-5.873472,-17.821074,-9.650895,0.7653008,-7.6921453,7.6097054,-29.435427,-40.3933,-43.4401,-44.56562,-40.659824,-35.17769,-29.739695,-29.67338,-30.406664,-31.114265,-28.602036,-26.203419,-27.511322,-29.124725,-28.484446,-28.97096,-29.256844,-28.64335,-28.01902,-28.466122,-29.362612,-28.690544,-26.768251,-25.96812,-28.335676,-32.876358,-37.532616,-40.880352,-41.368862,-39.39338,-37.160423,-37.42722,-39.717873,-41.02961,-41.220737,-39.33834,-37.2805,-36.548664,-37.32693,-40.1571,-42.01925,-42.307785,-41.57209,-41.229248,-40.441742,-40.922806,-39.777233,-39.122105,-38.54876,-38.52742,-39.391594,-40.477276,-41.603893,-43.18108,-43.762486,-42.86506,-43.859142,-44.79137,-43.931583,-43.220024,-43.136135,-42.371376,-43.54099,-44.387318,-46.09414,-45.55107,-44.939724,-46.15056,-47.99641,-47.510963,-45.59454,-46.34153,-45.66775,-45.80809,-47.426735,-47.847847,-48.73396,-50.12832,-48.456455,-49.620735,-50.302254,-49.864227,-52.800972,-53.15152,-52.853138,-52.087627,-51.09165,-51.626522,-53.1266,-52.231434,-53.477463,-55.280403,-57.17163,-58.443302,-59.493423,-59.065662,-58.417625,-58.764793,-57.595352,-57.24515,-54.953304,-53.787647,-55.014214,-56.884087,-54.082275,-53.53904,-55.818653,-54.716236,-53.26363,-54.439663,-57.810062,-60.058685,-62.6177,-64.82364,-65.56485,-68.10613,-66.4647,-67.42759,-69.14202,-68.53093,-67.95255,-67.012566,-67.436325,-67.035995,-68.08748,-66.24118,-65.92127,-71.902954,1
-135.76334,75.41478,-26.78462,51.217953,-8.404668,0.1767675,-21.163252,-19.929,-21.430622,-11.869513,-30.82643,-2.7410293,-26.229313,-59.787598,-56.27809,-49.790707,-40.423126,-27.158949,-22.80967,-25.886265,-27.053488,-24.35174,-19.57292,-18.191032,-20.045835,-23.426176,-24.602587,-24.160954,-23.642038,-24.919655,-27.656647,-30.189856,-29.948967,-29.89971,-30.97913,-32.88873,-34.939102,-36.4458,-37.878967,-38.264656,-39.331844,-40.897873,-42.102142,-43.751522,-42.828285,-40.551487,-40.31128,-41.017555,-42.81052,-43.018593,-42.72518,-40.695812,-39.497955,-40.21712,-42.09785,-42.66983,-42.454365,-41.86446,-42.7647,-42.508026,-41.6218,-41.25858,-40.40899,-40.169136,-39.923084,-40.782635,-40.966923,-40.113243,-39.57792,-38.0647,-37.447903,-37.21791,-38.388863,-38.177525,-36.29224,-36.42747,-36.673866,-36.556946,-36.333694,-36.6265,-36.16922,-36.89937,-38.396587,-38.342426,-38.7734,-39.406105,-40.32293,-40.61424,-39.728893,-39.4105,-39.50392,-37.82413,-37.162777,-36.233265,-36.280403,-35.57189,-36.473415,-37.847218,-39.878254,-41.137238,-41.41597,-41.518215,-41.478218,-40.662098,-40.845573,-40.46194,-38.85253,-37.419823,-37.445625,-37.378914,-38.373493,-40.79512,-42.263725,-44.309357,-46.967995,-48.80457,-50.312542,-52.57955,-54.539818,-55.34114,-55.174847,-55.538017,-55.688694,-53.134125,-51.77935,-51.176296,-52.16577,-53.450836,-53.721825,-54.241722,-53.46563,-52.357662,-52.261658,-52.15581,-51.99979,-52.80064,-54.67764,-60.10108,-79.740364,-80.0,-80.0,1
-122.847466,62.448788,-7.2780976,9.384565,-24.284546,-10.28495,-13.293917,-2.1401412,-32.547295,-7.7094746,-14.397826,-6.287051,-10.860059,-56.149525,-55.5372,-53.304096,-51.173866,-50.29289,-46.451656,-39.92067,-31.092684,-21.56434,-19.653109,-25.794304,-32.97851,-36.925434,-39.635967,-40.223923,-38.306805,-32.430946,-27.416794,-27.493881,-29.760637,-31.444986,-33.105663,-36.619495,-38.13451,-38.802364,-37.913918,-36.583046,-35.14251,-36.724464,-41.20706,-41.33578,-40.815495,-39.92012,-40.718292,-39.993504,-39.133144,-38.47876,-39.160076,-40.121796,-39.872322,-39.196083,-39.158485,-39.41157,-39.25823,-39.99507,-39.93087,-40.71612,-42.557335,-43.260498,-43.339264,-42.144142,-41.37695,-43.136444,-45.411636,-46.219032,-46.767647,-46.340794,-45.60047,-46.107822,-46.443455,-47.978645,-51.143494,-49.169533,-46.77642,-46.22809,-47.246502,-48.178406,-49.20585,-48.561386,-46.5452,-45.412018,-45.51978,-45.369453,-44.291485,-43.37162,-43.408283,-42.714767,-41.696293,-42.116455,-42.595867,-44.020947,-44.04566,-43.967922,-44.304283,-45.037056,-45.675392,-45.01969,-45.838608,-48.459007,-48.160515,-48.41259,-47.559166,-46.825657,-46.376663,-47.502365,-49.19126,-51.424137,-52.628956,-52.533047,-51.708183,-51.542896,-51.152245,-50.92693,-49.77471,-48.611317,-47.81927,-47.764008,-48.813854,-48.607933,-48.98185,-49.081577,-48.634388,-49.487637,-50.930496,-49.605026,-49.926476,-50.71897,-51.044178,-53.46354,-56.131058,-55.73939,-56.87572,-57.218487,-59.476856,-58.809246,-58.379734,-62.27488,-70.68806,1
-139.82759,111.14499,3.786411,55.749935,19.963192,9.154362,9.874005,-1.2959874,-2.6686544,-17.773172,-6.529992,-0.4926388,-7.8891907,-25.009726,-30.379541,-23.012806,-13.239165,-16.817135,-21.965628,-21.867023,-18.897955,-15.91882,-17.685392,-23.958252,-22.738884,-19.901724,-21.979874,-27.54919,-29.083977,-28.023329,-27.559986,-29.928867,-33.154457,-35.83347,-36.70205,-36.54792,-38.657387,-40.45386,-40.98468,-41.866196,-43.498196,-45.424557,-44.864754,-44.26025,-44.526962,-44.526768,-43.260437,-43.74538,-42.319324,-40.93901,-41.224335,-42.001324,-41.86547,-42.27273,-42.126637,-41.520485,-41.913876,-43.443714,-42.85369,-42.390568,-43.18891,-43.46416,-43.98033,-43.629326,-43.31218,-44.225296,-43.962086,-45.795216,-46.236217,-44.634827,-45.069553,-46.02321,-43.92942,-44.431187,-45.193382,-44.895092,-44.89404,-44.199696,-42.326904,-41.902878,-41.1175,-40.215836,-40.006115,-40.60402,-42.215755,-42.647694,-43.449497,-43.37262,-43.136787,-41.490837,-41.61693,-42.654808,-42.026176,-42.58195,-43.394596,-45.608658,-47.141468,-47.60218,-49.23219,-49.679432,-49.79946,-49.781586,-48.95377,-46.62508,-45.822334,-45.640686,-46.235653,-47.98867,-48.503796,-49.463802,-49.446144,-49.76794,-49.82276,-51.739185,-54.72357,-56.1742,-56.671032,-58.213768,-56.89338,-56.149624,-57.285206,-59.492092,-61.5402,-60.891308,-60.24774,-61.62002,-62.922844,-63.459126,-62.39797,-61.720024,-62.142,-59.84024,-58.61376,-58.51143,-59.53768,-60.021835,-59.8389,-59.03689,-58.757927,-61.51414,-71.622,1
-238.22801,137.31415,-2.5587873,36.926846,-55.776287,-17.474487,-6.488132,-33.467197,-17.687214,-4.5734715,-13.789854,-16.191317,-8.959863,-63.152077,-58.478455,-54.51197,-50.387035,-47.283688,-46.09367,-42.946365,-36.69585,-31.376833,-27.71373,-24.688286,-22.159096,-24.409473,-29.236712,-33.576633,-35.878616,-35.487526,-33.220493,-33.54191,-34.511555,-34.578922,-32.109863,-30.3445,-29.877874,-29.39314,-30.363258,-31.458458,-34.907345,-38.554,-41.564472,-43.755867,-46.137707,-45.078217,-42.806454,-42.745506,-42.611977,-41.582306,-43.428844,-44.583725,-46.02517,-48.60161,-50.65291,-51.94077,-50.940697,-50.46182,-50.851353,-51.629555,-51.316532,-51.226192,-52.06584,-53.691307,-54.552162,-54.282887,-54.373604,-58.43521,-60.225483,-57.855537,-55.62649,-56.0596,-56.969425,-56.86295,-56.12975,-58.042747,-59.4655,-58.445274,-60.82942,-62.371883,-63.720768,-65.42727,-67.37841,-66.97013,-66.831665,-64.343056,-62.217632,-61.540493,-61.640102,-57.53837,-55.306423,-54.735096,-52.446144,-50.87251,-49.788353,-49.590324,-49.770702,-50.03939,-51.186417,-52.10874,-53.71603,-57.970894,-55.03661,-53.839893,-55.64203,-55.776432,-54.29955,-52.875515,-53.50194,-54.422558,-54.454784,-56.456745,-57.42586,-60.4593,-65.351295,-68.79404,-72.90271,-71.81099,-72.80707,-74.38267,-72.34914,-68.89475,-67.6495,-68.5141,-67.730675,-69.19379,-74.29375,-79.39777,-79.40317,-79.40709,-79.412094,-79.41718,-79.42235,-79.426735,-79.42998,-79.434364,-79.438,-79.43896,-79.44242,-79.44408,-79.4432,1
-171.97911,83.91058,5.847749,42.194973,18.28691,16.90477,-26.647457,7.8863645,-4.340314,-0.51764846,-13.28049,6.5927305,-17.064575,-25.417765,-34.461315,-32.030373,-22.254566,-18.326374,-24.910772,-29.232494,-24.877531,-19.880323,-20.279171,-24.477566,-28.273834,-25.698135,-24.857658,-26.177473,-29.646973,-32.302216,-31.039745,-30.20865,-32.041317,-35.175816,-36.469902,-36.098644,-36.1199,-36.812397,-38.150234,-39.52422,-39.498928,-40.865814,-41.46148,-41.274242,-40.885273,-42.25585,-43.316376,-44.53502,-44.391296,-43.510353,-43.6722,-45.197033,-46.32098,-45.740215,-44.779392,-44.421608,-45.279366,-45.7503,-46.072327,-44.411205,-44.3987,-45.184025,-44.91512,-44.25821,-43.74284,-44.309753,-42.742184,-41.834732,-41.674763,-41.09257,-40.6083,-39.178352,-37.907738,-38.354084,-38.682545,-37.39565,-38.09369,-37.74693,-35.951233,-36.1619,-37.78922,-38.94856,-40.296543,-41.33365,-42.302452,-42.385883,-43.286736,-42.790745,-41.964153,-41.413887,-41.231876,-42.64166,-44.522343,-46.0886,-47.83183,-49.05633,-50.344845,-51.326748,-51.814667,-50.86003,-50.317307,-50.87346,-50.327763,-49.088688,-47.959457,-46.901787,-46.94425,-46.220684,-46.05042,-45.560017,-45.692783,-45.27079,-46.568695,-47.945374,-48.42278,-47.806572,-46.526035,-46.473373,-47.992126,-48.94254,-49.538975,-51.443417,-52.983852,-52.223976,-51.00405,-51.10139,-51.384556,-50.77595,-51.482883,-51.890995,-51.476994,-47.69986,-46.900692,-48.261024,-49.550392,-51.12491,-52.881264,-57.036312,-77.18031,-79.564384,-79.61477,1
-138.73973,112.26907,-14.0234375,26.385078,-26.952599,11.649312,-25.831032,-22.667923,-17.085335,-10.321238,-3.827278,-5.4356785,-19.71811,-49.866127,-49.96734,-45.141476,-36.00824,-26.904793,-22.79388,-23.407564,-24.117552,-22.548439,-21.891134,-22.202475,-23.27381,-23.987118,-24.159151,-21.575453,-21.078516,-23.389917,-24.961466,-22.481297,-22.790327,-25.258831,-26.742329,-26.22859,-24.238987,-25.012539,-28.164938,-30.88209,-32.432514,-31.702097,-31.467882,-33.17705,-34.875603,-35.7234,-36.195496,-37.3381,-38.160378,-38.437748,-36.81232,-36.631245,-36.934387,-37.593838,-38.768394,-38.817425,-37.785965,-38.517326,-38.34788,-36.826756,-34.01497,-34.1262,-35.37667,-35.886967,-35.105404,-34.67725,-34.753174,-35.679028,-36.691025,-36.437737,-35.68872,-37.0803,-38.838467,-39.467976,-40.814186,-42.203243,-43.36915,-43.079666,-43.438335,-43.3243,-43.231792,-44.362934,-44.46268,-45.393356,-45.434147,-44.62028,-45.048386,-45.212112,-45.119926,-43.503307,-43.54836,-43.561214,-44.748325,-45.20322,-45.328453,-44.719578,-45.195904,-44.998688,-45.637615,-46.411003,-45.659668,-44.845123,-46.11518,-45.710197,-45.71457,-45.431232,-44.965527,-45.29669,-43.862236,-43.92184,-43.25795,-43.22232,-42.461124,-41.554623,-41.142372,-41.46019,-43.009914,-45.5342,-48.0606,-51.16556,-53.421654,-55.5643,-58.199238,-60.37396,-61.096676,-60.912693,-61.338238,-60.424103,-58.611557,-57.33182,-56.055634,-55.54372,-54.789925,-54.26444,-55.511326,-57.355946,-58.89932,-63.335983,-79.14296,-79.452255,-79.436165,1
-161.8283,139.2212,6.143932,32.27425,-6.338412,14.624415,5.5848656,-6.3313127,1.2139715,-8.930834,-5.2944627,-2.869883,-5.4740944,-29.480183,-36.624947,-30.617636,-14.562273,-11.461588,-23.582663,-31.020824,-23.821878,-15.958149,-16.184597,-21.90758,-26.073414,-28.650944,-27.252396,-26.191166,-27.947538,-30.886602,-32.14273,-29.729685,-27.93177,-28.918873,-32.72998,-35.355274,-34.110012,-33.460133,-34.67505,-37.543438,-37.398182,-37.121082,-36.45116,-38.675888,-39.136868,-39.48116,-39.40935,-38.06203,-36.78853,-38.25605,-38.61834,-39.08411,-37.66191,-37.16372,-37.165432,-37.88351,-38.949036,-39.54566,-40.44669,-41.25267,-42.62044,-43.1136,-42.96527,-43.977684,-43.96205,-43.31088,-43.141777,-45.879032,-46.047054,-44.614704,-45.04989,-47.06991,-45.173046,-44.449963,-46.755558,-45.532085,-45.92822,-48.74531,-48.504948,-49.182476,-49.94494,-49.802383,-51.354816,-51.348972,-51.100334,-51.250626,-51.3287,-51.634556,-51.462452,-50.601006,-50.05754,-49.32045,-49.17781,-49.257908,-50.64943,-52.360714,-53.008476,-53.827595,-53.205994,-52.99592,-52.514362,-51.588543,-50.301937,-50.121677,-49.299774,-50.21641,-51.991318,-53.775467,-53.12904,-52.71636,-52.782467,-53.123135,-53.791332,-53.032753,-53.21959,-54.035557,-56.10585,-57.823273,-58.825798,-60.70854,-61.797752,-63.632187,-65.5539,-66.26503,-67.95011,-68.00074,-65.68884,-65.91031,-66.75373,-65.38261,-65.64774,-64.24637,-62.722927,-62.18308,-61.925552,-63.68211,-65.55436,-67.27462,-68.85174,-71.211,-76.204796,1
-179.5807,75.45644,19.504496,29.22498,10.4582205,6.923844,-18.135061,-3.146683,-18.486223,7.67271,-13.222319,3.5082307,-5.542931,-30.305048,-43.837734,-45.620487,-45.82476,-44.11635,-38.687416,-28.565598,-19.678724,-22.811039,-33.252705,-39.312233,-42.45067,-43.56853,-41.70382,-34.621014,-27.404812,-27.78833,-33.67904,-39.602077,-42.28657,-43.999363,-43.272312,-40.510223,-38.863132,-38.723495,-41.590206,-47.02625,-50.402733,-52.805134,-52.05592,-48.554604,-47.594948,-47.089092,-48.475525,-51.293373,-55.02506,-56.980927,-56.150215,-53.744488,-50.930798,-50.626762,-51.003613,-51.312744,-54.627384,-54.773594,-55.018055,-53.844406,-52.010887,-50.578243,-49.62593,-49.968086,-51.54443,-51.11483,-50.271984,-51.395767,-51.419525,-49.681633,-49.779045,-49.980297,-50.431957,-52.533997,-51.409985,-49.857815,-49.891926,-51.431202,-53.23043,-51.027504,-51.411457,-51.19456,-52.766987,-53.02887,-52.876286,-53.386494,-53.435383,-53.12244,-53.44344,-54.138077,-55.63956,-55.392662,-56.163338,-56.43837,-55.033173,-55.07915,-54.895275,-53.27973,-52.37908,-52.46172,-51.38886,-51.701717,-53.58919,-53.960003,-56.424114,-58.056908,-59.467438,-60.785637,-60.89116,-61.062725,-59.77594,-59.274452,-57.582314,-56.178078,-55.30119,-54.65588,-54.218975,-56.113735,-57.922005,-57.78281,-56.864536,-56.883286,-56.290474,-55.51988,-55.143017,-54.366955,-55.775616,-56.66277,-58.048306,-58.15755,-57.801308,-55.41741,-54.53388,-53.676067,-54.90429,-55.438423,-56.80917,-59.75967,-77.974976,-79.60003,-79.60542,1
-272.38116,134.51138,-19.531445,32.429756,-26.418156,-8.062409,-14.728506,-8.924922,-4.2297735,-12.936402,-5.209455,-7.416928,-1.200012,-61.47129,-55.27888,-48.227398,-41.107296,-36.346996,-32.78582,-33.70032,-37.965645,-39.684338,-39.644997,-38.551453,-35.87297,-34.48792,-34.81617,-36.117878,-36.962643,-36.403168,-36.53413,-35.26705,-34.91053,-34.66538,-36.41006,-37.354153,-37.71575,-37.24197,-39.253517,-42.476147,-42.04667,-41.33357,-42.03459,-43.59833,-43.71573,-43.011578,-43.05985,-44.228516,-46.337204,-46.715523,-47.555737,-47.060684,-47.16133,-46.276573,-45.800133,-46.188515,-48.341366,-50.290733,-51.581013,-51.036133,-51.714382,-52.42286,-53.159172,-53.07835,-53.303547,-52.78035,-53.740677,-56.709057,-57.595184,-53.91325,-52.828403,-51.807076,-52.341915,-53.653492,-54.22684,-53.826424,-53.23244,-53.82445,-54.051586,-53.75249,-53.279514,-52.832695,-53.859047,-54.923393,-54.327545,-54.828144,-54.962555,-56.296104,-55.90883,-58.09756,-58.730206,-58.069588,-56.237446,-56.040955,-54.714066,-53.666077,-52.788364,-51.856228,-54.278355,-59.00657,-59.894775,-60.905727,-63.005077,-65.03445,-61.908485,-61.705585,-61.13631,-59.359245,-57.70014,-56.766495,-57.119743,-58.03779,-58.044598,-58.58727,-63.82311,-66.27518,-66.9826,-71.42493,-70.88233,-71.54519,-70.85073,-69.40685,-68.90527,-69.80762,-71.69951,-70.43179,-73.804054,-79.69175,-79.69654,-79.70054,-79.70446,-79.707,-79.71012,-79.71205,-79.71554,-79.717606,-79.718925,-79.72088,-79.72297,-79.7237,-79.72265,1
-160.29626,83.59127,-24.808596,15.218316,-17.313152,0.5231308,-21.356031,-6.4413304,-16.4585,-3.4711623,-13.346342,-5.964215,-10.473815,-44.110874,-48.318962,-54.82156,-55.082363,-52.65167,-47.7267,-37.127937,-28.797709,-23.887327,-25.288424,-29.804487,-33.941658,-36.87155,-38.24066,-36.2796,-35.402794,-35.615074,-34.65814,-34.201817,-35.43032,-36.955376,-37.365196,-36.50765,-35.298496,-33.983143,-35.82105,-37.1093,-37.053234,-38.408936,-40.06347,-41.32954,-42.64153,-43.2575,-43.010468,-41.88748,-39.870785,-38.648563,-39.31967,-40.961697,-41.781662,-42.431534,-42.838768,-43.29089,-43.113518,-42.45637,-41.911922,-41.766632,-41.961437,-42.554054,-42.571743,-42.959583,-44.326347,-43.65722,-42.496395,-44.444073,-45.010647,-43.04691,-41.456074,-40.755993,-40.66752,-43.36054,-43.77249,-43.13964,-43.552723,-42.994835,-43.83847,-46.08179,-47.054066,-47.578888,-45.841606,-45.575935,-45.501072,-46.12745,-45.9686,-46.675125,-47.685524,-46.88161,-46.14515,-48.07398,-48.994705,-48.127354,-48.36058,-47.19933,-47.15588,-48.603825,-47.753494,-48.199978,-47.222755,-46.717766,-49.22607,-49.67501,-51.850418,-52.921402,-52.94655,-53.42159,-52.312344,-52.863873,-52.620697,-51.98811,-51.42775,-50.46174,-50.75466,-50.16359,-50.66003,-49.90639,-52.371555,-55.116764,-56.178192,-55.38219,-56.2231,-57.626087,-59.345207,-59.160557,-59.972214,-59.6376,-59.22829,-58.374706,-58.650143,-59.09996,-58.013584,-57.28263,-57.391987,-58.234276,-58.485226,-62.4126,-79.185425,-79.69741,-79.69807,1
-252.84756,131.82812,-17.757582,28.557764,-46.22287,-16.15901,-9.116213,-22.992218,-15.114691,-15.047374,-11.858937,-9.918528,-10.040005,-64.56384,-59.805435,-57.471077,-53.42872,-48.65416,-46.90155,-44.661114,-40.679447,-35.85239,-30.007221,-27.84736,-28.654104,-31.455793,-33.729218,-34.868027,-36.66427,-36.488995,-37.393997,-37.285587,-35.896915,-34.287365,-33.759876,-34.14084,-34.858204,-36.25064,-37.250698,-38.065228,-38.953358,-39.2401,-40.87711,-42.4158,-44.117733,-43.4888,-42.47624,-42.909027,-43.64519,-45.271603,-47.233006,-48.824947,-47.88089,-45.33019,-44.71068,-44.95587,-46.176105,-47.698967,-49.81893,-50.201813,-51.793743,-51.85941,-50.43991,-51.113373,-52.232395,-54.2237,-55.901394,-56.548183,-56.3473,-57.15316,-56.831757,-57.8362,-59.09242,-58.37488,-55.29629,-53.641903,-54.12496,-56.713974,-59.051292,-60.05215,-59.77977,-58.652706,-58.387177,-60.348415,-60.814175,-59.71689,-60.427807,-57.740196,-56.901123,-56.36888,-55.42107,-53.666203,-53.22343,-55.25844,-55.07448,-52.35763,-51.688236,-52.19008,-54.53291,-56.507812,-57.380535,-57.022903,-58.110092,-58.23526,-58.882133,-58.48215,-58.04905,-58.154842,-55.19889,-54.91474,-55.040367,-55.096535,-56.1448,-59.021378,-63.096283,-70.1981,-73.999954,-75.22385,-72.85892,-74.10813,-72.398224,-70.77345,-68.687904,-68.87951,-69.209206,-70.490555,-74.44128,-79.51332,-79.57043,-79.60471,-79.631905,-79.653305,-79.67235,-79.688,-79.69939,-79.71237,-79.72196,-79.72727,-79.73397,-79.73816,-79.74074,1
-195.02893,75.91963,-25.279675,25.562098,-14.017712,-0.67155975,-13.247049,-16.780968,-21.597939,0.5921037,-19.38392,-0.6728879,-22.474977,-64.42251,-60.615005,-52.68214,-44.071587,-36.231102,-33.01449,-31.556446,-32.27525,-35.66633,-36.068474,-36.084404,-33.690094,-30.764984,-30.593668,-33.253555,-35.71876,-37.228104,-36.686756,-35.133614,-35.09309,-36.365276,-37.827984,-38.493027,-39.204567,-39.487328,-38.75692,-38.317177,-40.19946,-43.12538,-44.514755,-44.66346,-44.52597,-44.57806,-44.89825,-43.728043,-44.076584,-42.522755,-43.43601,-45.918137,-45.10885,-44.277958,-44.86919,-44.689617,-43.951385,-44.869217,-45.0385,-44.38706,-43.25827,-44.3453,-43.528477,-43.644745,-42.592117,-41.680607,-41.732487,-43.18479,-42.85041,-42.888626,-42.537666,-42.192192,-42.971287,-44.31489,-44.26209,-44.08478,-45.56137,-45.904087,-45.39591,-46.587166,-48.130817,-48.689457,-47.959427,-47.413944,-48.375042,-47.134747,-47.43563,-48.511906,-46.89121,-46.39962,-45.577255,-44.44968,-43.299335,-43.376698,-42.936325,-44.299294,-45.411713,-45.97726,-47.112816,-46.913586,-48.674305,-48.76321,-48.891785,-48.54728,-48.702057,-47.848454,-47.412632,-46.79814,-46.44605,-47.276165,-47.847775,-48.85029,-50.347813,-52.308353,-54.373165,-56.834435,-59.287678,-60.631603,-59.8706,-59.066525,-59.437836,-58.208847,-57.537918,-56.986862,-57.15025,-58.34348,-57.331852,-55.853737,-55.619667,-55.961464,-57.345,-57.325356,-57.233356,-57.16517,-57.840202,-58.43998,-60.210674,-64.40973,-79.276054,-79.55079,-79.55382,1
-202.99637,59.55765,21.097395,18.813421,-2.669932,-2.0783987,-9.066518,-3.3212597,-7.175192,-8.492342,-10.841642,-4.2835813,-3.14223,-53.20213,-49.61836,-47.287235,-44.121902,-40.396294,-30.720818,-25.362158,-29.677834,-38.33065,-40.201416,-40.952538,-40.566414,-36.234283,-31.204235,-32.071415,-37.838425,-43.17989,-43.665882,-41.45221,-37.97018,-35.534637,-35.474342,-39.973824,-45.23965,-47.83809,-47.915565,-46.756836,-45.34672,-45.471863,-46.36657,-47.71558,-49.193684,-47.574127,-45.6553,-45.35589,-46.004753,-47.785755,-49.091927,-49.40328,-49.39822,-49.438614,-49.24015,-50.63433,-51.35245,-51.379787,-52.134552,-51.457783,-51.12176,-51.08595,-51.401333,-52.94228,-51.696896,-51.92664,-53.100487,-53.815834,-54.053627,-53.270157,-52.932304,-53.68202,-53.382168,-53.21507,-52.871666,-52.751568,-52.766678,-52.666668,-51.148808,-50.912834,-51.764927,-50.931866,-49.403366,-50.806736,-51.853485,-51.671925,-52.155487,-53.754765,-54.01229,-54.220737,-56.73413,-54.615055,-53.48914,-53.66174,-53.27298,-53.353886,-53.768475,-52.60171,-52.91705,-52.75469,-53.62118,-53.513645,-52.408535,-51.993443,-52.27133,-51.90969,-52.1371,-53.317787,-55.193016,-55.953182,-56.469906,-56.02223,-55.800354,-55.21901,-55.206135,-53.302734,-51.32034,-50.66981,-52.284786,-53.790386,-53.928818,-55.601234,-56.251583,-55.888767,-56.37181,-56.17895,-56.135334,-56.217476,-56.418324,-55.2872,-55.52614,-57.432266,-57.62973,-56.813393,-57.933628,-57.75237,-57.1151,-55.475357,-55.511208,-57.86787,-67.21345,1
-157.55554,92.18832,-23.028088,38.593365,-14.218354,1.4687451,-29.242243,-12.32216,-20.816635,-14.546248,-9.966478,-10.695158,-0.9821763,-59.45934,-57.557648,-54.437298,-51.62087,-48.087166,-37.40177,-24.91943,-19.375753,-22.840092,-30.335321,-36.605305,-40.4875,-37.969723,-34.76059,-31.142172,-29.16251,-30.12863,-32.769005,-33.425198,-33.794594,-34.3977,-35.897064,-36.655697,-36.164936,-38.79953,-41.99927,-41.508957,-42.5168,-44.59761,-45.555447,-45.502396,-44.804775,-46.44103,-48.12016,-48.67378,-49.437862,-49.816303,-49.06917,-47.885334,-45.690052,-45.278416,-46.112366,-48.2635,-49.79618,-48.455715,-47.618732,-45.1723,-43.872772,-45.82561,-48.534157,-49.816776,-47.351624,-44.879536,-45.59166,-47.87227,-49.439476,-48.93621,-45.497826,-44.32223,-44.987026,-47.08328,-47.525883,-46.135063,-46.3953,-45.991665,-46.732254,-46.972694,-46.18953,-45.210484,-44.675655,-45.348255,-46.156067,-45.9235,-46.65302,-47.6622,-47.829727,-47.948254,-48.9085,-51.253143,-51.769783,-50.51617,-50.30012,-50.51127,-50.308586,-49.650352,-49.43775,-49.13353,-46.8945,-46.057117,-48.227474,-49.095467,-51.50719,-54.113815,-54.931355,-57.064545,-56.94332,-56.57258,-56.458237,-55.182343,-54.45827,-52.9836,-52.8911,-51.647846,-50.22725,-50.34102,-51.24505,-53.195538,-55.158825,-57.601875,-59.202896,-60.71017,-61.68592,-63.18924,-64.38976,-66.479195,-67.51608,-68.93758,-70.87448,-70.64216,-69.756966,-68.28455,-66.07543,-65.63428,-64.05034,-66.79266,-78.94588,-79.66956,-79.67118,1
-164.73221,144.66641,-36.195217,34.179546,-12.6814995,1.214929,-17.844677,-11.793397,-11.394689,-4.478864,1.271269,-6.25389,5.531617,-24.64564,-36.90316,-39.7896,-41.476074,-38.964012,-29.070555,-22.844576,-21.979267,-23.201036,-28.308083,-32.97543,-31.10894,-28.85978,-28.080717,-29.10445,-26.51341,-24.089342,-21.726625,-19.908495,-21.47737,-24.962603,-27.906294,-29.653759,-31.07316,-29.586168,-27.37105,-29.174568,-35.107777,-38.053905,-38.406937,-37.319588,-35.35103,-34.096355,-34.33291,-35.573742,-37.66008,-38.040974,-37.828667,-37.133923,-38.2107,-41.007744,-41.5178,-40.633526,-39.59831,-36.99954,-36.551857,-39.263977,-40.48231,-39.01882,-36.59501,-34.66755,-36.1628,-38.960308,-40.339508,-41.139675,-37.820377,-37.6418,-39.572403,-40.573803,-39.299435,-38.041233,-38.95562,-40.442123,-39.5782,-41.24104,-42.69555,-41.708206,-41.415333,-43.468704,-43.801037,-42.132343,-43.477856,-45.06379,-43.62866,-44.672604,-45.3679,-44.600735,-44.690617,-45.141445,-44.98855,-45.06774,-45.109657,-46.034985,-46.507713,-46.132557,-47.75446,-46.26484,-47.93952,-50.113575,-50.65089,-51.339516,-52.07652,-53.055702,-53.21424,-53.387993,-52.667065,-53.20698,-53.884453,-53.425095,-54.48438,-57.017586,-55.19629,-55.155273,-58.811455,-61.354477,-59.392494,-59.98259,-59.296432,-58.169437,-58.786022,-61.97562,-63.83663,-64.20153,-64.75654,-68.02797,-72.72703,-73.713936,-74.281715,-74.2875,-73.923935,-74.21643,-74.608635,-74.51601,-73.851776,-71.441124,-70.32041,-70.85129,-76.21488,1
-217.21112,68.57075,21.478926,24.451069,9.692664,2.6989882,-17.050749,1.1671158,-17.586279,8.486604,-13.541472,4.1118217,-3.8882048,-34.583637,-45.200897,-47.09086,-46.63669,-42.860264,-39.0842,-36.16526,-33.538197,-33.586853,-34.945713,-36.26479,-39.788727,-41.097515,-40.94511,-41.07087,-41.587765,-40.484585,-38.878193,-37.634304,-38.245266,-40.45874,-42.223545,-42.879917,-43.616135,-46.016582,-49.271866,-49.915005,-49.941307,-48.424644,-47.515156,-48.58982,-51.40308,-54.887707,-56.17324,-55.359573,-54.10959,-52.00426,-51.208843,-51.869488,-53.124695,-54.693687,-55.903923,-56.440464,-56.238976,-55.071262,-53.975605,-52.840054,-53.644405,-54.638206,-55.517437,-56.06099,-55.092194,-53.903664,-53.459736,-53.104664,-52.35819,-53.019222,-53.498917,-53.00625,-53.181686,-53.793297,-53.388695,-52.086914,-51.756268,-53.126675,-54.721977,-53.95869,-53.519543,-54.195004,-55.247982,-55.084057,-55.02648,-54.57868,-54.137245,-53.924213,-54.32339,-55.24913,-55.84842,-56.78888,-58.79204,-57.889996,-57.607304,-57.239323,-56.080063,-56.933636,-55.877094,-53.546703,-52.428944,-52.12131,-54.173702,-56.71166,-58.766815,-61.167618,-62.220882,-62.920876,-63.680553,-63.708153,-62.53103,-61.88923,-59.668816,-58.501045,-57.52621,-55.86715,-55.21703,-56.136005,-58.036015,-57.57118,-57.58828,-58.800438,-58.853275,-58.002964,-56.66351,-55.924545,-56.28082,-55.835613,-57.277794,-56.97089,-56.74126,-54.40402,-54.69818,-55.058857,-55.772343,-55.708042,-56.815117,-60.361393,-78.01359,-79.67101,-79.69512,1
-199.68407,113.91825,5.5526876,46.58017,-23.954142,-1.2196676,0.9000113,-13.656016,-6.454023,-6.134533,-9.387814,-5.877199,-6.2978835,-31.045044,-46.577446,-48.96817,-48.249374,-45.713943,-40.75763,-33.499954,-26.137434,-25.126005,-28.735758,-33.145626,-36.560665,-39.53231,-37.50514,-34.836353,-33.24066,-32.8082,-33.736412,-36.91087,-40.612244,-41.60205,-39.609615,-40.34569,-41.66863,-42.116814,-42.557354,-43.46194,-44.34657,-47.320507,-48.076015,-47.245594,-45.049896,-43.288113,-43.124657,-45.604767,-48.793606,-51.22007,-51.743004,-52.84522,-52.175694,-50.814297,-50.13756,-49.720318,-49.455307,-50.028847,-52.286568,-53.944695,-55.969284,-55.775944,-55.13845,-54.81509,-54.544594,-54.59977,-55.06826,-55.585697,-57.297085,-57.208927,-57.288864,-57.548923,-56.476128,-56.658962,-57.299145,-57.824333,-59.311684,-59.633068,-58.26984,-56.894444,-56.49167,-58.29868,-58.833843,-57.666714,-56.92524,-57.045715,-57.817066,-59.212753,-58.31023,-56.916653,-56.169292,-56.01608,-55.988026,-55.381054,-54.24189,-52.66227,-53.769722,-53.704273,-51.101112,-50.62337,-50.56244,-51.24014,-53.635487,-54.725925,-55.072666,-55.910576,-55.95194,-57.46575,-58.617664,-58.072304,-58.757416,-57.872032,-58.319912,-58.225956,-57.469997,-58.69484,-61.389233,-64.1683,-66.349655,-67.130035,-67.12821,-69.06962,-71.28019,-72.226715,-71.821625,-71.895,-71.84078,-71.56254,-71.85074,-71.70804,-72.65777,-71.9944,-71.77091,-70.78952,-68.98104,-69.8534,-72.76803,-75.77213,-79.639694,-79.64166,-79.643074,1
-128.88765,59.8359,-13.198796,-3.23664,-21.071405,-4.2538643,-21.61724,-1.5866603,-18.95631,-11.214194,-16.600214,-0.50365794,-13.847679,-58.33248,-56.890614,-53.75065,-51.15738,-50.498283,-46.503185,-39.41511,-31.709738,-23.170752,-20.923443,-28.190275,-36.352703,-38.408947,-40.83662,-39.93618,-38.91494,-36.865677,-31.414577,-28.374945,-27.87574,-28.968863,-32.622845,-37.323776,-41.77189,-41.626312,-39.63182,-37.263966,-34.70214,-33.980164,-34.17869,-34.216125,-35.692566,-38.044216,-38.932022,-40.100033,-41.90848,-40.84948,-38.659843,-37.56235,-35.277176,-34.30816,-36.093925,-38.413067,-40.501396,-40.261127,-40.74004,-40.938267,-40.7823,-39.82083,-37.825573,-38.549953,-39.997746,-42.39778,-44.598217,-43.57652,-43.139904,-42.886322,-43.227287,-44.19888,-44.796642,-45.569035,-45.13897,-45.374462,-43.746544,-43.43999,-43.04846,-42.055946,-42.466732,-42.220966,-41.260796,-43.084583,-44.134193,-45.302788,-43.03713,-43.405014,-45.26801,-45.91916,-45.39624,-44.78343,-46.821552,-48.43095,-48.562675,-48.19213,-49.238457,-48.97295,-49.45376,-48.856384,-49.31904,-49.31923,-47.378162,-47.918015,-46.7019,-44.70483,-44.785645,-45.075928,-46.746643,-48.199127,-48.181664,-49.89803,-50.653667,-50.18842,-51.702835,-51.690933,-50.491234,-47.92729,-46.241703,-44.58853,-44.913948,-45.921654,-48.616802,-49.95111,-49.97646,-49.51596,-49.696,-49.68735,-49.324932,-48.777176,-50.401917,-51.484863,-54.017624,-55.81417,-54.39272,-56.309742,-55.641827,-55.98514,-57.34425,-60.0801,-71.40189,1
-127.205635,129.22235,1.0844485,39.65989,7.513439,8.771102,6.639721,-4.362254,1.2496802,-12.302833,-8.729508,2.0641756,-6.828215,-25.700583,-32.768555,-22.379173,-12.032391,-16.395403,-23.17361,-22.21507,-19.765102,-19.122202,-18.694334,-21.19751,-23.505112,-25.597212,-23.826666,-23.57016,-26.182861,-26.682928,-26.849522,-26.569271,-27.112215,-29.3159,-33.186996,-34.68482,-34.028423,-34.967686,-37.956326,-38.345284,-37.83297,-37.567474,-37.441196,-38.556118,-38.621414,-38.517426,-37.708595,-37.451515,-37.803123,-39.3332,-37.7855,-37.39186,-37.93511,-38.048992,-37.201496,-36.972706,-38.026367,-38.532894,-39.562656,-40.2185,-39.16471,-40.461807,-41.471855,-42.18273,-41.920536,-42.820023,-43.745686,-44.141064,-43.56456,-42.887993,-43.03818,-42.97629,-42.381454,-42.761112,-42.180016,-41.810616,-42.170643,-42.59689,-42.728798,-42.10462,-43.19425,-43.74336,-43.491615,-44.29566,-44.23687,-45.19514,-45.452137,-45.264973,-45.44468,-46.31528,-45.682854,-44.716217,-44.253124,-44.71713,-45.44896,-46.54936,-48.269035,-49.700314,-51.67235,-52.17394,-50.587406,-48.544098,-48.320194,-47.24206,-47.186264,-46.823627,-47.215157,-48.418922,-49.87248,-50.29336,-49.49079,-50.22853,-50.027554,-51.32228,-53.23798,-55.591053,-57.092873,-58.9913,-60.538605,-60.339344,-61.081024,-61.069992,-61.57882,-63.036263,-63.866783,-62.541183,-60.27511,-60.870872,-62.67696,-62.349106,-62.333614,-60.312412,-58.866566,-59.172604,-60.1287,-61.44774,-61.71315,-63.3026,-62.630917,-63.86586,-72.03635,1
-147.1734,82.39816,15.518859,19.43918,-6.4650145,5.460877,-14.895398,-0.758383,-15.461478,-8.155654,-9.246059,-8.733143,-7.529963,-52.78404,-48.636642,-44.81463,-42.1449,-37.914898,-28.71252,-22.84216,-25.316774,-30.525433,-33.552235,-36.134026,-36.53637,-34.979507,-32.23135,-30.923237,-32.93471,-36.5969,-36.24099,-34.099873,-34.51443,-34.737206,-35.47122,-38.36094,-41.953243,-43.328575,-44.665283,-46.113205,-46.08682,-44.814236,-43.34102,-43.220665,-42.795425,-42.70028,-43.83784,-45.492157,-45.265167,-45.46476,-46.605366,-46.30367,-45.75615,-46.631718,-46.831562,-46.980415,-47.88868,-47.40945,-48.813553,-50.42126,-49.529198,-48.664665,-48.783436,-48.71755,-48.098965,-47.652237,-48.286667,-49.80536,-49.96825,-50.148613,-51.23052,-50.54454,-50.35502,-50.400528,-51.28402,-51.87099,-52.39822,-52.083645,-51.607433,-52.113167,-53.244774,-51.857243,-51.154858,-50.95334,-51.319603,-50.829414,-50.907524,-51.390465,-53.221695,-52.434605,-52.133606,-54.074253,-53.629025,-53.076065,-52.169495,-52.65335,-53.559795,-54.30145,-54.827427,-56.266937,-55.132473,-55.909977,-55.743294,-52.97078,-53.149036,-53.5375,-52.897266,-53.254566,-55.629498,-56.871906,-56.787407,-56.579475,-56.588047,-54.622883,-53.69679,-51.946007,-52.826103,-52.960594,-53.20264,-52.79119,-53.249447,-53.107693,-53.80959,-55.115467,-54.971115,-55.976624,-56.646786,-57.951233,-58.45132,-58.853657,-61.053326,-61.932144,-60.752777,-60.216022,-60.451206,-60.40724,-61.117886,-61.13842,-62.30176,-66.18795,-72.09242,1
-182.17186,67.16133,-26.127838,34.33322,-11.149137,-1.8486282,-18.373726,-12.992574,-21.193926,-8.763323,-24.000177,-0.98189056,-22.765644,-61.98586,-58.78075,-53.392906,-45.8881,-36.485764,-30.987305,-29.544735,-29.514963,-30.975197,-31.781334,-31.501837,-29.359987,-28.702581,-30.462528,-34.45225,-33.703217,-31.264685,-31.021957,-32.501022,-33.312035,-33.862522,-34.95161,-37.68232,-39.812996,-40.016525,-41.05298,-41.143066,-42.047493,-42.29732,-43.472828,-45.03773,-45.198734,-42.969032,-42.017414,-43.468884,-43.24407,-43.350174,-43.212723,-43.47115,-43.159325,-42.439754,-43.380306,-44.093494,-43.561394,-42.78481,-42.846584,-43.397533,-44.904514,-44.379696,-43.754204,-43.094414,-42.53382,-43.576313,-43.642406,-42.80021,-42.207165,-41.84759,-41.692657,-41.726116,-41.00235,-41.792816,-42.49893,-42.0372,-42.316235,-41.468575,-40.23131,-41.20652,-41.097134,-42.291374,-43.380016,-43.135242,-43.114674,-43.652687,-43.013397,-42.758038,-43.089817,-41.803448,-41.195393,-41.50504,-42.568836,-41.885983,-41.354065,-42.20946,-42.179054,-42.40599,-43.23828,-43.88772,-44.993168,-46.03529,-46.017277,-46.532787,-47.384968,-47.446693,-45.15175,-43.65972,-44.069233,-44.43976,-44.010956,-43.622158,-44.325462,-46.7471,-48.127735,-49.981453,-52.79719,-55.76886,-57.93576,-58.09772,-58.174496,-57.745487,-56.696613,-55.041664,-53.985493,-53.227795,-52.70345,-52.559177,-53.334023,-53.04195,-54.223732,-55.90742,-55.39146,-54.59956,-54.63232,-55.64532,-56.248463,-59.824657,-78.4388,-79.37138,-79.452324,1
-180.4244,81.421,-36.347004,13.605516,-22.857162,-1.7644521,-15.192396,-3.6357014,-13.953872,-5.6148143,-10.763121,-2.9037983,-8.963828,-47.332947,-52.881393,-57.468388,-56.814377,-53.9456,-48.539974,-40.937813,-31.62618,-27.919872,-31.089111,-36.10034,-39.664845,-41.610233,-41.977036,-40.88263,-40.198334,-38.669506,-36.91683,-36.274776,-37.210472,-37.952007,-38.523354,-39.3095,-40.963413,-39.633953,-37.247856,-36.747814,-38.09989,-40.115917,-41.820343,-42.38064,-42.220745,-42.00578,-39.70512,-39.08672,-40.321003,-41.705086,-42.400436,-42.688133,-42.13401,-41.827984,-41.304874,-41.027588,-41.542667,-41.495075,-41.23965,-42.266064,-42.93322,-43.254745,-42.83481,-42.93277,-44.06318,-44.99406,-43.838356,-43.008434,-44.7273,-45.529243,-45.81717,-45.60235,-45.41759,-45.523556,-44.435417,-43.70905,-43.806515,-44.888077,-46.94656,-46.991486,-47.108402,-46.50814,-45.375877,-44.79024,-45.013542,-47.24546,-45.868755,-44.890343,-46.001842,-46.96627,-47.421783,-47.339634,-49.163555,-50.70806,-49.51296,-48.333588,-48.263348,-48.226112,-47.779373,-47.864494,-47.07224,-46.803932,-48.82093,-49.998226,-50.796543,-52.025204,-53.684887,-55.235172,-53.816727,-53.906178,-52.621696,-51.864365,-51.581844,-52.418663,-53.099712,-52.916668,-53.537083,-54.10939,-55.464024,-56.866802,-58.39264,-58.137707,-58.34332,-58.582653,-59.638687,-61.10856,-62.25852,-61.68167,-61.926342,-62.31074,-64.10003,-64.88052,-63.58077,-61.28072,-59.892246,-59.963795,-60.7363,-64.550064,-79.61657,-79.76346,-79.75801,1
-108.49086,92.67082,-23.184069,20.32716,-27.215153,1.5290377,-14.897168,-23.378626,-19.69484,-3.2446082,-30.017063,3.0495932,-26.25511,-61.516045,-56.759697,-51.044857,-42.43282,-31.676388,-25.027206,-24.097965,-24.066284,-24.759289,-26.055807,-26.158089,-24.584236,-23.819756,-24.432636,-24.71699,-23.823753,-24.732395,-27.479078,-29.371593,-29.050787,-29.409088,-29.143724,-29.885733,-29.091246,-28.830917,-29.910332,-31.339022,-33.002308,-34.21163,-34.682743,-35.82578,-35.306713,-34.873318,-35.37736,-36.24344,-36.081196,-35.591476,-34.203327,-34.754715,-34.91224,-34.943108,-36.725376,-36.28116,-37.278572,-37.36047,-37.01787,-35.97334,-35.58824,-34.750443,-35.024055,-35.763798,-37.791405,-37.6873,-37.403114,-37.60636,-36.900314,-37.14909,-37.040512,-37.877384,-39.102547,-39.39641,-39.348843,-40.07541,-39.84208,-39.132652,-40.39985,-40.864883,-40.887604,-41.492825,-42.37538,-42.86721,-44.94512,-46.305027,-46.464252,-46.412373,-45.549847,-44.146774,-44.491096,-43.441544,-42.10309,-41.121872,-40.45512,-40.90304,-41.16449,-41.712605,-41.18377,-41.188507,-41.960926,-41.581657,-41.192665,-40.894436,-40.988853,-41.339073,-40.309067,-40.331852,-40.177773,-39.955063,-40.90304,-41.958008,-43.073593,-45.293045,-48.839,-52.451508,-54.48708,-55.857033,-55.83881,-55.895412,-56.18743,-56.057148,-55.55263,-55.190037,-53.37088,-52.311703,-51.423492,-52.14874,-53.29328,-52.010544,-50.509396,-50.69017,-50.843452,-52.165302,-53.426888,-54.17264,-54.838528,-60.029255,-78.997856,-79.745026,-79.742256,1
-204.20786,154.143,-39.664997,53.60876,-19.64799,-12.662313,-9.213834,-23.205034,-5.2869296,-17.741053,-10.10133,-8.99232,-7.8085284,-57.60176,-52.266613,-46.51093,-38.197445,-28.452284,-22.14809,-24.448112,-27.99725,-29.510775,-27.341974,-26.19937,-28.109632,-28.895515,-27.88847,-26.66035,-24.649052,-25.359547,-29.332378,-30.13559,-30.101007,-29.181871,-29.826916,-31.7538,-32.545853,-32.837784,-33.193607,-36.179295,-39.49027,-40.712227,-39.16597,-38.35196,-38.92343,-40.038685,-42.22269,-41.953682,-42.07177,-42.241055,-42.138515,-42.931564,-42.32712,-43.384068,-44.06088,-43.639027,-45.354107,-45.305332,-43.936604,-44.522655,-45.75043,-45.842445,-45.92261,-46.484432,-47.344852,-47.72218,-48.42917,-48.33046,-46.955963,-46.793503,-45.13131,-44.216118,-45.228664,-46.395885,-46.684017,-45.803665,-46.014366,-46.321014,-44.400986,-44.365467,-46.968254,-45.49012,-45.320152,-47.339424,-46.500584,-47.38603,-49.16519,-48.185272,-47.787666,-50.302696,-49.325745,-48.130386,-47.371235,-47.26916,-45.21852,-43.20542,-45.201656,-46.92552,-47.41299,-50.385494,-51.46619,-51.981068,-52.837494,-55.493416,-55.352795,-53.55703,-54.12055,-53.43564,-52.30694,-51.85569,-53.33018,-53.641224,-54.150124,-54.968834,-58.568966,-65.2794,-68.641945,-72.66242,-74.04269,-72.747055,-72.757065,-73.055,-72.97978,-74.08796,-74.94986,-74.264786,-77.23799,-79.24711,-79.26752,-79.29545,-79.30353,-79.31038,-79.32418,-79.34524,-79.362564,-79.37526,-79.389206,-79.39858,-79.41007,-79.42065,-79.42622,1
-205.39735,78.26826,-0.28375873,27.231407,-18.334358,8.3436165,-22.769276,-13.1553335,-16.430368,-9.806185,-7.5186257,-2.4648018,-18.090622,-52.87451,-51.96427,-47.82196,-42.67618,-36.76205,-29.59643,-27.23451,-28.519018,-31.414015,-33.197918,-33.00682,-29.977764,-28.18162,-27.902182,-29.7071,-30.676315,-32.527317,-33.235775,-32.354492,-32.44955,-33.84821,-34.009434,-33.870403,-34.2841,-35.996487,-37.4266,-38.79379,-39.472843,-39.387226,-41.001213,-42.778053,-42.92682,-42.768684,-44.496502,-45.51097,-45.57814,-45.239403,-44.398613,-43.63784,-44.141476,-44.76245,-45.419193,-44.54549,-44.209705,-44.427547,-44.95921,-45.29883,-44.943672,-43.529694,-43.514275,-43.51527,-44.11687,-44.870304,-45.06028,-44.576,-43.98206,-45.442062,-45.4241,-45.319042,-45.003708,-45.862583,-46.215923,-47.003876,-46.75848,-46.943775,-47.15942,-47.40621,-48.385178,-48.10222,-49.04608,-50.01375,-50.16771,-50.072628,-48.615417,-48.151714,-48.114185,-47.86533,-46.82368,-46.834263,-45.86175,-45.43461,-46.646008,-48.283463,-49.85952,-50.947346,-50.81304,-50.7288,-51.317,-50.970085,-50.34482,-49.19155,-49.04375,-47.465977,-47.16698,-46.983368,-47.12612,-46.66033,-46.383938,-46.472862,-46.968147,-46.809616,-44.675762,-43.63296,-44.390385,-46.803402,-50.07491,-52.265835,-54.825672,-56.28234,-58.02113,-59.134068,-59.55761,-59.077477,-58.732464,-57.03648,-56.039024,-55.079044,-53.52678,-53.39102,-53.441105,-53.746662,-54.009323,-54.71184,-55.652584,-59.562344,-78.11526,-79.56845,-79.57278,1
-146.41805,124.88074,-5.136457,39.282204,10.322822,15.8393135,-1.608325,-12.5631895,1.6086501,-13.85346,-5.9809556,-1.4058912,-6.0115767,-30.492216,-36.74599,-32.924435,-17.996744,-15.106845,-24.892467,-29.293936,-24.026958,-18.408531,-20.150309,-26.107073,-25.272615,-24.835552,-26.396942,-29.061125,-29.461864,-28.728981,-27.432444,-29.55503,-32.463337,-32.99527,-34.198196,-35.4772,-37.168377,-38.08171,-39.09919,-39.726646,-41.777462,-41.890858,-41.793274,-42.481388,-43.089443,-44.8027,-43.36868,-42.063805,-41.132084,-41.141567,-42.175907,-43.017803,-43.20357,-41.735935,-40.825058,-41.938023,-41.621475,-41.898746,-41.833065,-41.31084,-41.06292,-41.890568,-42.35622,-43.365326,-43.015713,-42.133133,-43.032448,-43.27803,-42.194263,-41.733013,-41.676754,-41.092995,-42.22526,-42.447872,-41.818714,-43.11172,-43.49973,-43.032253,-44.137962,-44.68432,-44.942234,-45.160145,-45.1105,-45.603786,-46.337597,-47.769714,-48.112568,-48.11924,-47.40238,-47.15361,-47.455772,-48.349186,-48.918663,-50.620358,-52.021454,-52.371674,-53.196068,-52.811367,-52.49406,-52.628212,-50.993507,-50.060444,-49.1405,-48.845165,-47.785164,-48.70675,-50.52888,-51.854393,-52.354557,-52.224876,-51.829742,-51.953224,-52.132236,-52.26865,-53.78705,-55.69251,-56.632988,-57.037083,-58.177425,-59.36623,-61.641273,-63.620724,-65.0959,-65.02175,-66.10889,-66.05225,-65.86204,-66.29777,-66.152954,-65.98464,-65.42021,-63.637093,-63.12217,-62.73012,-62.813942,-62.938194,-63.50063,-64.85371,-65.461334,-67.231476,-74.04913,1
-224.37979,63.65923,4.6259146,0.25030053,-17.758368,-1.8495584,-18.060987,-3.917306,-18.427332,-5.1740866,-13.972006,-3.4258096,-11.242098,-58.573627,-59.869682,-57.805496,-56.344566,-53.885445,-50.30696,-45.854424,-40.44288,-34.749218,-32.095333,-34.72551,-39.831944,-42.778065,-44.835903,-45.970554,-46.344494,-44.902092,-41.597694,-39.675495,-38.070866,-37.946953,-38.833477,-41.786182,-45.974297,-46.517704,-47.17213,-46.730927,-45.49073,-44.870926,-46.28618,-46.504036,-46.667984,-47.00996,-47.12923,-48.033344,-49.294422,-48.5681,-47.852753,-46.50976,-46.721756,-48.139427,-48.77713,-48.939976,-49.621418,-50.40688,-51.122654,-50.702175,-51.41072,-52.069633,-51.82821,-50.964314,-49.345573,-51.03329,-51.915836,-52.570248,-52.935223,-53.022552,-53.907265,-53.27844,-52.199535,-53.67429,-56.39195,-56.7823,-55.45287,-55.701588,-55.24306,-53.85903,-54.54013,-55.873646,-55.79496,-55.551052,-54.844734,-55.345284,-55.45971,-56.869442,-56.930046,-55.67031,-56.57138,-56.775883,-56.176445,-56.74404,-56.69811,-56.775314,-57.226513,-57.325775,-60.221966,-58.315926,-56.892696,-57.65227,-57.047543,-56.5308,-56.444344,-56.536003,-55.29571,-56.079304,-58.37313,-57.696003,-57.561275,-58.694683,-58.923817,-59.535988,-58.922855,-58.839157,-57.684402,-56.819004,-55.694637,-54.80382,-53.757504,-54.501957,-57.06907,-59.110107,-59.3214,-58.527508,-57.934788,-56.75524,-57.622597,-57.833725,-57.377758,-58.4314,-60.724884,-61.81551,-60.452866,-61.18467,-63.882523,-66.11816,-67.43697,-68.732704,-74.294,1
-183.47426,117.72451,-2.638887,33.4163,-17.453987,5.9900646,-8.096424,-11.781912,-2.2895913,-7.3687224,-8.225292,-0.6301218,-8.367104,-26.713356,-42.39285,-43.490498,-43.291218,-40.903847,-36.039177,-24.453901,-18.986813,-24.108013,-30.25521,-32.368626,-33.135887,-33.176105,-29.243994,-25.137691,-25.832722,-29.791203,-34.715702,-38.046593,-40.179356,-37.58026,-31.449423,-29.071047,-30.835245,-34.953506,-38.70989,-41.17386,-40.452126,-39.240627,-38.482018,-38.426056,-39.913277,-41.51531,-41.622723,-42.554604,-40.672108,-40.07266,-42.076805,-45.038826,-45.9785,-47.264233,-47.19521,-45.629295,-42.300945,-41.950394,-43.05446,-43.379753,-45.83369,-47.33002,-46.692795,-46.103485,-47.201088,-47.347424,-47.369587,-48.161106,-47.83255,-48.026657,-48.544643,-48.22954,-49.388123,-48.52007,-48.65731,-48.406357,-47.7803,-48.53701,-48.857265,-51.278076,-50.028286,-48.83524,-50.738346,-52.146877,-50.005093,-51.550346,-53.357815,-50.309666,-50.07578,-53.98852,-54.303127,-52.23581,-52.6433,-53.975536,-52.35273,-53.10647,-53.254482,-50.79833,-52.323544,-50.06379,-48.658047,-48.982643,-49.901814,-50.74738,-50.72534,-51.140182,-53.03199,-54.143192,-54.43493,-53.729412,-52.291462,-51.957977,-52.444824,-52.3052,-52.73145,-54.032616,-56.17532,-58.718475,-60.289288,-60.78033,-60.69791,-62.001823,-64.24489,-66.32891,-66.860245,-67.98941,-68.6167,-67.18912,-66.9025,-66.71992,-66.77725,-64.78796,-63.757275,-63.579323,-61.845387,-61.799183,-63.894283,-67.67991,-78.89444,-79.39499,-79.43679,1
-209.75108,140.71191,-36.80104,40.869854,-24.891537,-3.4404461,-18.61905,-15.372149,-5.3556013,-14.290176,-5.09384,-11.548904,-0.5943221,-56.321915,-53.621487,-48.808167,-39.78946,-32.796566,-27.726534,-29.164598,-31.975996,-34.24684,-35.940533,-36.152206,-33.13451,-28.536482,-28.333372,-30.670391,-32.07316,-31.734081,-32.10147,-31.680552,-30.68474,-29.88537,-31.262772,-33.05533,-34.56091,-35.08772,-36.11562,-37.676327,-39.874542,-40.8855,-39.08491,-39.332912,-39.70184,-40.572594,-41.42355,-42.67111,-42.18143,-43.720398,-44.864372,-43.360546,-42.607388,-43.750645,-44.62701,-43.53032,-43.403366,-44.453323,-46.22355,-45.060654,-44.018734,-46.32147,-48.88421,-49.04591,-48.661728,-47.493202,-49.56405,-48.352497,-46.699898,-45.58552,-46.672455,-47.277287,-43.7271,-43.821182,-47.58249,-46.52178,-44.38189,-46.884235,-48.256283,-48.06101,-45.703243,-46.36724,-49.474075,-50.071377,-49.6752,-50.158043,-51.446663,-51.843525,-52.101826,-52.656395,-53.321964,-49.561123,-50.797546,-48.627903,-47.179375,-46.918266,-46.59811,-48.304478,-50.50314,-51.80224,-54.701466,-58.00251,-59.161804,-57.26216,-57.394894,-58.17993,-57.64896,-56.9241,-53.55213,-50.71331,-50.74453,-52.143196,-53.440582,-53.201183,-57.007267,-59.91284,-65.84328,-68.91952,-68.69187,-68.23987,-67.617516,-69.46266,-68.29905,-68.87246,-68.18282,-69.11056,-73.22093,-79.47873,-79.48415,-79.48931,-79.494,-79.49897,-79.50268,-79.508575,-79.51184,-79.51607,-79.51926,-79.522125,-79.523415,-79.52529,-79.5273,1
-214.43376,139.00777,-22.890907,0.8167018,-28.650232,-9.395073,-21.416761,-21.299995,-13.192431,-18.197723,-11.811368,-11.378007,-13.465529,-67.59828,-63.984367,-60.62233,-57.21459,-55.320076,-53.12275,-49.483074,-43.99654,-38.545506,-30.23598,-23.658455,-22.959608,-29.862373,-38.705067,-42.209854,-43.427914,-42.811344,-41.21561,-41.515,-41.340668,-37.529076,-33.441483,-31.686966,-31.069435,-32.934055,-36.57171,-41.594326,-45.560955,-47.70273,-48.303738,-47.418083,-45.589977,-43.23226,-42.077927,-40.861748,-39.558586,-40.949867,-44.3197,-47.96735,-50.012352,-52.38264,-50.327427,-47.235252,-45.606846,-46.821564,-47.002518,-46.66634,-48.18057,-49.80271,-52.0557,-52.099117,-50.41258,-49.936943,-51.003857,-52.35286,-51.72899,-52.646187,-53.215794,-53.693886,-54.4747,-55.484367,-56.266273,-53.80409,-54.153507,-56.215816,-55.696095,-57.038986,-58.384075,-57.60982,-57.748577,-57.485424,-59.95396,-63.945877,-64.65391,-61.23023,-58.932034,-58.355755,-61.353832,-62.374996,-60.45995,-59.62168,-62.73614,-63.450855,-63.94866,-62.602413,-65.34744,-66.7932,-65.424736,-64.20094,-67.74031,-67.14568,-63.840225,-63.00768,-64.82503,-63.203987,-62.79079,-61.935146,-62.10223,-63.0867,-66.26141,-65.65184,-65.785225,-72.20578,-75.41958,-75.62183,-72.35232,-70.22089,-73.85555,-72.25219,-72.703064,-72.475784,-72.1705,-72.75664,-75.64098,-79.57017,-79.63851,-79.58829,-79.67092,-79.61981,-79.68074,-79.65288,-79.69058,-79.68532,-79.697815,-79.69652,-79.70237,-79.70267,-79.70324,1
-136.32991,77.44424,-23.50211,52.262108,-16.98426,-9.12957,-13.7427025,-23.732454,-24.474524,-14.318772,-24.743721,3.1293807,-26.919613,-61.284573,-58.72934,-54.169846,-46.666935,-32.83218,-20.968008,-21.28484,-29.744709,-32.954643,-30.889868,-27.528553,-20.93663,-18.19788,-21.82149,-26.629896,-30.203562,-31.14296,-29.85478,-28.41477,-28.56516,-29.392715,-32.705326,-35.842766,-34.836216,-33.322018,-35.361008,-36.87828,-39.3378,-42.630966,-44.797436,-44.330658,-43.97024,-44.444153,-45.248158,-45.746574,-46.247223,-43.91329,-42.61451,-42.2554,-42.046947,-42.794453,-43.782196,-44.21107,-43.0971,-43.135868,-42.95781,-43.497852,-44.082703,-43.906002,-43.275764,-44.401535,-43.87125,-43.88442,-43.265537,-42.817833,-43.521057,-44.36888,-43.572113,-41.994747,-42.36562,-45.139534,-44.938515,-43.72378,-42.06472,-42.46401,-42.233616,-41.74007,-41.46707,-40.84582,-41.59748,-42.612717,-41.54881,-42.382927,-42.25553,-40.825996,-40.156918,-40.08482,-38.5024,-38.712677,-40.194096,-37.667328,-37.75622,-36.61588,-38.334084,-39.23126,-40.202164,-42.470604,-42.62926,-42.971127,-42.82969,-42.606796,-42.670296,-41.69706,-41.06163,-39.62916,-39.83279,-39.99994,-40.348602,-40.203476,-41.731808,-44.186134,-47.862648,-52.934265,-57.26907,-60.495766,-62.06303,-59.90178,-60.003826,-59.137863,-58.702587,-57.857006,-55.556282,-55.054493,-55.674984,-56.59168,-56.750454,-55.69542,-55.772625,-55.504322,-54.936047,-54.128777,-54.582996,-56.207146,-57.922585,-62.724552,-79.46243,-79.805016,-79.80556,1
-209.73497,100.186775,1.725321,42.012363,-12.800309,0.30217528,-6.1480308,-4.5630555,-5.6760936,-6.7373915,-11.720142,1.4403591,-7.954176,-27.883625,-43.706257,-45.32696,-44.610523,-42.8958,-37.27824,-27.442905,-21.113386,-22.19817,-27.977642,-34.21292,-38.503403,-37.46428,-33.941406,-30.977383,-31.241972,-32.524372,-33.729404,-34.79235,-36.851307,-36.855408,-37.540134,-39.676117,-41.125538,-43.191795,-43.4148,-41.049816,-39.53641,-39.61127,-38.686462,-40.7312,-44.52166,-48.442444,-50.82365,-47.864597,-44.067875,-42.238087,-44.035038,-45.786808,-48.260815,-48.097317,-48.819923,-48.73789,-46.952393,-45.416134,-45.984085,-50.318054,-52.74751,-51.700527,-50.44661,-49.03244,-50.649757,-51.123463,-52.121674,-53.68316,-51.969513,-50.456593,-50.545628,-51.954952,-51.98359,-51.326702,-52.473087,-52.72567,-51.267242,-50.36208,-49.497643,-50.95144,-52.00837,-49.463882,-46.447685,-47.82449,-51.403645,-50.670124,-48.59968,-48.91282,-52.133255,-52.729836,-52.632843,-51.76371,-51.24949,-53.753487,-53.39138,-50.344696,-52.424255,-52.61171,-48.917606,-48.212975,-47.829926,-47.026726,-47.646255,-49.605106,-51.49034,-53.012985,-54.147877,-55.46442,-55.916317,-56.427433,-55.463314,-54.119537,-53.1515,-52.518475,-51.494034,-52.19557,-54.602608,-58.750565,-61.13385,-62.379265,-62.64926,-63.7519,-63.73035,-63.8833,-63.63859,-64.67763,-64.95136,-63.903164,-63.80581,-63.846836,-64.92225,-64.05168,-63.884842,-63.709213,-61.25853,-60.338444,-62.90077,-67.04531,-78.62924,-79.19128,-79.19296,1
-175.15707,120.65173,-3.6084335,19.888449,-1.0180259,14.176601,-8.824355,-15.5550995,-15.723614,2.924505,-7.2629156,0.99560004,-4.231945,-25.450094,-40.824528,-41.596737,-40.76574,-38.61721,-30.627695,-20.891167,-19.038961,-25.554577,-30.550644,-34.339252,-35.81349,-33.251305,-28.570536,-26.171354,-28.360327,-31.00197,-32.486767,-32.323036,-32.14925,-29.86975,-29.48362,-30.5136,-33.678207,-38.423775,-41.171806,-40.853935,-40.13589,-40.815735,-40.81874,-41.4428,-42.514194,-44.10188,-44.247013,-44.600113,-43.440357,-42.695065,-43.468403,-43.87643,-43.381237,-43.584908,-44.23533,-43.11662,-41.595222,-41.411648,-40.831264,-41.49566,-42.190296,-42.710323,-41.770687,-41.833958,-40.393265,-39.408733,-40.209267,-41.281567,-42.042377,-43.12981,-43.498024,-43.522,-43.909836,-43.76636,-44.842724,-46.159466,-48.855663,-47.73414,-48.25969,-50.16293,-52.097187,-50.07959,-49.75206,-52.782906,-53.094383,-52.667763,-52.411827,-53.26715,-53.53899,-53.087803,-53.16471,-53.46928,-53.02612,-52.064045,-51.785027,-52.6357,-52.131763,-51.97375,-52.357937,-50.50764,-50.359455,-50.65077,-52.585953,-53.990696,-55.421505,-56.411667,-56.479202,-57.657734,-57.037937,-56.60569,-55.286366,-55.081276,-56.105873,-56.04657,-57.546936,-57.503887,-57.66198,-58.978756,-60.95068,-61.401253,-60.084934,-61.093258,-61.22219,-60.29553,-60.987206,-61.75796,-64.558586,-64.263115,-64.58982,-65.18426,-64.83142,-61.61514,-59.27696,-58.19834,-60.18377,-60.98833,-61.564026,-64.95637,-78.8737,-79.5854,-79.58726,1
-203.14368,98.03683,-41.409603,13.015454,-27.364956,-14.269882,-27.234556,-32.968933,0.9901021,-15.1403885,-0.68131536,-14.26916,6.1467113,-65.53178,-63.419266,-62.27982,-58.8748,-56.777824,-54.561394,-49.17654,-42.971416,-37.84651,-31.31335,-27.966774,-32.728516,-41.180164,-46.922478,-47.528446,-45.240276,-41.201366,-39.322357,-38.772354,-36.866352,-31.515007,-27.508018,-27.589108,-30.304409,-35.899254,-37.699005,-38.75014,-40.460316,-43.8658,-44.647514,-43.43113,-42.596634,-41.584976,-41.368668,-43.120792,-46.926945,-48.527798,-50.14098,-51.109734,-50.18911,-47.80162,-45.997395,-45.215065,-44.85527,-44.09666,-45.061874,-47.646393,-50.37012,-50.735683,-50.211037,-48.429527,-47.322502,-46.38553,-45.957108,-46.177822,-47.77552,-47.78722,-46.191605,-44.538063,-43.912083,-44.58743,-44.78602,-45.15113,-45.92277,-45.340736,-45.684944,-47.79546,-47.947052,-48.727844,-49.452583,-51.006084,-53.295895,-53.757504,-52.811546,-53.07102,-54.43219,-56.116806,-55.48955,-53.869293,-53.43922,-55.11102,-55.772575,-54.095036,-52.36582,-52.03379,-51.052006,-49.738808,-48.76684,-50.654335,-52.090027,-52.577297,-54.559566,-57.622246,-58.274426,-58.998497,-60.6777,-58.742638,-58.04454,-56.009457,-54.198196,-53.31995,-52.565006,-53.144176,-54.72337,-56.82866,-59.765125,-63.023335,-66.139435,-69.121635,-71.51944,-72.65093,-73.79181,-74.301704,-75.05684,-74.860176,-75.27793,-75.3468,-75.37794,-74.5904,-73.257,-71.32436,-69.83404,-68.80702,-67.6046,-67.35959,-67.67837,-69.6045,-76.94918,1
-217.13515,68.56038,-6.305113,27.987532,-12.586504,10.606795,-28.553596,-9.670101,-11.913049,-7.084311,-10.273894,-1.2561321,-15.550603,-53.902916,-53.013264,-48.69874,-42.644855,-33.93549,-30.011448,-31.332798,-33.53911,-33.433098,-33.566086,-31.95978,-29.810062,-30.911491,-34.00349,-34.393715,-32.732635,-32.748592,-34.509865,-33.99517,-33.9535,-35.21288,-37.076126,-38.375134,-37.841633,-36.682556,-37.038025,-39.130096,-40.81159,-42.401485,-42.410442,-42.967907,-44.16453,-44.24163,-44.479225,-45.54738,-46.00452,-45.879486,-45.536575,-46.672558,-46.738148,-46.643692,-45.54413,-45.918037,-46.426605,-46.39206,-45.83865,-46.149593,-46.263668,-44.830376,-44.16748,-44.23497,-44.97472,-44.877422,-44.19918,-43.67079,-43.636555,-44.09206,-43.90341,-43.530663,-44.180668,-45.37257,-44.55729,-43.5502,-43.817528,-43.517036,-42.971935,-44.375114,-45.662823,-45.611042,-45.826733,-46.881374,-46.97892,-48.07951,-47.580383,-47.43033,-48.562366,-48.78335,-48.01839,-47.93486,-48.07386,-47.736317,-48.11508,-48.18757,-48.757263,-49.495514,-50.568142,-49.817425,-50.507107,-49.798904,-49.983234,-48.96583,-49.17755,-47.94044,-47.441315,-46.95839,-47.149136,-46.295757,-45.690838,-45.40602,-45.454002,-46.648365,-46.62991,-45.260284,-45.34463,-47.02614,-48.5776,-49.689724,-51.439945,-52.575394,-54.603825,-57.019733,-57.631252,-58.04969,-57.144547,-57.044163,-56.22493,-54.78774,-53.844257,-52.592155,-52.884037,-53.696846,-54.698624,-55.03971,-55.914627,-59.87995,-77.35301,-79.3126,-79.30028,1
-176.84335,55.93611,-11.9148035,33.092007,-27.92093,3.7343333,-25.469599,-16.92929,-25.541006,-11.662691,-14.247009,-8.479873,-2.7869596,-62.670418,-60.020554,-57.37062,-54.299995,-49.271637,-39.971424,-33.638817,-32.648613,-34.26443,-36.661186,-38.02999,-36.668175,-32.8786,-32.524883,-34.416504,-35.6359,-35.180634,-33.93136,-33.905903,-33.524124,-33.693634,-35.888805,-38.138603,-40.584366,-41.608532,-40.83153,-39.76833,-42.794815,-45.62094,-48.492813,-50.40182,-50.930717,-49.80207,-46.617123,-47.313877,-47.821922,-47.46961,-47.01138,-46.493706,-46.559536,-46.424175,-47.023136,-48.289246,-48.85349,-48.596615,-46.63344,-43.945213,-45.202587,-48.60314,-49.00762,-47.801434,-47.16419,-47.342354,-47.731552,-48.630344,-49.06357,-48.01534,-46.890713,-47.67557,-47.454952,-47.92772,-47.869762,-48.7668,-49.01066,-48.94895,-48.081646,-49.11612,-49.33832,-49.70278,-49.41976,-49.2104,-47.32201,-48.250168,-50.20362,-48.77826,-47.824123,-48.548332,-48.57384,-48.826694,-49.882317,-49.467636,-47.115936,-45.862362,-46.02777,-47.52899,-45.23455,-44.187874,-43.57252,-41.705395,-43.10821,-45.127605,-46.682087,-48.07232,-50.271324,-50.54218,-51.054947,-50.755997,-49.69564,-48.727535,-47.48667,-47.681236,-46.248276,-45.719254,-45.012432,-45.216457,-46.882385,-48.766445,-51.162994,-52.193993,-53.789513,-55.153812,-56.442333,-56.477936,-57.49828,-58.257458,-59.381977,-60.769554,-62.128773,-63.34504,-62.31348,-59.526073,-57.08793,-55.323017,-54.404198,-58.275204,-78.22306,-79.60946,-79.61021,1
-171.08533,66.65208,-38.19344,18.602982,-24.855116,-0.39470708,-17.857038,-0.6348998,-14.567605,-1.0157845,-12.434525,-6.728253,-3.3967466,-47.615154,-51.41022,-55.677113,-56.67531,-55.84979,-51.41743,-41.19635,-30.199518,-26.144106,-29.659565,-36.413116,-43.51815,-46.388958,-44.57111,-41.556377,-38.132774,-37.558025,-36.379818,-36.40242,-37.07915,-37.63589,-38.306133,-38.875748,-40.924625,-41.51171,-40.127525,-39.15338,-38.48165,-38.783234,-39.799553,-41.04231,-41.59038,-41.28424,-40.682587,-41.040817,-41.444798,-41.168503,-40.802834,-40.61844,-40.443855,-41.164192,-42.377743,-42.219658,-41.45235,-42.484188,-42.874165,-42.97281,-43.199703,-43.711025,-42.835632,-43.670662,-45.136475,-44.485275,-42.40309,-43.129253,-43.516857,-43.339905,-43.692135,-45.058937,-44.240032,-42.023254,-41.654293,-43.21407,-44.41376,-44.214314,-43.18912,-43.28794,-42.750816,-42.701813,-43.755108,-44.704826,-44.32618,-43.86778,-45.35696,-47.005733,-45.786263,-46.261974,-46.869247,-44.59708,-45.097355,-47.177013,-44.745388,-42.900684,-44.409393,-44.371277,-42.561924,-41.688633,-43.34034,-45.069523,-46.00928,-48.175514,-49.743843,-50.56741,-51.81921,-51.93073,-51.70677,-51.116596,-51.00583,-50.60866,-49.340145,-49.48199,-48.9147,-49.116528,-49.55606,-50.139847,-51.366913,-51.541386,-52.31965,-53.064342,-54.640896,-55.140205,-55.671165,-56.361343,-58.09,-60.11189,-60.530422,-61.387417,-62.65303,-62.61366,-61.47007,-58.833336,-57.744934,-57.43648,-57.723343,-62.23074,-79.53922,-79.686584,-79.70133,1
-331.52594,38.28546,-11.4260645,26.695663,-13.255062,1.19759,-10.355192,-9.851926,-12.996489,-8.265502,-9.066135,-9.8901825,-3.4492192,-69.91938,-69.21468,-68.43377,-66.64892,-62.4832,-57.731842,-55.59284,-56.66629,-55.10428,-52.084816,-49.548115,-46.260433,-47.461563,-52.628983,-58.792027,-60.444008,-60.21422,-58.28466,-56.849697,-56.19886,-56.012405,-56.854565,-58.38348,-57.855892,-56.53209,-57.942963,-60.969856,-63.494144,-65.77157,-65.41305,-63.129295,-61.611195,-62.42888,-63.25007,-63.322575,-63.23516,-60.921284,-60.592854,-62.67073,-63.95913,-64.19386,-64.33634,-63.635876,-64.095406,-63.987057,-63.107075,-62.620937,-63.088367,-61.97944,-61.47624,-62.433094,-62.773495,-64.04151,-64.78542,-63.64302,-63.367924,-63.397835,-61.962982,-60.811348,-62.488667,-63.31494,-63.769524,-63.85224,-64.56213,-63.945534,-61.74164,-62.560844,-64.634926,-63.602226,-63.655373,-62.62765,-60.920216,-61.022083,-62.285408,-62.709785,-61.89257,-62.165466,-62.38414,-63.81365,-64.49171,-63.440403,-62.568047,-60.8377,-60.228973,-60.844402,-61.256172,-59.85675,-58.421238,-59.797386,-60.65731,-59.748947,-60.327057,-63.056038,-63.515263,-63.562675,-65.188194,-65.961815,-65.3663,-65.80341,-66.05105,-64.29804,-63.941555,-64.015785,-62.648693,-63.01076,-64.28616,-64.12282,-64.71672,-65.03057,-67.11877,-69.11222,-69.91224,-71.46623,-72.02138,-72.293,-72.62092,-74.41637,-74.19152,-73.973404,-73.541145,-72.78537,-71.57032,-70.62679,-69.68225,-71.17116,-78.90261,-79.804665,-79.80484,1
-249.98773,125.97393,-20.620676,6.759968,-30.998571,-5.5415154,-14.581641,-25.73086,-11.340301,-13.386071,-16.636068,-18.126575,-13.448285,-69.26851,-67.19375,-63.915897,-59.872505,-56.775898,-53.85862,-48.352276,-45.208332,-41.46438,-36.23729,-30.376936,-25.080055,-26.704288,-33.282852,-39.60673,-44.389385,-46.58093,-47.59014,-48.21864,-47.489197,-46.105618,-43.655094,-41.84732,-37.62702,-34.752056,-35.357624,-39.78673,-44.09419,-47.44811,-49.537865,-50.048897,-50.652332,-50.040726,-50.138157,-48.38429,-47.055183,-44.84198,-43.56984,-44.41743,-46.136543,-48.939274,-50.4363,-51.87262,-52.993305,-55.22301,-54.577652,-53.191692,-51.521614,-49.665936,-49.53767,-50.62003,-54.305973,-54.592087,-55.413292,-56.62695,-55.733482,-54.839146,-52.54317,-51.36998,-52.1172,-55.151268,-57.488037,-58.1226,-58.154293,-57.49877,-58.03655,-59.04836,-61.851425,-63.93297,-65.2336,-64.41124,-63.292652,-63.14048,-65.20139,-64.585556,-63.59065,-62.837738,-61.43378,-59.62615,-60.158913,-63.685783,-63.649315,-61.981293,-61.831676,-64.616425,-66.034454,-64.005226,-62.684,-62.22097,-62.61232,-61.015587,-60.60284,-60.883743,-62.369667,-63.69779,-63.521812,-64.28684,-66.08214,-66.34687,-65.14411,-66.370445,-67.68212,-71.55847,-74.168846,-72.80483,-71.442955,-71.99899,-72.69294,-72.07217,-72.14865,-74.03591,-75.35386,-75.62578,-78.306274,-79.8506,-79.85457,-79.857796,-79.86163,-79.86506,-79.867836,-79.87027,-79.872055,-79.87351,-79.87584,-79.87768,-79.879074,-79.88056,-79.88018,1
-260.86578,75.80048,4.785879,24.966934,-34.956383,-26.026918,-33.417137,-29.266973,-8.82003,-20.156612,-13.327769,-9.547836,-1.4054888,-73.99565,-75.86488,-75.41375,-69.26537,-66.22156,-64.68602,-50.28961,-36.81212,-33.147877,-40.55682,-45.579796,-48.604244,-52.12385,-53.90226,-44.921238,-35.4848,-34.51996,-39.148407,-40.78012,-42.409794,-43.036358,-42.587067,-39.404102,-37.036076,-39.672234,-48.04211,-52.974495,-53.37019,-52.587135,-53.92742,-52.009933,-49.3276,-47.917583,-52.014126,-58.55519,-61.51767,-62.66564,-62.13788,-58.720257,-57.01664,-57.031803,-59.90422,-64.10218,-64.89768,-65.13751,-64.34706,-61.153107,-59.443222,-60.418007,-65.5573,-68.39263,-68.50557,-66.54626,-63.648407,-62.829483,-64.14279,-66.93586,-67.629684,-64.764626,-61.347294,-60.28996,-61.28429,-62.537903,-61.19593,-60.19452,-60.657093,-60.91612,-60.73744,-59.55401,-60.37138,-63.01886,-63.74442,-62.671192,-63.063133,-64.965904,-65.09856,-64.23286,-64.397606,-65.43702,-64.554306,-63.55661,-64.20727,-63.530617,-61.369152,-60.362076,-60.041782,-59.4113,-59.152874,-60.080242,-61.409187,-61.639668,-62.17979,-62.396152,-61.77681,-61.14684,-60.211334,-60.57998,-61.379128,-61.34801,-62.696674,-63.560226,-63.858185,-64.7102,-64.16786,-64.86642,-65.456215,-66.235695,-67.568,-68.269936,-69.73118,-71.56673,-73.71868,-74.72978,-74.87555,-75.0262,-75.03444,-74.724236,-74.437836,-74.43089,-74.505005,-74.603485,-74.69899,-74.36029,-73.65055,-72.546364,-71.93081,-73.37528,-77.60499,1
-171.16866,126.05319,-21.641182,28.94119,-17.900675,-8.673284,-11.2799835,1.2719438,-18.018087,-0.13676098,-4.6548505,-6.8434734,5.158477,-30.896185,-41.049255,-44.10916,-45.487965,-41.735245,-34.98576,-30.57474,-29.437529,-29.573776,-30.295582,-32.880302,-33.90684,-33.24593,-33.056084,-31.279072,-30.672688,-30.702595,-30.525856,-29.103416,-29.742262,-30.725636,-30.810652,-30.715815,-32.09293,-33.450676,-34.86536,-35.919422,-38.298973,-40.161476,-40.35819,-38.881496,-37.05665,-36.00946,-37.682014,-39.49235,-39.281815,-37.576187,-36.587894,-38.226627,-41.119816,-43.164936,-44.410915,-44.50468,-43.865253,-43.263508,-41.73605,-40.898846,-42.55075,-45.154865,-45.54446,-44.938614,-45.16924,-44.818306,-45.044727,-46.556374,-46.671562,-46.631737,-47.024784,-47.272118,-46.231953,-46.488804,-48.252907,-49.480114,-48.93834,-47.286713,-46.910866,-47.67778,-48.679417,-46.44912,-46.953117,-45.757988,-45.693665,-46.60999,-47.592106,-47.299004,-47.41114,-47.53449,-46.737804,-47.388718,-48.924057,-48.38565,-46.829678,-46.54142,-47.72793,-48.701378,-48.63868,-47.869663,-47.998238,-48.4807,-50.20358,-53.514004,-54.057453,-55.279568,-58.02927,-60.66849,-60.906273,-58.242977,-61.473682,-63.681343,-59.245285,-57.902348,-58.680504,-57.19601,-55.767017,-56.791786,-59.865967,-61.255573,-59.0292,-59.777138,-61.437225,-62.571682,-61.395546,-61.014496,-63.07358,-63.227844,-66.60543,-69.97813,-71.32301,-72.09682,-73.324905,-72.101105,-72.72239,-71.79849,-71.81393,-72.252106,-71.07875,-72.99051,-77.257614,1
-212.58125,108.41115,-19.660324,43.066685,-15.785993,1.4508315,-28.925629,-7.6556187,-19.925678,-16.88614,-8.755034,-14.292092,-6.592437,-52.217625,-51.445217,-48.83542,-44.131855,-38.615944,-24.931417,-18.845861,-23.494768,-27.618578,-28.234184,-27.475807,-26.316027,-24.145731,-24.65211,-26.648785,-28.289309,-30.918648,-31.1209,-26.367308,-23.016191,-24.5371,-29.862068,-33.538025,-36.639183,-38.21733,-38.120613,-37.857986,-41.634796,-42.72027,-39.576164,-38.21401,-36.82075,-38.03744,-41.32773,-43.256557,-44.27448,-44.31104,-43.46,-41.918182,-40.807384,-42.276497,-45.250065,-47.272385,-47.943928,-44.107876,-41.54857,-42.378857,-44.639187,-46.21583,-43.85053,-40.893158,-42.43743,-45.274704,-45.79478,-45.594654,-45.000206,-44.097557,-43.752697,-44.416348,-43.58169,-43.39538,-44.84956,-46.28374,-42.187057,-40.638344,-43.663975,-45.661633,-44.80014,-43.282063,-43.26177,-43.604225,-43.896454,-42.88414,-42.281162,-42.449337,-43.6296,-44.590515,-44.482494,-45.69712,-47.843777,-48.30501,-47.215214,-46.34632,-47.048195,-47.69954,-47.871513,-47.981583,-47.60499,-47.530754,-48.20531,-49.416054,-50.597477,-50.782806,-51.757656,-53.78142,-53.63948,-53.00964,-52.204372,-51.485046,-50.431923,-50.336582,-49.249783,-49.353756,-49.55509,-50.117985,-50.85029,-51.363888,-52.774723,-54.205414,-56.908283,-58.423073,-60.153137,-61.83855,-64.37984,-65.562515,-68.14564,-68.62491,-68.16246,-68.39774,-67.962204,-65.80219,-65.05145,-64.0471,-63.566475,-67.37421,-78.8978,-79.10464,-79.10569,1
-160.67694,125.27698,-24.311525,24.657795,-4.8285484,-14.301503,-19.622196,-11.651469,-13.446329,-8.840418,-0.55464923,-5.96719,3.7214003,-28.660454,-39.022617,-44.41879,-45.264236,-43.97502,-39.7605,-36.222694,-33.875324,-28.84422,-25.090332,-23.860508,-24.69216,-27.481026,-31.787996,-31.748936,-30.905836,-30.294264,-27.292013,-25.62328,-24.905376,-25.875423,-24.912834,-25.521523,-26.666853,-29.414404,-34.058235,-37.321487,-39.89403,-40.52221,-38.5082,-37.76171,-37.7686,-37.52046,-37.652645,-39.159073,-38.09561,-36.463573,-37.56902,-39.725403,-43.113605,-45.289154,-46.67483,-46.29874,-45.972504,-44.00749,-41.547127,-39.910023,-38.894985,-38.270626,-40.14053,-41.449627,-42.154346,-42.542797,-42.550663,-42.749767,-43.322803,-43.984097,-44.24879,-44.91605,-42.91308,-42.42894,-43.080658,-42.62638,-42.966423,-42.42642,-41.68413,-40.730434,-41.4678,-42.65492,-43.062813,-43.463734,-44.70627,-46.144005,-44.297615,-43.982903,-46.06954,-47.59715,-45.35428,-43.761803,-43.265995,-43.56034,-47.15083,-49.512833,-51.136715,-52.91666,-50.277412,-49.485527,-50.06824,-51.016598,-51.676052,-52.76167,-51.871494,-51.90725,-54.44016,-59.076546,-59.521255,-57.597733,-57.78665,-58.02922,-58.035477,-56.821926,-56.965683,-57.47479,-59.341866,-60.15016,-60.153553,-60.290905,-61.006638,-57.47994,-56.2119,-60.49916,-64.65839,-63.177467,-64.97749,-65.76048,-66.274605,-68.972466,-70.48453,-70.34371,-70.05106,-69.47432,-70.1204,-68.11622,-65.0263,-65.01948,-64.46329,-64.52933,-71.47215,1
-154.31625,127.73312,-21.372763,26.20242,-7.64506,-13.698448,-11.298433,-5.3968754,-14.61634,-7.790239,-5.82189,-1.5943019,2.631375,-28.200008,-40.4383,-43.79048,-44.902275,-42.08185,-36.840435,-30.507084,-27.562378,-27.870441,-28.55498,-29.22434,-29.52894,-30.209564,-31.766314,-29.44417,-28.133848,-29.790857,-28.876095,-27.995249,-28.612823,-29.135134,-27.824924,-26.7179,-27.86063,-32.61398,-35.745186,-37.692863,-39.324654,-40.29404,-38.087578,-36.199688,-37.52079,-39.30954,-39.716656,-40.684814,-39.1354,-37.463535,-36.84339,-38.450172,-40.157692,-41.241478,-42.780437,-43.46225,-43.593224,-43.237465,-41.011726,-40.720097,-41.741,-42.313824,-42.275143,-43.354927,-43.960045,-43.87329,-44.238125,-45.10082,-45.183174,-46.150555,-45.609554,-46.46572,-46.91379,-46.469296,-45.771347,-43.76815,-44.331364,-44.819057,-45.077114,-44.494358,-44.22419,-44.694256,-44.8824,-43.51714,-43.604866,-45.160633,-45.247826,-44.335342,-45.121212,-45.445232,-44.73461,-46.451668,-48.10878,-47.0841,-47.769634,-50.23192,-51.27175,-51.41198,-50.769173,-49.914616,-49.419636,-49.404762,-48.858448,-50.09117,-51.190357,-53.716446,-56.51193,-57.991978,-58.788826,-61.041332,-59.501938,-60.602673,-59.809025,-59.245335,-58.428513,-59.681927,-62.408756,-61.765198,-60.682884,-59.081093,-56.469296,-60.132717,-64.02836,-64.661026,-64.277855,-62.65206,-64.32706,-66.009705,-66.010124,-65.56806,-67.46564,-69.811516,-69.61984,-69.83151,-70.47951,-70.59896,-68.16311,-67.60838,-67.376495,-66.56381,-73.25029,1
-195.97636,117.10341,10.275923,42.736286,10.482035,11.551008,-7.524502,3.3431478,-7.706585,-8.756787,-6.693628,7.710395,-21.176296,-22.235521,-34.858597,-33.18257,-20.486786,-13.202369,-21.293022,-29.502066,-26.50498,-18.208542,-15.638502,-21.345762,-26.650196,-27.274763,-23.110537,-23.133585,-26.346113,-30.30566,-31.131006,-29.783655,-30.988894,-33.96556,-35.979076,-36.36579,-34.97475,-35.76214,-39.00088,-39.809265,-40.373913,-38.672688,-38.99616,-41.757576,-43.15519,-42.1027,-41.383842,-41.24846,-42.572502,-44.635643,-44.891758,-43.561035,-42.587135,-43.91686,-44.248722,-43.564617,-43.42536,-43.45504,-43.57509,-43.869247,-43.31252,-44.02591,-45.113365,-44.91094,-44.142406,-44.149376,-43.92177,-45.465733,-46.35125,-44.87591,-44.791645,-47.30693,-46.1332,-44.49953,-46.003292,-45.669323,-46.0202,-46.7492,-46.341286,-46.14702,-45.127697,-46.1573,-45.335804,-44.949047,-45.29605,-44.35634,-43.744442,-42.97526,-42.547356,-43.260006,-45.200928,-46.66221,-48.67214,-49.324463,-50.962246,-51.78887,-52.388607,-53.74391,-54.484444,-54.372032,-54.0772,-54.621075,-54.079376,-52.695816,-50.765976,-48.715656,-47.76249,-48.489857,-49.46,-50.554825,-52.458893,-52.846622,-53.39436,-53.251827,-52.714592,-52.666325,-53.677486,-54.673477,-57.057446,-58.15055,-59.07709,-61.02046,-61.756847,-61.26929,-59.72029,-59.717297,-60.442314,-59.331722,-60.511387,-60.037125,-58.574352,-53.71827,-53.405205,-54.93048,-56.045223,-57.369564,-58.598442,-62.82433,-78.90656,-79.48223,-79.47076,1
-148.9258,152.38145,-42.57967,16.171484,-17.326014,-5.359447,-20.208635,-6.40834,-12.998554,-0.70607626,-1.2128351,-5.2541795,-0.36841032,-28.650389,-39.02099,-44.55411,-46.861122,-45.1037,-38.788723,-29.767586,-21.964376,-22.325272,-28.192757,-34.328465,-34.58048,-34.794106,-32.904724,-29.547808,-26.022139,-23.205076,-23.264284,-22.743914,-25.171083,-28.994326,-29.778591,-28.771881,-28.728981,-28.586231,-28.022655,-29.465654,-31.235937,-32.241512,-33.04763,-32.947937,-32.83918,-33.273514,-33.835316,-33.16661,-33.865974,-33.807716,-33.19261,-34.45595,-38.335964,-40.25684,-41.450768,-40.132137,-37.909607,-36.866356,-36.33414,-35.773575,-37.323673,-38.12706,-37.509514,-37.64454,-37.344383,-36.746902,-37.380184,-38.146763,-41.179287,-42.833035,-40.30314,-37.78341,-37.60034,-38.749043,-40.823902,-41.101753,-41.882454,-42.98442,-44.08875,-42.95849,-42.96922,-43.522736,-44.629288,-44.635303,-43.579292,-43.726692,-46.291447,-46.13569,-45.14911,-46.889935,-47.47788,-45.19546,-46.83185,-48.649345,-49.097935,-49.256504,-50.462597,-49.86305,-49.44015,-50.257412,-50.801384,-51.93084,-52.778576,-54.598095,-56.35134,-56.902485,-57.417194,-58.201977,-59.206272,-59.66285,-59.465126,-59.19581,-57.71642,-55.959343,-56.459656,-57.0815,-57.86238,-62.59012,-67.76974,-65.99256,-63.27676,-62.51668,-64.1976,-60.310143,-61.475994,-64.813934,-66.81381,-69.933075,-69.34688,-70.29814,-73.242676,-73.78156,-74.58313,-75.57561,-76.52175,-76.462456,-75.00025,-74.40661,-74.0007,-75.4127,-78.11415,1
-237.79115,103.06042,-1.5226464,30.798084,-20.387518,8.206923,-7.151505,-8.164447,-1.6909416,-6.420412,-13.444967,5.0196257,-10.486683,-27.130657,-41.581776,-41.773087,-41.666958,-39.720753,-35.72093,-30.745583,-23.46155,-21.618979,-25.323523,-28.886938,-30.553722,-32.32937,-33.933826,-33.821125,-31.420153,-28.568794,-29.030901,-31.824883,-32.919712,-35.815414,-37.891243,-37.87077,-36.454052,-35.338844,-34.750683,-35.676785,-38.479397,-39.96393,-39.157116,-38.8491,-38.220936,-38.53288,-36.791016,-36.819973,-39.529823,-42.959114,-44.65268,-43.36355,-43.256264,-42.9232,-42.179432,-40.672375,-41.4636,-42.099094,-43.628326,-43.948883,-44.304005,-45.37044,-44.366146,-42.525105,-44.489857,-45.3914,-47.070824,-48.422882,-47.34751,-45.859577,-45.296158,-47.136414,-50.18848,-51.251682,-49.75765,-46.52031,-45.764057,-47.535847,-49.468414,-48.26267,-46.6892,-45.99639,-45.673874,-45.966305,-47.038433,-47.974495,-50.01791,-51.447628,-50.781208,-51.048702,-53.18839,-54.39681,-52.32627,-52.505928,-53.312065,-51.833286,-51.196663,-49.85611,-47.993347,-45.235985,-44.64067,-44.167305,-44.972218,-47.113853,-47.502457,-48.704414,-49.120842,-50.077732,-50.81244,-48.52323,-49.27491,-48.56308,-49.262466,-50.70062,-50.912125,-51.690727,-53.578053,-55.68827,-57.148457,-57.46442,-57.383175,-58.01586,-59.00186,-60.341763,-61.161972,-62.359543,-62.61347,-62.135597,-62.54725,-62.21404,-62.766872,-61.59364,-61.035282,-59.210964,-56.569683,-55.992542,-58.74843,-63.11213,-77.89737,-79.11126,-79.16293,1
-207.27509,147.64389,-22.154438,2.1262987,-37.023735,-11.4936905,-14.91838,-28.322844,-15.726061,-11.096317,-15.085519,-19.83321,-9.695988,-63.369534,-61.241787,-60.14478,-57.604824,-54.357555,-50.66936,-47.453014,-44.209953,-38.746655,-25.982086,-17.743322,-19.74738,-26.451326,-32.797367,-35.825413,-37.320236,-40.73237,-42.557987,-42.14602,-37.84248,-31.365957,-27.530922,-27.47567,-30.226297,-35.008106,-37.297108,-40.529762,-42.575478,-42.768784,-40.506657,-37.522747,-36.568962,-38.563675,-37.277836,-37.581486,-41.023983,-44.722572,-46.670334,-47.90833,-46.552742,-44.65082,-43.286064,-43.61369,-43.510002,-42.09623,-42.769176,-44.19414,-48.236164,-50.150616,-50.904995,-49.184856,-49.032,-49.8709,-49.69622,-50.395252,-50.876686,-51.035484,-50.280075,-50.684223,-52.924023,-51.178368,-51.02484,-52.36725,-53.901905,-55.024357,-56.385487,-57.6309,-58.904385,-58.78143,-60.178528,-63.146503,-65.45265,-65.96662,-64.86278,-62.580315,-60.24508,-60.396408,-60.258682,-57.965405,-55.980247,-55.436592,-56.777134,-58.803078,-58.97539,-58.705864,-58.427105,-58.025448,-60.014515,-63.930317,-64.32625,-60.51464,-61.680725,-66.093666,-64.07209,-60.362698,-62.67218,-61.00504,-60.35721,-63.01503,-65.288795,-67.05029,-66.85565,-67.75455,-70.83041,-72.03376,-74.18972,-72.75604,-71.871216,-74.219574,-73.55204,-71.74947,-72.179,-72.66437,-76.36191,-78.892265,-78.955765,-78.91668,-78.95804,-78.94887,-78.948204,-78.98885,-78.947975,-79.00067,-78.97831,-78.9786,-79.00987,-78.98571,-78.99002,1
-197.93321,157.64844,-35.045692,19.543201,-21.391611,6.360841,-16.796425,-26.690172,-1.714366,-11.603547,-12.149875,-10.890759,-2.0336676,-58.52005,-54.891094,-49.052685,-42.19174,-31.571543,-26.241003,-26.557259,-31.68385,-35.434372,-34.71439,-30.427061,-28.15072,-29.713108,-32.14034,-32.633587,-31.2296,-30.024984,-29.665405,-28.797611,-29.028479,-30.656378,-32.087708,-32.894085,-34.940426,-35.936733,-36.153576,-36.97059,-36.856785,-37.557636,-39.014736,-40.584755,-42.208817,-39.914272,-38.308754,-38.63439,-38.536682,-39.931873,-41.666,-42.46423,-41.775955,-41.855217,-42.200848,-42.422024,-41.37423,-41.492363,-42.214554,-43.262665,-42.781105,-42.946583,-42.261475,-41.630074,-43.08044,-44.87952,-46.4231,-45.328384,-43.355156,-42.302853,-43.50426,-44.05294,-43.38852,-42.241127,-42.585434,-45.148506,-46.30892,-46.75691,-46.551083,-47.64423,-48.91795,-49.74239,-50.024143,-53.53137,-54.95419,-55.22246,-57.800552,-59.6728,-59.863495,-59.251945,-59.180206,-59.163116,-57.30963,-59.214874,-54.22561,-51.07808,-50.883957,-50.940002,-51.528988,-53.31153,-55.115402,-58.782787,-62.441357,-61.79879,-60.772625,-61.160343,-61.134083,-58.09015,-54.23085,-54.150623,-56.6404,-55.072422,-52.76175,-54.70155,-58.41905,-64.08458,-71.75076,-72.49632,-72.4126,-71.78241,-71.99784,-72.335945,-73.48086,-71.39649,-71.08212,-71.27561,-74.64857,-78.89091,-79.074585,-79.13993,-79.24682,-79.15387,-79.1938,-79.18174,-79.34715,-79.46254,-79.46741,-79.43784,-79.41376,-79.41837,-79.48064,1
-201.78505,82.71237,17.618149,46.16639,4.808422,1.9870741,-19.436886,-7.4581265,-21.455975,0.6237505,-12.528529,2.3802576,-3.4429262,-31.002184,-45.6323,-47.176273,-46.50691,-42.750885,-36.689713,-28.668997,-23.209888,-25.91485,-30.678595,-34.4353,-39.991676,-40.015316,-35.57364,-31.614498,-31.462584,-33.168037,-35.2678,-34.449333,-33.990025,-33.736122,-34.93936,-38.49139,-42.44158,-46.0737,-48.656456,-50.04194,-49.409077,-47.589138,-47.607742,-50.129704,-51.82195,-52.93269,-55.20534,-55.29637,-53.78027,-54.698624,-54.823006,-55.345745,-55.934574,-55.287617,-54.686283,-52.901855,-52.16982,-53.51489,-56.819874,-57.45416,-55.458607,-53.90366,-53.289974,-51.8452,-52.71332,-55.443954,-54.843697,-52.889053,-52.37975,-52.67003,-53.162678,-53.29896,-52.053574,-52.38596,-53.889126,-53.95596,-52.880848,-51.14995,-52.21868,-54.219944,-52.579285,-51.98514,-51.29132,-53.085926,-52.64727,-51.58616,-52.914116,-54.37108,-52.209045,-51.30349,-53.651573,-55.0147,-53.62614,-53.275146,-55.10671,-54.15191,-53.431705,-54.009495,-52.387615,-50.8616,-49.900097,-49.461082,-51.431282,-53.685753,-55.959373,-57.945133,-58.598568,-59.427708,-60.874195,-60.113766,-59.921593,-58.472313,-57.122055,-55.370052,-55.536007,-55.292446,-55.602264,-57.60101,-59.337906,-58.98708,-57.474476,-58.251472,-59.68681,-59.973072,-59.667946,-58.98594,-60.328617,-60.525852,-61.951912,-62.09501,-61.21574,-57.827236,-58.346897,-59.800606,-60.882282,-60.921112,-62.45285,-65.687614,-79.800705,-80.0,-80.0,1
-179.39029,69.53789,-30.497417,29.499035,-23.466051,14.65063,-31.175653,-7.918252,-16.779154,-11.868355,-9.622657,-11.141316,-3.1331332,-58.622715,-56.468727,-52.318497,-48.311035,-44.276016,-37.86732,-32.30817,-30.05552,-30.965454,-31.38745,-31.656992,-32.412224,-33.8171,-35.143852,-36.461105,-36.624428,-34.92756,-33.93191,-35.134537,-35.14874,-33.63406,-34.354794,-36.816956,-36.003464,-36.01757,-38.413513,-41.875946,-44.013615,-45.442642,-44.849693,-43.253426,-39.552048,-38.742325,-41.71208,-44.83033,-45.159878,-44.16351,-43.642628,-44.18802,-43.176384,-42.814022,-41.7242,-41.505325,-42.977135,-43.90708,-43.74066,-42.746323,-41.28606,-41.190533,-42.552486,-42.109554,-40.810276,-42.03412,-42.24649,-40.761337,-41.861465,-43.493736,-43.721252,-40.40421,-38.753887,-40.573708,-43.402084,-43.768414,-43.518772,-42.107445,-39.77947,-41.157536,-42.851402,-43.435505,-42.666355,-42.32373,-42.93452,-44.85418,-45.572727,-46.95191,-45.648262,-44.558937,-46.84811,-48.596283,-48.472404,-45.465324,-46.405605,-47.14177,-44.68497,-45.35781,-46.07283,-47.038666,-44.76012,-43.595776,-44.831726,-44.735416,-45.55313,-48.517246,-48.65946,-48.997303,-49.407097,-48.51586,-47.321056,-47.23253,-44.200592,-43.34067,-44.286205,-43.65994,-44.51804,-43.854977,-45.093212,-45.933094,-47.17704,-48.98056,-50.25614,-53.123108,-54.560738,-56.106445,-57.569515,-59.68026,-62.04438,-64.22134,-65.5874,-65.82412,-64.76836,-63.044403,-60.462696,-58.709282,-57.10573,-59.589684,-78.4136,-79.72954,-79.72881,1
-221.84494,146.74004,-51.889027,-0.44778636,-16.796528,-2.4563801,-15.766827,-14.119837,-8.433172,-19.061989,-10.661866,-8.227296,-9.030482,-63.757755,-59.23192,-54.243645,-51.688004,-48.77239,-45.988518,-43.40115,-40.4639,-37.029343,-34.792343,-32.65656,-29.636585,-29.218239,-32.507397,-37.146576,-39.908413,-40.301136,-40.854347,-40.430187,-39.41294,-39.431587,-39.83024,-39.291325,-38.44892,-36.240906,-35.469856,-35.79351,-37.430275,-39.441887,-40.3155,-42.266838,-44.15741,-44.1784,-43.73031,-43.46598,-42.20852,-39.73214,-38.034184,-37.450882,-38.393585,-39.425526,-41.989285,-43.095364,-43.459522,-42.71675,-42.24977,-41.93583,-40.470573,-39.198757,-40.33203,-41.93441,-42.448097,-43.34365,-46.24906,-47.07771,-46.99937,-47.26289,-47.26512,-47.57988,-47.50623,-46.019405,-44.830105,-46.158264,-47.19158,-47.74206,-46.649094,-46.919926,-46.557434,-48.596146,-51.567707,-52.884354,-53.24121,-52.33599,-55.451916,-55.586803,-55.985184,-55.355366,-55.856026,-57.695942,-55.97999,-54.693745,-57.78618,-58.364662,-60.284863,-59.555588,-60.218006,-61.37141,-65.07843,-65.62209,-63.511093,-62.905014,-61.842922,-62.343857,-60.95553,-58.901676,-61.898113,-63.027798,-61.840416,-62.567406,-66.26576,-65.69737,-65.77582,-69.57135,-72.038345,-72.14836,-72.41786,-71.330956,-71.711525,-72.02938,-70.870094,-72.631676,-73.88437,-74.77811,-77.31182,-79.68288,-79.70122,-79.7191,-79.732704,-79.74008,-79.74129,-79.74386,-79.74802,-79.751396,-79.75333,-79.75551,-79.75684,-79.758095,-79.75961,1
-195.2942,74.29243,-25.778269,19.627888,-11.52452,1.7459888,-23.037277,-22.49028,-14.667182,-8.089224,-22.342638,4.141707,-24.488438,-63.70156,-59.929737,-54.775494,-48.296932,-38.78217,-31.451307,-30.271969,-32.780434,-35.391026,-33.848736,-30.713331,-29.49232,-29.612991,-30.747475,-34.15852,-36.6035,-34.87128,-32.791832,-31.01713,-30.793562,-31.157398,-33.37459,-36.691235,-38.492016,-40.60871,-41.23116,-37.946327,-36.391964,-37.834923,-41.800434,-44.067066,-46.17733,-45.477467,-44.427406,-41.733944,-40.785152,-42.158195,-43.49987,-44.68109,-44.684696,-43.90738,-42.176235,-42.255127,-44.223778,-44.641144,-44.224483,-42.05229,-40.558372,-40.287125,-40.804688,-41.70925,-41.44309,-41.166393,-41.04307,-41.58421,-40.607506,-40.102528,-40.227097,-39.69461,-39.70643,-41.37848,-42.283028,-41.899834,-41.186455,-41.6778,-41.118927,-40.689625,-42.12167,-42.804573,-44.01468,-44.12656,-45.020863,-45.936127,-47.401543,-48.420185,-47.847126,-47.227123,-47.920624,-47.478798,-46.56353,-46.271103,-45.03324,-45.5135,-45.86712,-46.340794,-47.79458,-48.967323,-49.32087,-48.96455,-48.85981,-48.917557,-47.49696,-47.30285,-45.862873,-43.752373,-43.68633,-43.634254,-43.5268,-43.3449,-44.597416,-47.598858,-51.50097,-53.27873,-55.710667,-58.26279,-59.61566,-59.500156,-58.7946,-59.03901,-59.114124,-57.810726,-56.98613,-55.283546,-55.14699,-54.708344,-55.32097,-54.70248,-54.249725,-54.066635,-53.601845,-53.83953,-54.989506,-55.085136,-55.2448,-59.987522,-77.956985,-79.441124,-79.440956,1
-225.84952,158.34102,-19.585274,30.823599,-31.63813,0.028807027,-14.673474,-22.330452,-8.929795,-11.034884,-8.027748,-12.32855,0.40985724,-56.751427,-53.172382,-47.06797,-36.126335,-24.705835,-23.001646,-29.027424,-32.19204,-32.66374,-30.448833,-28.058853,-27.070194,-28.277452,-28.540846,-28.303047,-27.74406,-26.7045,-25.849855,-27.173557,-28.864231,-29.047316,-27.874908,-27.11379,-27.82643,-30.526995,-34.276573,-36.89709,-37.783257,-37.27933,-36.679882,-37.244633,-38.556572,-38.749866,-39.700565,-40.32222,-40.06329,-40.662006,-40.89987,-40.240257,-39.844193,-40.301678,-41.63442,-42.52925,-41.84541,-43.643414,-43.61131,-43.826233,-44.503777,-45.186954,-45.671757,-45.156895,-46.31931,-48.48389,-49.445805,-46.429504,-45.772182,-46.49929,-47.637016,-47.101063,-47.450623,-46.170845,-48.124294,-49.081577,-48.971016,-49.35483,-51.303745,-50.28876,-51.577213,-52.53213,-52.709053,-54.535946,-56.874046,-55.604618,-57.436752,-58.078434,-60.452667,-58.308544,-54.333557,-53.70014,-52.50959,-50.32252,-52.211876,-47.188618,-46.995018,-50.513733,-53.21467,-53.015945,-53.640594,-57.032394,-61.626774,-60.585426,-59.50901,-58.216408,-59.168518,-55.595745,-54.96773,-52.075798,-51.779587,-52.20286,-51.881798,-53.473747,-62.661407,-66.72793,-68.2698,-68.74038,-67.893776,-68.52703,-68.45099,-68.3255,-68.91131,-68.76927,-68.46604,-69.32248,-72.68918,-78.7253,-78.748184,-78.77253,-78.79793,-78.82113,-78.8485,-78.86764,-78.89225,-78.91067,-78.92583,-78.94635,-78.961716,-78.959656,-78.96412,1
-199.80801,100.25495,18.255571,48.656425,-2.9198935,-3.3075473,-9.170873,-7.599826,-30.539467,3.5337598,-8.630992,-1.307831,-1.1210353,-25.794466,-41.81201,-42.779682,-42.221592,-40.07343,-33.487236,-22.391459,-14.809597,-17.861473,-27.206774,-34.719162,-37.340046,-36.363823,-32.284485,-27.401085,-23.366156,-21.755356,-24.575829,-29.959763,-32.802017,-35.14082,-34.84924,-35.272614,-36.19651,-36.915745,-37.4444,-40.995907,-44.185753,-46.532852,-47.573032,-47.710335,-48.501278,-47.535366,-46.39595,-46.43261,-47.87651,-50.857822,-52.796814,-52.542133,-50.775337,-49.937424,-48.39391,-48.52696,-49.33151,-50.821438,-51.858845,-50.985363,-49.400948,-47.66547,-47.8054,-49.543488,-50.649918,-50.198856,-49.486317,-51.057125,-52.476376,-52.269802,-51.91201,-51.790607,-52.02689,-53.622063,-53.909615,-53.26221,-52.54125,-53.589993,-53.975193,-53.6363,-52.49919,-52.27546,-51.853916,-51.982597,-52.570522,-51.661594,-49.809956,-50.0534,-49.879436,-48.82681,-49.3253,-49.797794,-48.33238,-48.341953,-47.932613,-46.801674,-48.050537,-48.033276,-47.120445,-46.76989,-45.796524,-46.821804,-47.939037,-50.63264,-53.961628,-56.03178,-57.844383,-60.22287,-60.7094,-60.89198,-60.06586,-58.47704,-58.012627,-56.62101,-55.10884,-53.562515,-53.509556,-56.58187,-59.0467,-59.07292,-57.20236,-56.677647,-56.50325,-56.539867,-58.169106,-59.865,-61.734386,-62.581417,-63.597588,-63.521896,-62.60831,-58.627434,-55.84665,-56.10958,-58.52494,-60.039276,-62.062965,-65.633224,-79.45875,-79.80502,-79.80781,1
-169.75598,96.20653,3.4765315,38.8315,6.1057262,7.918364,-11.8556795,-3.2016757,-9.482505,12.539172,-17.323975,11.359641,-18.275747,-26.790958,-37.772003,-38.06831,-31.034222,-18.709948,-19.42334,-28.73033,-32.702995,-29.560043,-23.07563,-21.666805,-26.667751,-32.449154,-32.683167,-30.847113,-28.181332,-29.921509,-34.35274,-34.310623,-33.02013,-32.66946,-32.62051,-35.919643,-37.58087,-36.01594,-34.672302,-36.566803,-40.515007,-41.720192,-41.20417,-39.815987,-39.723785,-42.05908,-44.555515,-44.99855,-44.417965,-43.482403,-43.60392,-44.15343,-45.688408,-47.415382,-46.57991,-45.978523,-44.99347,-44.770103,-46.664104,-46.41664,-46.126366,-45.247036,-45.49934,-45.39709,-44.439323,-44.33229,-43.08064,-42.49505,-41.53062,-43.345818,-43.464523,-42.865482,-42.42109,-42.929295,-43.42888,-42.989418,-43.03913,-43.280697,-44.078938,-43.593086,-43.874783,-45.727013,-45.958057,-46.733578,-48.312088,-47.85869,-48.033287,-48.131218,-47.65045,-46.99437,-46.32412,-45.82645,-44.88329,-44.749413,-44.577087,-46.455856,-48.471706,-49.834198,-49.94787,-50.102715,-49.686523,-50.616684,-49.4636,-48.95531,-47.62512,-46.913418,-46.54151,-46.132687,-46.736084,-47.04569,-48.774094,-50.443462,-52.7227,-55.48978,-57.812004,-58.41401,-58.57174,-58.265083,-57.559307,-55.954845,-55.159412,-57.101006,-58.551666,-57.78394,-55.9843,-53.21023,-51.438732,-50.42634,-51.787304,-52.442078,-53.298016,-53.239407,-54.597572,-54.344475,-54.457035,-56.388126,-59.357018,-62.415524,-78.71746,-79.76162,-79.76374,1
-154.35136,93.63491,4.5305524,33.770134,-2.5477824,14.267329,-10.845548,1.9851837,-15.380804,12.875182,-13.92954,14.257815,-21.034742,-21.736652,-32.804745,-32.90746,-26.104353,-15.217523,-14.4269705,-22.85171,-27.792002,-25.168118,-19.920532,-19.302631,-23.287931,-25.426767,-24.825403,-25.190487,-27.535307,-29.6761,-28.16248,-26.80642,-25.862953,-28.760063,-32.25653,-32.10877,-28.977713,-28.119572,-29.608503,-33.942413,-34.64988,-34.1072,-33.449535,-34.46708,-34.829338,-36.72682,-37.07704,-36.739483,-37.784412,-38.27918,-38.383163,-38.75304,-39.558735,-39.05493,-38.675785,-39.055855,-38.75592,-38.949978,-38.733616,-37.030537,-36.977367,-37.83137,-37.922054,-35.76951,-36.742958,-37.983112,-38.92807,-36.09006,-37.147873,-40.75944,-39.904102,-37.091625,-38.479824,-40.464752,-39.130844,-38.95835,-40.46982,-40.637535,-40.52813,-40.723804,-42.379086,-42.838352,-41.85837,-42.849827,-42.659397,-42.265167,-43.36537,-42.180965,-41.883717,-40.073135,-39.497852,-39.84503,-39.779198,-40.211517,-40.861683,-42.67211,-44.447495,-45.394062,-46.061665,-45.461338,-44.666897,-44.397194,-43.38168,-42.59589,-41.358715,-40.882122,-40.53868,-41.15277,-42.058895,-42.129333,-43.28028,-43.80536,-46.14357,-48.5489,-50.467793,-50.526375,-49.981724,-50.121628,-49.609055,-48.07642,-47.769176,-49.75898,-50.959778,-50.797173,-48.016987,-45.371178,-44.422443,-44.560863,-45.43721,-46.314026,-47.59062,-47.85186,-48.773514,-47.907066,-47.68475,-49.31006,-52.376537,-55.4865,-77.402565,-79.61744,-79.632034,1
-185.80681,98.18528,17.21923,32.755165,-16.081526,9.731527,-6.6467347,-9.280462,-4.9371886,-6.545093,-12.518555,1.8066791,-13.039432,-29.379122,-42.800995,-44.295082,-44.331795,-42.360725,-36.78614,-31.702719,-26.238913,-23.712002,-24.989883,-29.456623,-32.486748,-32.812366,-32.619953,-34.556656,-36.599136,-35.23447,-34.954037,-34.883286,-34.99607,-35.678955,-37.738934,-41.62885,-44.24017,-44.703007,-40.55737,-38.398483,-39.691303,-41.22411,-42.91396,-44.99876,-47.062996,-47.717697,-46.181377,-43.11383,-43.123837,-46.54307,-49.040085,-49.018024,-48.19019,-48.02876,-47.192223,-46.864994,-46.852253,-48.99456,-51.00571,-50.23407,-49.777206,-49.717075,-49.948845,-49.481266,-49.346226,-52.221813,-53.24604,-53.092613,-53.161213,-51.46385,-51.518425,-52.700615,-53.35147,-53.187904,-54.15152,-53.931835,-53.42757,-55.176975,-55.615158,-55.018696,-53.236225,-53.004936,-53.777252,-54.270596,-54.722107,-53.429245,-54.73229,-56.175358,-56.083187,-55.76303,-57.276905,-57.904747,-56.545258,-56.363804,-57.265625,-55.740093,-54.263634,-52.72162,-52.58162,-52.520847,-50.711784,-51.070965,-51.413902,-52.89947,-53.258595,-53.453194,-54.217136,-53.639606,-54.344486,-52.109337,-51.246655,-50.601307,-50.22743,-51.758183,-53.860313,-55.75848,-57.380054,-58.963882,-61.005703,-60.574173,-59.8341,-59.903034,-61.558502,-63.543083,-63.763107,-64.026985,-64.133865,-62.770576,-62.511215,-62.982883,-63.175808,-60.991318,-60.95042,-60.464855,-58.34594,-58.807285,-61.94982,-65.59385,-77.74759,-79.28008,-79.27974,1
-183.00552,94.71859,9.542843,33.56815,-7.539673,7.72459,-7.0664616,8.178158,-6.1336384,2.6171935,-11.159595,-0.06024559,-8.638018,-32.649387,-42.176376,-37.494846,-27.72205,-22.92608,-27.18997,-31.985231,-30.028248,-27.43251,-27.449545,-27.530039,-28.953583,-32.245842,-34.130367,-36.157505,-34.253952,-31.924591,-32.991825,-36.935417,-39.214096,-38.213234,-36.34522,-35.07458,-36.60506,-41.757305,-41.921974,-39.083347,-37.022594,-37.97487,-40.589527,-41.604584,-41.283382,-40.628906,-41.196045,-41.126766,-41.637337,-43.45776,-43.79289,-43.485287,-43.420727,-43.925,-44.393627,-44.82365,-44.699688,-45.441647,-46.234055,-45.85894,-46.466377,-48.64381,-48.66628,-47.751625,-47.875652,-49.365868,-49.743584,-49.306076,-48.74937,-50.116352,-50.182278,-49.235226,-48.412914,-48.239914,-48.15985,-47.398026,-46.128883,-46.683018,-46.834,-46.509613,-46.685707,-47.459557,-48.107273,-50.727966,-50.54648,-52.933136,-52.06747,-52.335705,-50.549362,-50.98574,-49.566727,-49.119625,-46.828453,-46.216747,-45.173313,-45.544434,-46.523132,-48.426086,-50.49081,-51.981457,-53.4545,-53.586933,-53.748985,-52.801502,-52.714073,-53.285988,-52.146797,-51.26448,-50.362022,-49.839172,-50.470615,-50.972725,-52.29762,-53.70668,-53.93373,-52.48477,-51.41706,-51.58449,-52.582516,-53.305458,-54.689144,-57.956425,-59.978916,-60.668297,-59.12471,-58.894363,-58.354786,-55.811962,-57.007736,-57.14952,-57.40565,-55.80653,-54.04609,-55.125507,-56.23085,-58.005226,-59.29048,-62.614666,-78.81375,-79.43795,-79.43909,1
-104.6036,83.65699,6.531775,37.909756,14.784983,7.461961,-10.644456,-17.20937,-3.0082095,0.80147666,-8.870326,4.5181136,-10.077623,-38.21597,-35.010468,-22.988113,-13.441766,-17.945704,-24.146355,-19.37611,-14.259329,-16.655483,-23.681694,-26.161097,-25.470182,-25.074127,-25.268787,-24.015007,-23.076159,-23.515476,-23.500513,-25.533594,-28.155483,-27.620558,-26.701344,-28.205648,-30.359035,-31.13667,-32.620644,-34.316875,-36.23182,-36.678585,-37.120422,-38.2982,-40.04038,-40.483658,-39.960606,-40.350887,-39.726612,-41.069267,-42.727406,-42.852924,-41.85269,-40.94768,-40.15333,-40.18675,-40.056587,-40.833817,-41.069973,-39.19323,-39.093105,-40.156857,-40.557484,-39.66128,-38.307632,-36.206882,-36.95005,-36.710403,-35.921658,-35.9122,-35.47943,-34.965984,-34.37877,-33.577724,-33.861958,-34.848618,-35.451256,-36.755806,-38.22685,-38.416523,-39.53739,-40.376537,-40.989613,-40.574818,-41.472694,-41.259743,-40.58505,-40.460213,-39.782608,-38.65645,-39.367817,-38.90054,-40.428528,-42.737656,-42.982933,-43.658043,-43.465775,-43.641415,-42.46089,-42.582264,-42.121716,-41.738503,-40.85308,-40.751698,-40.34214,-41.461887,-41.346737,-39.8015,-40.474373,-40.965664,-41.562645,-41.829914,-42.88182,-45.643764,-47.02205,-48.10311,-48.435787,-49.54146,-51.578854,-50.68313,-51.53618,-52.07323,-51.771484,-51.807293,-50.64473,-47.835598,-46.080475,-46.64845,-47.827507,-48.54272,-49.02428,-49.671444,-49.35031,-49.223248,-49.28292,-50.8733,-52.391674,-51.95689,-51.429405,-54.66349,-64.02334,1
-210.51074,98.28412,30.606356,37.13928,-8.148947,13.020146,-6.471636,-12.895219,-23.092846,0.9194758,-8.386114,-0.6074776,-7.0393267,-27.803324,-42.616375,-44.464554,-43.912235,-41.990627,-36.79368,-28.348818,-21.76018,-20.73718,-25.962742,-33.384296,-38.10765,-39.496937,-37.478207,-34.289875,-30.146975,-27.776487,-28.545616,-32.209625,-37.086582,-38.149742,-38.40435,-39.489315,-40.876434,-42.540043,-43.993885,-46.000237,-48.53116,-50.363216,-51.111298,-50.127045,-48.853374,-50.57339,-51.4213,-50.89109,-50.112373,-50.937458,-53.07026,-53.97418,-53.15032,-52.912647,-52.94968,-50.49164,-49.38151,-50.577843,-52.07327,-53.825985,-53.784916,-52.83182,-51.960453,-50.34208,-49.93177,-50.79052,-52.776134,-53.894608,-53.737324,-52.796116,-52.24922,-54.41672,-56.617016,-58.55322,-59.565865,-58.09756,-57.890766,-58.544117,-59.796978,-61.31668,-59.667767,-60.0945,-60.197773,-60.73197,-59.403095,-59.223537,-58.854446,-58.735825,-58.265816,-56.578014,-56.21509,-57.86829,-57.466072,-55.059063,-54.625362,-55.72589,-56.16334,-55.26077,-54.71111,-53.674145,-53.32164,-54.076954,-54.802334,-55.431263,-57.076267,-56.784737,-56.685177,-58.039238,-57.677948,-58.150314,-58.223083,-57.958923,-57.465034,-56.885754,-57.65283,-56.870132,-57.23667,-59.48285,-61.85796,-61.546875,-60.543385,-60.026512,-59.14894,-58.71389,-59.767685,-60.549156,-62.47955,-63.763504,-64.93487,-65.1151,-64.99949,-61.525574,-59.229,-59.67391,-61.65102,-63.237022,-64.37223,-67.32394,-78.770096,-79.416046,-79.43787,1
-181.24089,91.54029,-39.24693,45.73364,-24.291172,4.57098,-28.414251,-10.630882,-20.585289,-12.9003725,-8.9199295,-13.545908,-0.11307245,-59.188374,-56.90832,-52.50643,-49.015636,-42.526684,-32.861248,-28.069248,-27.882862,-26.219822,-24.949593,-25.226206,-28.114252,-30.737093,-34.13615,-37.628918,-38.505753,-36.280567,-33.342438,-30.467539,-26.268673,-25.31655,-28.751028,-33.62403,-37.176323,-37.755096,-38.85564,-40.427082,-41.75515,-42.261948,-41.108246,-40.75914,-41.533955,-41.45259,-41.293533,-42.36547,-43.577435,-45.49973,-46.90324,-47.289257,-44.360603,-43.589104,-40.454575,-39.690754,-41.13543,-42.813034,-45.69384,-45.199127,-44.100197,-42.638855,-40.89179,-41.365616,-43.089237,-43.344215,-43.75713,-43.82653,-42.319405,-41.97225,-43.152485,-43.38478,-41.838444,-41.16213,-42.30687,-42.802822,-42.321526,-42.954926,-42.665577,-40.856586,-39.907177,-42.899597,-43.191486,-41.16883,-40.681618,-42.89548,-43.00887,-42.82647,-43.009445,-44.046276,-43.183937,-43.970917,-46.600185,-45.58741,-43.290054,-42.836777,-44.565334,-44.289665,-42.265137,-42.87175,-41.765854,-42.29503,-42.36239,-44.099083,-47.951645,-47.756702,-49.7915,-51.44126,-50.10258,-51.664818,-51.07425,-49.593678,-49.25462,-48.703426,-48.30991,-48.290108,-47.2624,-47.206852,-48.432926,-49.77313,-50.9315,-52.90269,-55.2636,-56.7987,-58.934288,-60.000557,-62.629467,-65.509285,-67.99154,-70.56918,-72.20111,-72.206604,-71.08253,-68.37215,-66.87047,-66.230865,-65.59289,-68.38608,-78.82346,-79.79471,-79.79611,1
-125.990746,84.796974,2.8645084,31.770454,-9.146201,12.974338,-37.889217,-16.62325,-17.20378,-9.799535,-9.790526,-6.354029,-20.625578,-49.863365,-50.352413,-47.510517,-38.339092,-27.83409,-19.541714,-19.83965,-25.725714,-24.191721,-22.26464,-23.82565,-23.92964,-22.256527,-23.224943,-24.745146,-24.558432,-25.705965,-25.298155,-23.830631,-23.611994,-25.906496,-30.929594,-33.10039,-33.284435,-31.060175,-30.97015,-31.841846,-34.273827,-37.528095,-39.321583,-39.837147,-40.795868,-41.986504,-42.098732,-43.11311,-42.59631,-41.960148,-42.498417,-43.031292,-43.645744,-42.73809,-43.976273,-45.236004,-44.638283,-43.690186,-43.16007,-42.824913,-42.541885,-40.614723,-40.43693,-41.39169,-41.765396,-39.351395,-37.640865,-39.03793,-39.30155,-38.833214,-37.34656,-37.597485,-39.13039,-39.080387,-37.687454,-39.383537,-41.86997,-41.611885,-41.873726,-41.83181,-43.993767,-45.003925,-43.86404,-44.44109,-43.981716,-44.03568,-44.56028,-44.90904,-43.96534,-44.745285,-44.42942,-45.18804,-45.657795,-46.340347,-46.112576,-46.314716,-47.747402,-48.10217,-49.079613,-48.71992,-48.715687,-48.071396,-47.264515,-46.685436,-47.135838,-46.4435,-46.71678,-46.297615,-45.075714,-43.19047,-41.77542,-41.45526,-41.88176,-41.436916,-40.64788,-40.160255,-41.35323,-43.91167,-44.726326,-46.21025,-48.072327,-50.18791,-52.82247,-55.15397,-55.447567,-54.854446,-53.8621,-53.376286,-53.06835,-52.720623,-51.904095,-50.86219,-49.84526,-49.852505,-50.396652,-50.444164,-51.32928,-55.924046,-76.579796,-79.902534,-79.89534,1
-231.22679,150.17624,-24.169453,5.5896153,-25.2352,-12.441339,-24.993538,-19.846563,-13.4024315,-17.069267,-15.634112,-14.875804,-15.537421,-62.535137,-61.72114,-60.6413,-56.827637,-52.34392,-48.504387,-43.694263,-38.084854,-33.17793,-26.630054,-21.01054,-19.298885,-23.150475,-30.457842,-36.850887,-38.477806,-38.185028,-38.831253,-38.57318,-38.199,-36.277447,-34.569168,-32.866917,-30.744173,-30.91945,-32.069267,-35.285103,-38.905956,-41.21458,-42.454594,-42.030838,-42.136543,-42.32624,-42.427994,-41.234955,-40.799133,-42.30003,-42.614635,-43.24307,-43.804394,-45.127193,-45.45028,-46.88665,-47.587173,-48.11472,-47.7771,-47.430004,-47.281277,-47.62111,-48.75695,-48.378815,-48.065926,-50.769398,-51.433002,-51.4134,-51.306774,-49.21905,-49.61184,-51.065094,-50.672573,-50.152416,-50.714523,-50.83483,-51.128235,-51.036476,-53.525185,-55.310925,-57.279057,-56.02557,-55.01635,-55.49583,-57.80802,-57.776886,-58.939266,-58.607433,-56.97635,-57.597355,-58.763172,-57.758595,-57.56999,-57.491768,-62.120872,-62.544468,-61.639374,-62.888268,-62.76928,-63.565704,-64.409904,-64.66964,-65.56397,-63.946846,-63.077595,-60.159317,-60.79975,-62.930725,-64.61928,-64.20441,-61.40649,-62.4186,-66.76085,-65.19583,-67.79628,-72.453995,-71.76965,-72.45558,-73.09597,-72.08022,-74.06076,-70.75324,-69.85606,-70.47715,-68.706894,-70.11984,-75.47878,-79.50232,-79.51733,-79.51747,-79.52318,-79.53048,-79.534966,-79.53892,-79.5429,-79.54722,-79.54888,-79.550095,-79.55222,-79.55399,-79.554985,1
-175.71396,96.75792,14.307755,54.601826,1.3155446,5.970817,-12.684706,5.151027,-11.416657,4.3983116,-14.279376,9.84253,-16.847574,-23.616865,-33.90848,-33.11274,-27.402237,-17.306065,-17.88057,-24.35591,-27.463675,-24.971775,-21.511187,-21.279034,-23.362871,-26.650682,-27.432285,-28.20319,-28.390724,-28.767147,-28.149096,-29.781614,-32.27853,-33.157295,-32.420197,-32.29312,-34.077557,-36.794926,-38.930244,-37.247032,-36.71339,-39.835125,-40.93608,-41.068672,-40.31633,-40.552433,-43.206024,-47.026928,-45.101044,-43.044407,-41.859028,-44.0195,-46.942715,-47.96259,-45.470318,-44.611603,-45.729416,-47.450115,-48.52759,-47.66014,-46.669178,-46.207203,-46.990395,-49.00852,-48.473442,-45.733208,-45.939053,-49.53531,-48.57557,-45.097954,-45.528503,-47.93491,-46.333263,-44.017895,-44.539307,-46.37458,-44.527454,-44.653305,-46.501484,-44.962784,-43.51179,-45.25368,-43.836876,-44.2878,-45.09902,-45.150043,-44.679165,-44.0355,-44.442997,-43.873158,-43.23319,-44.879303,-43.03445,-44.904762,-43.449394,-45.31857,-46.427933,-47.04413,-48.067738,-47.631855,-48.17817,-48.578117,-48.384846,-48.62359,-48.56878,-46.518276,-45.433826,-45.724667,-46.299427,-45.979538,-46.613297,-47.627823,-49.006092,-50.828854,-53.212845,-53.33603,-53.476902,-53.855984,-54.187927,-53.68409,-52.981136,-55.672714,-57.580845,-56.68608,-54.11157,-51.829643,-51.157616,-51.453854,-53.06641,-53.13801,-53.676964,-53.94388,-54.305443,-53.726025,-54.458755,-56.838608,-59.638237,-63.228466,-79.334,-79.900024,-79.89803,1
-194.7948,114.10674,1.7907666,29.763702,15.225496,-6.1977057,-8.037981,-3.6808393,-3.0850332,2.424952,-9.55175,6.662807,-10.31556,-38.201847,-35.515495,-28.72223,-20.674864,-20.047968,-26.621239,-28.128456,-24.784735,-23.374668,-25.719877,-29.224848,-30.84083,-30.601526,-30.41804,-28.356913,-27.478836,-29.707426,-30.73265,-30.243689,-29.566004,-29.19992,-31.751951,-33.414093,-33.59976,-34.148075,-34.226482,-35.804367,-37.294373,-38.712074,-39.59016,-39.821777,-40.892124,-40.51842,-40.824936,-42.169453,-41.838642,-41.2054,-42.350845,-42.9374,-43.320538,-43.320377,-43.144302,-44.481735,-44.789173,-44.543495,-44.40628,-45.094013,-45.305027,-45.56646,-46.11143,-46.580368,-45.333878,-43.951183,-44.2119,-43.92132,-44.72919,-43.4381,-43.217205,-42.67726,-41.939037,-41.540516,-42.059696,-41.5488,-41.62994,-41.964165,-42.668705,-43.246914,-44.119137,-45.0157,-45.27032,-47.088722,-46.06913,-46.051582,-45.638424,-45.039093,-45.065353,-44.393505,-44.738773,-45.107952,-46.0144,-48.597904,-48.30234,-49.027035,-49.52852,-51.15328,-52.26133,-52.715282,-52.945396,-53.84131,-53.365795,-53.619,-53.067287,-52.57103,-52.46866,-52.06231,-51.090878,-51.797733,-52.66424,-53.685257,-55.188583,-56.108543,-58.54049,-61.14137,-62.54609,-62.54428,-62.97283,-63.56368,-63.54371,-64.66918,-60.89672,-58.819294,-57.04389,-55.686447,-55.605465,-55.248318,-55.618473,-56.628212,-57.96097,-58.687065,-59.212112,-58.918324,-58.891903,-60.43597,-63.048973,-63.383682,-62.14296,-64.47468,-71.00255,1
-166.15933,88.990486,13.41025,29.18888,11.779123,5.935175,-15.810552,-1.7681504,-18.611464,11.193766,-18.17841,3.1334414,-3.3057773,-26.50063,-40.18976,-41.43636,-41.210064,-38.04335,-30.624674,-21.349274,-18.08893,-22.847626,-28.118282,-33.74962,-36.53318,-37.13723,-33.125145,-29.857752,-29.395224,-30.77325,-31.051285,-33.73736,-35.42645,-35.454212,-34.82226,-35.673557,-38.836906,-40.95497,-41.02907,-41.604572,-43.896137,-44.015903,-42.217056,-43.264294,-46.02246,-47.803104,-49.18784,-48.3742,-46.628,-45.22424,-45.630825,-47.581497,-49.74987,-50.24431,-51.212257,-49.342228,-43.999718,-42.700314,-46.836094,-50.27062,-50.812313,-51.0704,-48.62192,-43.502945,-43.60162,-47.867313,-48.997356,-49.48116,-47.352436,-44.049915,-44.07346,-46.394283,-48.390522,-47.273483,-44.176018,-43.80302,-44.196907,-45.500504,-46.52735,-48.103535,-49.213028,-48.049618,-47.74633,-50.355232,-51.25595,-49.188675,-49.677944,-52.31692,-51.913574,-50.32917,-52.205296,-52.170715,-50.880924,-52.58021,-51.557415,-49.675373,-50.621197,-50.70142,-49.00578,-47.960686,-46.917477,-47.667534,-49.249287,-52.197853,-54.260715,-55.33674,-58.542744,-59.603607,-60.03426,-59.352398,-59.125477,-57.71477,-56.68134,-55.36381,-54.112667,-53.210518,-53.21958,-54.951534,-56.945007,-57.26888,-55.90727,-56.599674,-55.56273,-54.393074,-52.60036,-52.986767,-53.778614,-54.518223,-55.21484,-56.05147,-56.158974,-52.653152,-51.626038,-52.503056,-53.453537,-54.04103,-55.745514,-59.10561,-78.44617,-79.433205,-79.43278,1
-113.37912,91.11636,-10.053644,11.925608,-13.389961,5.1343975,-13.603977,-0.347467,-7.8327265,-1.3209591,-16.771648,-6.902563,-9.055374,-50.97573,-45.748737,-41.47017,-39.13359,-30.492064,-18.754124,-15.722177,-22.272942,-29.968994,-32.63403,-31.352106,-29.217352,-27.32587,-27.54539,-28.83949,-31.27586,-32.484287,-31.882093,-29.791828,-29.4301,-30.23311,-30.848907,-32.21112,-32.26741,-33.25606,-35.5158,-36.99006,-36.56148,-36.250637,-34.430664,-33.13668,-32.729725,-31.02532,-30.375154,-31.520836,-33.723816,-36.447636,-37.4025,-36.51671,-34.901302,-33.852497,-34.871574,-36.251766,-38.654655,-40.084396,-40.920853,-40.212605,-38.741184,-37.006207,-38.47838,-40.903122,-39.033394,-37.863308,-37.556366,-38.37071,-41.64804,-41.848335,-41.67076,-41.008156,-39.72323,-38.76293,-38.596825,-38.332546,-39.642708,-40.518887,-39.42229,-40.207935,-42.20018,-42.473915,-42.95469,-44.425564,-44.648975,-44.164894,-44.338978,-45.66442,-45.953274,-46.02211,-44.964207,-45.24628,-46.100136,-45.35828,-45.39342,-45.502415,-44.222137,-45.813606,-46.784443,-46.811638,-46.41957,-45.91249,-45.142937,-44.522633,-44.86546,-44.21755,-45.208992,-47.18149,-51.19035,-49.827263,-50.312965,-52.223476,-50.867626,-48.67942,-47.047813,-45.679493,-45.400528,-46.413795,-46.956264,-49.032124,-50.784203,-52.258923,-53.563908,-53.634617,-54.929367,-54.18425,-52.69054,-51.508255,-51.139584,-50.75669,-50.000004,-51.82177,-54.536003,-56.38998,-58.23547,-60.409454,-60.49548,-60.798904,-60.37349,-62.359234,-70.52683,1
-227.55469,81.74174,4.1651816,62.452522,-32.064342,-27.091223,-15.281077,-28.28415,-20.838366,-14.842787,3.8126645,-16.235762,-0.23862128,-62.85208,-58.82287,-56.56965,-52.66024,-50.80568,-45.814598,-38.66428,-32.168247,-28.223392,-24.758945,-26.244253,-33.042656,-39.6704,-40.004353,-38.89814,-37.451523,-35.00562,-35.402348,-34.655716,-31.824457,-27.286018,-27.067804,-31.984398,-37.56635,-38.961193,-40.28289,-42.35834,-45.9331,-47.336735,-47.755604,-48.498283,-47.710228,-47.97778,-50.60742,-53.56154,-55.706566,-57.87705,-58.83309,-58.585953,-58.072895,-57.17487,-55.39889,-53.560177,-53.29836,-55.754684,-58.23765,-59.712337,-60.604485,-59.16355,-56.871937,-56.858994,-56.968227,-57.24435,-58.732296,-59.61886,-59.300793,-58.062714,-58.049232,-58.062626,-58.211704,-57.602924,-58.281624,-59.300102,-59.54764,-59.878365,-58.9495,-56.865074,-56.363464,-56.567425,-56.30402,-55.012794,-53.80321,-53.434486,-52.62646,-50.947582,-50.612377,-49.861874,-46.591892,-46.854683,-48.588776,-48.17238,-46.091526,-46.959038,-47.200424,-45.65723,-44.2863,-44.79186,-45.740284,-46.60526,-47.636593,-50.486195,-52.80597,-54.240585,-56.39158,-57.014973,-57.201447,-57.9768,-56.512794,-54.924053,-53.338398,-51.80334,-51.41581,-51.38737,-52.622692,-54.81323,-57.73344,-60.84527,-63.925323,-66.59282,-68.99368,-69.625336,-70.42777,-70.37112,-70.747734,-70.970184,-71.65137,-71.996,-72.16866,-71.78523,-70.78048,-69.57642,-68.96512,-68.58506,-68.11272,-68.06093,-67.6126,-69.264084,-76.29128,1
-269.97354,138.7416,-19.697601,33.931755,-18.83413,10.219917,-18.695076,-16.538813,-3.4691377,-19.813885,-3.6536164,-11.103287,-4.6700873,-56.70876,-52.447315,-46.574654,-37.852367,-31.214972,-31.277403,-32.456352,-33.75313,-34.344063,-34.84263,-35.097794,-32.07244,-28.159693,-29.691582,-33.57486,-34.134476,-33.563847,-33.6468,-33.746883,-32.712868,-33.41086,-35.84322,-37.904125,-39.707428,-40.241776,-40.130608,-42.071205,-43.594696,-45.632908,-46.45936,-45.679176,-43.618656,-42.327038,-43.394787,-45.8509,-46.300392,-46.26028,-47.197243,-46.962746,-45.57166,-45.59348,-46.39458,-47.74639,-49.40696,-48.331676,-46.51449,-46.20001,-47.92122,-48.64438,-48.849957,-49.79805,-48.56039,-48.304974,-50.581924,-50.24566,-48.316204,-47.583305,-48.192467,-50.26573,-51.25114,-49.935726,-49.420227,-51.452785,-51.98477,-51.017452,-49.777267,-50.30596,-52.486923,-52.57227,-52.48811,-53.920204,-54.419106,-55.14041,-55.895668,-57.197754,-57.111412,-58.034515,-59.54125,-58.3039,-57.00878,-57.04508,-55.77776,-54.1191,-54.321545,-55.316578,-55.832806,-59.45021,-60.95484,-62.668736,-63.40028,-61.068977,-59.497166,-60.944496,-60.23541,-57.823368,-55.88116,-55.27937,-54.38932,-52.81543,-52.713894,-54.68784,-57.20188,-59.632477,-64.380066,-67.13367,-68.186424,-69.67313,-69.69688,-69.40104,-69.44996,-70.714645,-70.58053,-71.83853,-75.46093,-79.21271,-79.218414,-79.22507,-79.231255,-79.237686,-79.242195,-79.24813,-79.252,-79.25501,-79.25973,-79.262474,-79.26456,-79.267235,-79.26712,1
-174.85582,95.23049,1.335742,34.602665,-2.224661,12.17783,-11.81764,3.9381645,-8.137246,5.9502883,-13.176858,-3.903424,-10.936263,-27.541819,-38.81991,-36.386436,-27.58995,-19.033846,-19.875414,-25.71348,-28.087639,-26.211311,-23.748917,-22.565994,-25.941133,-29.857729,-29.662937,-28.601025,-26.148216,-27.491205,-32.152138,-34.37496,-33.37314,-32.15508,-33.014565,-33.681526,-34.043663,-36.05015,-37.603603,-37.285698,-36.335712,-36.36894,-38.09038,-39.32658,-38.57239,-36.128593,-35.78802,-38.50777,-40.53419,-41.68206,-40.628433,-39.225174,-38.177994,-38.76352,-41.316036,-43.488735,-42.53968,-41.434277,-41.89165,-43.043182,-43.193504,-41.469555,-42.08964,-44.306557,-45.085278,-42.673798,-41.84875,-43.557705,-44.38868,-42.36052,-40.4973,-41.625423,-40.40278,-37.626854,-37.60996,-39.27661,-39.68714,-39.795113,-41.332314,-43.5151,-44.346584,-45.334305,-46.390152,-47.257797,-48.21923,-47.888767,-47.96578,-46.863735,-45.282166,-45.330627,-43.507317,-42.307705,-40.97999,-39.754578,-41.104954,-42.51828,-43.65467,-45.86047,-48.38207,-49.226547,-49.44351,-49.305927,-48.62144,-47.94188,-47.12581,-48.06728,-48.83,-48.706154,-48.081184,-48.33979,-47.596138,-46.18836,-46.26177,-47.082893,-48.542664,-48.67894,-48.6533,-48.51469,-48.735287,-50.3101,-51.91267,-54.835712,-56.774845,-57.64251,-55.546253,-54.762066,-53.017586,-51.330753,-52.296745,-53.351765,-54.163155,-52.470036,-50.543396,-51.391655,-52.460514,-54.40951,-55.392982,-57.492817,-77.982124,-79.55531,-79.55517,1
-210.64897,109.32418,10.638538,42.23986,-15.919378,1.3807191,-2.6805665,-9.513135,-7.6680593,-7.2704916,-10.682168,-1.5487509,-9.820472,-29.116959,-43.801697,-45.293777,-44.791294,-43.183655,-37.689224,-29.550594,-25.108017,-26.29536,-29.87222,-31.726824,-33.806164,-34.958027,-32.68806,-30.826456,-31.091158,-33.196926,-36.06998,-38.6989,-38.583214,-37.227253,-36.00399,-37.822292,-40.98991,-43.480007,-43.956627,-43.90922,-43.41557,-45.297287,-45.732517,-46.349182,-44.298492,-42.700584,-44.023777,-46.565834,-48.189327,-48.991444,-49.277313,-50.83515,-49.525227,-48.257263,-48.96908,-50.41979,-51.33682,-50.29046,-48.890797,-49.459652,-51.72666,-52.91865,-55.54921,-55.576515,-53.645134,-51.9709,-50.436188,-51.522083,-55.138023,-56.693306,-56.952393,-55.034264,-53.429012,-53.80043,-57.086403,-57.905422,-57.165237,-56.1233,-55.11126,-55.262608,-54.91598,-53.082146,-53.335136,-54.64626,-55.60551,-55.96232,-55.207226,-55.579636,-55.43028,-54.677673,-54.612904,-55.03867,-55.774376,-55.694435,-54.690067,-53.4778,-54.282978,-54.478134,-52.09892,-51.785015,-51.81091,-51.51397,-51.921062,-53.166233,-53.26858,-54.77102,-56.066383,-57.125877,-57.830772,-57.86297,-57.623615,-56.06557,-55.504158,-55.5412,-56.035305,-56.57783,-58.943417,-61.248325,-63.593243,-64.85599,-65.68282,-67.03261,-67.11997,-67.383804,-68.016914,-68.686134,-67.97795,-67.007904,-66.93524,-66.55343,-67.13921,-66.58891,-67.38364,-66.82427,-64.19898,-64.6198,-67.28771,-70.281044,-78.78032,-79.76451,-79.76533,1
-116.52004,87.59858,-7.514203,18.73018,-14.307918,3.365554,-20.347265,2.1417952,-6.2188864,-8.098685,-15.465516,-1.2795587,-10.603333,-51.763557,-48.215214,-44.853027,-41.652214,-36.301476,-28.842333,-21.390472,-22.695587,-28.653526,-30.891165,-33.18163,-35.383274,-35.93209,-33.050438,-29.531155,-30.144945,-32.882545,-32.97275,-32.948635,-33.59417,-34.208668,-32.84772,-33.897804,-36.164692,-36.542892,-37.128174,-39.431473,-39.79165,-38.932274,-36.407143,-35.784115,-36.48403,-36.98596,-38.193806,-38.684406,-40.056454,-39.556446,-37.868134,-37.977787,-39.679146,-41.264046,-42.68053,-43.140102,-41.793777,-40.980602,-42.048405,-44.06254,-45.14667,-44.05839,-43.329296,-43.927715,-43.219917,-44.334206,-46.007526,-46.081726,-45.11702,-44.877987,-44.335632,-44.097874,-44.90221,-44.814693,-45.00814,-42.96769,-42.1637,-44.40724,-42.625805,-42.468525,-43.6639,-43.45584,-42.076912,-42.541477,-44.877796,-45.453712,-44.95605,-46.49112,-48.073307,-47.717457,-48.80814,-50.91405,-48.895332,-48.90736,-50.292316,-48.892376,-48.87902,-50.584713,-51.075012,-50.982162,-50.478695,-49.53255,-48.544125,-48.882866,-48.94573,-47.51047,-47.76364,-47.416065,-48.911156,-50.300674,-50.809055,-51.38902,-50.52236,-50.55369,-50.594814,-49.138916,-48.93145,-50.60794,-49.44866,-51.432796,-52.858307,-55.332695,-55.820835,-56.163364,-54.7216,-54.113533,-52.71429,-53.664883,-55.719017,-56.740444,-55.989254,-56.935528,-58.40155,-60.361443,-61.756943,-62.890743,-63.88605,-63.82315,-63.68181,-66.471794,-73.61233,1
-156.10724,90.31442,9.421354,25.131182,4.61429,8.29004,-16.804794,1.744307,-17.712233,13.275519,-16.166616,2.7920952,-7.330514,-25.568375,-39.32353,-39.472916,-37.812347,-33.92822,-28.343115,-20.849924,-16.338205,-20.217985,-28.576809,-34.71415,-35.378635,-33.978775,-31.78063,-27.40623,-25.868341,-27.479202,-29.955225,-31.77209,-33.8379,-35.28765,-36.14625,-34.622643,-33.781452,-34.816254,-36.966793,-37.541195,-37.800793,-39.69858,-41.376396,-41.35127,-40.04625,-40.010616,-41.232082,-42.943512,-43.520695,-44.160896,-43.468163,-43.222286,-42.628387,-43.035984,-44.414192,-46.020588,-45.950893,-45.537544,-44.59375,-42.316135,-42.40293,-44.084553,-46.18941,-46.706577,-45.108437,-42.263535,-40.617653,-40.88934,-43.238533,-44.796658,-43.638897,-42.299294,-41.461643,-42.402657,-44.12755,-43.39587,-43.281273,-44.26167,-45.25901,-45.827263,-46.059807,-46.430916,-47.12027,-47.386967,-47.79365,-48.17524,-48.33072,-47.178734,-46.37078,-46.54463,-47.50201,-48.52059,-49.043896,-49.934177,-50.069546,-49.887196,-49.570015,-50.609806,-48.662983,-46.053688,-45.963127,-43.923004,-44.14767,-47.256725,-49.374557,-52.52019,-54.350853,-55.9272,-56.71308,-57.67999,-57.252106,-56.45494,-54.63183,-52.593678,-50.59691,-48.409,-48.574665,-50.530243,-52.69299,-52.464413,-52.378036,-53.707016,-52.72148,-51.617374,-51.05815,-50.907417,-50.32833,-50.346012,-52.69456,-53.125275,-53.28332,-51.78931,-51.26699,-50.949173,-51.30421,-51.894726,-53.40828,-57.067265,-77.75035,-79.646515,-79.64803,1
-228.07214,64.49003,-3.0912554,44.260197,-12.489942,-10.951694,0.5147677,-22.901176,-21.779861,-5.516141,-26.840834,3.096457,-7.4899864,-60.93807,-59.022137,-56.151443,-51.017025,-43.459717,-36.30202,-34.20055,-35.47121,-38.983376,-41.978584,-41.959915,-40.49542,-40.134525,-39.392887,-36.081776,-32.92146,-32.16526,-34.602512,-38.40846,-41.173424,-42.96805,-42.803005,-44.216225,-45.38396,-45.995354,-46.650402,-49.827732,-53.144943,-56.87372,-55.83708,-54.33404,-52.465786,-52.773575,-53.87523,-53.48256,-53.09797,-52.57051,-52.111282,-51.845577,-52.83145,-53.094486,-52.308147,-52.494354,-51.993755,-52.601013,-54.398968,-54.99472,-54.38556,-55.31379,-54.57475,-53.53783,-54.52235,-55.175186,-56.578674,-56.166046,-55.58392,-54.86127,-54.585712,-55.2738,-55.708187,-56.778667,-55.29156,-54.043278,-53.380066,-54.838654,-55.391254,-54.362534,-53.52743,-53.65069,-54.634624,-54.44762,-54.382103,-54.171738,-54.58394,-54.73866,-53.655354,-52.721706,-52.990364,-51.49497,-49.835808,-49.053352,-49.193344,-47.442726,-46.829502,-48.04955,-47.787327,-48.36266,-49.60145,-49.620693,-48.775074,-47.652927,-46.536552,-46.50881,-46.932896,-48.594448,-50.99979,-53.494225,-56.29059,-59.312218,-61.73174,-62.76386,-63.701313,-64.110054,-64.136086,-64.593704,-64.5291,-63.73509,-63.77191,-63.18658,-63.48803,-62.97624,-62.653675,-62.292152,-61.695755,-61.343933,-61.48483,-61.100197,-61.5395,-61.733818,-62.738243,-64.06784,-64.96269,-66.28405,-67.65232,-68.479965,-68.29403,-70.58629,-76.26074,1
-167.91345,104.41341,2.7362309,43.9737,16.467543,16.868792,-12.446628,3.6653075,-1.0906498,-4.54249,-10.169828,5.98492,-18.721039,-24.093952,-35.16182,-33.677258,-22.526115,-15.401602,-22.808413,-30.54431,-26.429232,-20.689919,-16.740078,-21.192184,-29.01568,-31.384232,-29.80983,-26.730602,-25.704515,-31.252003,-37.974026,-38.108418,-33.461227,-31.388155,-36.55801,-42.991207,-42.087307,-36.956413,-35.74968,-40.847713,-45.33384,-43.54708,-39.87344,-40.186405,-44.385365,-45.217934,-44.72509,-43.52544,-44.38442,-45.08998,-46.171875,-45.628376,-45.813675,-45.412956,-44.23747,-44.839474,-44.572155,-45.94491,-44.817013,-44.515633,-46.344193,-46.28541,-45.006252,-45.10311,-46.38815,-45.20532,-44.626736,-45.4135,-44.16721,-43.00098,-43.45099,-43.09777,-41.357334,-40.61184,-41.25545,-42.2824,-41.32939,-42.149364,-43.286095,-43.339226,-44.045933,-44.497295,-44.27862,-44.93717,-45.33037,-44.751133,-45.137646,-43.86504,-44.043083,-43.359108,-44.829166,-46.140415,-47.660763,-49.40882,-50.601376,-51.886745,-53.30052,-53.269657,-54.989388,-54.619907,-54.36525,-54.254124,-52.87896,-51.75047,-48.91543,-47.265564,-48.13771,-47.193333,-48.358696,-49.917923,-50.851826,-50.590252,-52.1658,-52.779522,-52.773933,-52.910828,-52.93592,-53.245655,-56.270542,-57.23683,-57.8236,-59.23983,-59.95823,-59.715824,-57.84937,-58.47419,-59.6307,-59.15371,-59.569782,-59.28734,-58.06885,-54.333878,-53.887653,-54.473984,-55.593246,-56.30338,-59.01048,-63.438187,-78.09327,-79.641136,-79.64078,1
-104.75648,94.797066,-0.99519664,33.76815,14.962297,2.795437,-7.8459315,-10.494105,-8.57199,2.4112098,-11.101515,8.298976,-12.951265,-40.111435,-35.90306,-24.05802,-11.78127,-16.933332,-27.64314,-19.517204,-11.28336,-15.008943,-26.352837,-28.499071,-23.11417,-22.894075,-27.153925,-25.259678,-22.365965,-23.881521,-26.338715,-26.533867,-26.683998,-26.969017,-27.865793,-27.947645,-29.139751,-29.86311,-31.277863,-33.303455,-34.555687,-36.581383,-37.44472,-37.117096,-37.19067,-38.49974,-39.572495,-40.0569,-38.847527,-39.153778,-39.348793,-39.75044,-39.698566,-39.464893,-38.723324,-38.128757,-37.812057,-38.147873,-39.289497,-38.825535,-38.279137,-38.197605,-38.703144,-38.704483,-37.129856,-36.401295,-36.860123,-35.758186,-35.186512,-35.954277,-36.016808,-35.353077,-35.70372,-36.465862,-36.43883,-36.859562,-36.03983,-36.083958,-36.69545,-37.668358,-38.677906,-38.737087,-38.50152,-39.621387,-40.549732,-40.181744,-38.90733,-39.95163,-39.969734,-39.486355,-39.012,-38.860874,-38.929844,-39.270718,-40.706676,-41.907272,-41.965157,-42.92163,-44.898235,-44.525253,-45.256123,-45.57573,-45.08883,-43.740654,-42.436333,-41.988144,-41.993332,-41.2468,-41.997692,-43.628895,-43.51519,-43.989178,-45.916885,-47.78922,-49.43541,-54.263638,-56.38317,-56.453323,-56.42812,-54.683044,-53.48539,-51.965565,-50.177147,-49.896774,-48.936928,-47.324318,-47.457287,-48.084038,-48.640144,-48.446335,-49.25139,-51.260296,-51.710888,-52.195625,-51.998352,-52.815384,-53.57023,-55.92982,-56.42929,-56.70003,-66.90751,1
-200.80118,69.69082,14.738073,30.69755,6.8320565,7.911393,-15.499255,4.8169994,-20.63762,10.243161,-13.271946,5.5756836,-3.1640468,-31.917868,-43.147568,-43.629208,-43.026913,-40.823948,-35.631935,-30.382591,-27.767855,-29.440985,-34.82249,-40.097378,-40.655277,-40.630928,-40.152267,-37.854736,-35.01146,-33.589123,-35.27876,-38.733864,-41.50314,-41.65572,-42.572468,-43.56125,-41.59626,-41.43377,-44.15988,-47.18761,-47.77142,-49.42164,-49.09351,-49.101376,-50.355705,-49.87555,-50.82735,-51.308277,-50.57306,-51.182507,-52.71793,-52.922153,-52.49797,-51.346596,-50.78877,-50.638012,-51.05524,-51.869747,-52.53161,-52.63439,-52.55163,-50.407993,-49.82962,-50.972153,-51.61514,-50.532932,-51.23868,-50.671803,-50.261406,-51.79477,-50.817135,-50.51785,-51.81011,-50.938484,-51.238743,-50.659557,-49.48006,-50.360863,-51.92184,-52.925842,-52.95563,-51.34599,-50.07955,-50.901005,-52.320614,-52.166004,-49.171535,-48.933384,-52.117523,-53.39857,-52.39378,-55.425446,-55.753563,-53.88371,-53.66937,-54.10709,-52.22176,-52.762615,-52.565914,-49.651764,-49.049152,-49.526497,-49.47339,-52.500793,-54.775723,-56.4137,-59.508175,-60.302143,-61.77633,-61.495735,-61.50957,-59.762356,-58.475624,-56.54282,-54.143612,-50.957188,-50.566124,-53.152298,-56.001625,-56.292385,-55.585712,-56.17114,-55.679024,-54.733303,-53.11514,-52.31511,-53.680313,-53.846603,-55.262867,-56.114464,-56.888645,-54.908783,-54.626373,-54.910164,-56.687206,-57.35715,-58.507305,-61.837894,-78.5808,-79.628456,-79.628334,1
-135.26521,120.02966,-22.944708,18.284369,-12.477552,-11.725112,-22.30161,-2.151123,-13.032833,-9.791393,-2.189172,-2.5892472,4.8189187,-30.710848,-41.22733,-45.601013,-47.60158,-47.91711,-43.881462,-37.12227,-32.43478,-30.401602,-28.884924,-28.635464,-30.827734,-32.381588,-32.48383,-33.160534,-32.436954,-31.552572,-31.47836,-30.866837,-27.906065,-24.699612,-25.227186,-28.464672,-31.197691,-31.354994,-34.247,-36.73003,-38.80418,-38.698208,-37.35013,-37.22449,-37.17222,-36.20353,-36.520916,-39.759872,-41.42823,-41.479263,-41.967026,-41.124516,-41.072624,-39.83711,-38.685505,-40.188885,-39.81082,-41.51171,-44.13682,-45.37307,-44.74819,-43.15305,-41.93095,-41.651417,-42.819584,-44.20199,-46.14398,-47.558525,-46.92217,-45.73795,-45.68923,-45.92651,-45.714336,-43.902485,-41.824966,-42.787735,-45.950687,-45.456234,-44.063114,-43.894436,-44.58617,-44.551212,-44.1225,-42.818935,-42.968544,-44.450493,-46.069004,-47.546463,-47.00447,-47.169746,-47.345947,-46.204834,-47.413406,-49.02677,-49.37104,-50.545723,-52.46749,-52.553925,-53.37989,-51.753647,-51.36752,-52.558674,-53.639107,-54.434048,-55.208267,-55.273136,-57.04703,-59.073505,-59.114433,-57.520573,-57.645264,-58.441315,-56.873726,-55.17141,-56.102444,-56.695095,-57.737877,-57.17714,-58.39425,-59.12071,-60.48478,-60.019722,-59.273438,-58.842922,-60.36683,-59.650402,-62.49124,-65.26014,-67.42965,-68.45481,-69.439995,-68.91315,-68.67243,-69.440575,-69.17498,-69.917015,-68.49391,-67.80902,-67.663246,-68.68806,-73.04799,1
-128.37569,123.86895,0.9640516,34.515793,3.3050928,8.745239,6.0692987,-8.823106,1.1254963,-7.596058,-7.343001,-4.2560606,-8.497341,-28.74246,-36.14544,-31.80054,-17.217968,-13.195836,-22.71313,-29.043507,-24.786615,-19.31186,-19.030743,-22.128304,-25.884695,-25.210115,-25.929295,-26.086685,-27.920578,-29.854473,-29.032265,-29.510805,-29.834688,-30.985626,-33.73082,-35.40108,-35.243355,-35.763027,-36.613735,-39.218903,-40.20488,-39.416466,-36.59371,-36.133965,-38.264008,-39.389915,-38.988235,-36.866013,-36.210106,-38.237232,-39.54722,-40.512753,-39.349957,-38.738003,-39.53099,-40.284626,-41.662865,-41.330673,-40.31331,-40.3966,-41.70743,-42.177956,-41.70348,-40.293972,-41.93578,-42.458603,-42.17987,-43.859146,-44.267494,-42.860332,-42.443462,-43.396835,-41.692722,-42.329754,-43.40549,-42.777405,-43.536438,-44.762444,-45.539913,-46.60864,-46.24359,-46.415462,-47.059757,-46.57203,-47.13571,-47.41132,-47.4106,-47.213394,-47.782795,-47.362488,-47.41451,-47.00091,-46.5269,-46.817764,-46.52676,-47.075024,-48.248135,-48.571484,-50.336727,-51.55361,-50.90084,-49.932835,-48.348312,-47.325657,-47.645622,-47.76824,-48.37907,-49.249344,-50.474644,-51.876125,-51.662594,-51.659386,-51.562214,-52.214752,-53.695805,-56.176064,-56.629192,-57.68232,-59.686237,-59.700375,-59.257587,-60.36497,-63.147957,-62.821068,-63.989384,-64.89022,-62.837925,-63.103706,-62.781834,-62.45697,-61.915565,-60.946796,-60.36309,-59.43706,-60.32807,-61.05012,-60.784966,-61.35444,-61.0334,-64.84933,-73.802795,1
-184.55478,125.78022,-13.811242,24.041727,-7.413408,-6.4310894,-21.575373,-2.860941,-12.369977,-8.43098,3.0208473,-2.7589948,2.1576955,-30.619137,-41.415848,-45.467144,-47.28026,-44.066204,-39.62625,-36.46686,-31.879704,-27.745058,-27.860853,-30.775343,-34.795353,-38.507614,-40.477837,-38.130405,-33.186703,-29.836765,-27.96634,-26.390312,-27.87212,-30.384981,-30.538616,-32.388947,-35.23188,-35.45466,-37.864025,-42.94008,-43.99451,-42.24499,-40.300915,-39.181053,-38.78523,-38.479374,-40.237633,-43.346207,-44.897034,-46.452324,-45.96241,-44.98307,-44.937828,-45.997467,-46.232838,-46.17416,-47.027897,-49.030315,-50.018024,-47.857006,-45.70089,-43.496845,-42.51719,-44.142784,-46.22029,-48.557247,-48.79239,-47.76263,-47.129593,-48.961895,-49.687523,-50.569164,-50.139557,-47.603687,-47.510967,-48.146812,-50.201836,-50.41759,-49.115597,-47.600292,-47.501057,-48.534958,-48.675323,-48.784367,-47.189587,-46.855442,-48.707993,-49.4886,-49.690224,-49.404167,-50.863464,-51.82493,-52.628944,-52.11648,-54.211388,-56.469364,-57.05354,-56.370472,-57.4342,-56.854763,-56.65,-55.971157,-55.131813,-56.04965,-58.578266,-59.520855,-60.250584,-61.01609,-62.13459,-62.85567,-60.921158,-60.263054,-60.724815,-60.92668,-60.51001,-58.387466,-59.0662,-59.801014,-60.4087,-61.73017,-63.23774,-61.083626,-59.885426,-63.316162,-63.935295,-65.38256,-66.97936,-69.50895,-70.76027,-71.77854,-71.9749,-71.945625,-72.79865,-73.99566,-72.96624,-72.603905,-71.238014,-70.4174,-70.99324,-70.97299,-75.44281,1
-171.27165,90.38667,-32.82566,17.539497,-22.445475,-2.4697523,-9.980464,-23.800776,-20.744583,-5.9390535,-20.574518,4.407439,-27.154419,-59.88429,-57.69028,-51.803856,-46.5872,-41.111732,-32.035706,-24.307383,-22.706417,-26.76835,-31.251083,-33.20187,-33.808342,-29.268452,-26.970924,-26.982355,-26.405243,-26.915752,-29.153252,-32.50255,-32.899803,-31.98738,-31.479074,-31.121637,-31.401577,-32.84883,-33.91089,-33.178802,-32.633804,-33.64055,-36.32153,-39.743057,-40.92201,-40.024513,-38.044495,-37.054096,-37.446186,-37.018925,-37.47609,-36.909267,-37.316433,-37.995564,-37.893517,-36.959427,-37.69306,-37.94137,-36.830807,-35.721027,-34.094013,-34.928898,-36.999153,-37.307373,-37.799015,-36.982407,-36.488026,-36.19704,-37.01478,-38.181873,-39.933765,-39.604626,-40.577606,-41.745003,-40.609173,-40.340496,-41.392628,-41.9604,-41.607964,-42.50093,-41.865414,-42.86591,-44.563618,-44.17305,-44.433823,-45.11054,-46.1081,-45.479298,-43.640236,-43.716373,-43.26641,-41.48289,-41.22121,-40.273132,-39.679142,-40.504223,-42.087254,-43.165367,-43.787678,-44.671837,-44.638344,-44.325157,-44.80915,-44.359135,-45.7795,-45.9122,-45.087227,-43.186325,-41.795567,-40.723305,-41.836285,-42.00746,-44.080025,-46.94177,-50.600616,-53.615063,-56.77765,-59.273273,-61.131462,-61.48897,-61.023888,-61.32305,-59.888966,-58.470963,-57.114388,-56.406242,-54.598644,-53.859875,-53.83701,-54.57314,-55.201458,-53.6502,-52.88406,-53.069504,-54.560627,-55.326912,-56.00712,-61.33327,-78.97645,-78.97893,-78.97952,1
-281.549,71.91736,-17.525017,7.9362297,-33.744007,-14.435894,-31.442732,-32.321396,4.8601623,-19.837837,-18.858786,-6.051794,-1.4086645,-74.506256,-75.086266,-73.25695,-69.694115,-65.15408,-59.22457,-49.49397,-44.209404,-42.401253,-40.161304,-40.208874,-43.956905,-47.493015,-47.058434,-45.97831,-46.717747,-47.036182,-45.97276,-41.675404,-40.316475,-36.51674,-36.25688,-38.40875,-42.724304,-46.907166,-47.577923,-48.366314,-48.333134,-46.975754,-45.62548,-45.20314,-45.77457,-47.304024,-50.028374,-54.637478,-55.43548,-52.70809,-51.88887,-52.548283,-54.128555,-54.194317,-54.784668,-54.66767,-53.18026,-53.247295,-54.6002,-56.385735,-57.930622,-58.664906,-58.56972,-56.944294,-56.112198,-56.69584,-57.61297,-58.99266,-57.903225,-56.356285,-55.64324,-55.134354,-54.103363,-52.415543,-52.5184,-54.310837,-54.62022,-53.063534,-51.26849,-51.744446,-53.66812,-54.98977,-55.608223,-56.172424,-57.226562,-58.691135,-60.880276,-62.902233,-63.696743,-63.579327,-64.27823,-65.83408,-65.934975,-65.331535,-64.31153,-62.63294,-62.716045,-60.050568,-57.701427,-56.705593,-55.53017,-55.36838,-55.297966,-55.025135,-55.314747,-55.354088,-55.244137,-54.98057,-55.263416,-55.809837,-57.20664,-57.7139,-58.915882,-59.81561,-61.31855,-63.043713,-63.60235,-64.76922,-64.89628,-64.91447,-64.76677,-64.56105,-65.337776,-66.65762,-68.6518,-70.97247,-72.67201,-73.474236,-73.8512,-73.83157,-73.91416,-74.014626,-74.03285,-73.49391,-72.39034,-70.72301,-68.58847,-67.181946,-66.95798,-68.854866,-74.20726,1
-142.67691,86.729515,0.8488272,38.214527,3.497993,11.831383,-11.727241,2.7027864,-11.122369,12.138425,-15.053059,12.704754,-23.278042,-24.380857,-34.598583,-34.601086,-27.661568,-19.847103,-18.141481,-22.140581,-26.992834,-26.484049,-24.479397,-26.033216,-24.841017,-23.28379,-24.825823,-29.057104,-33.66641,-34.0251,-30.97318,-27.778522,-27.988716,-32.694103,-36.926693,-34.89817,-33.848595,-33.70459,-32.743023,-34.074696,-36.49902,-37.826206,-38.45995,-38.76347,-36.637474,-35.960068,-38.291355,-40.63778,-42.22137,-42.60728,-41.02618,-40.604664,-41.580708,-41.575146,-42.29158,-43.73317,-42.952267,-41.78611,-39.69078,-39.88722,-41.845592,-44.32674,-42.327415,-39.085438,-39.184055,-40.874474,-41.056965,-38.88132,-37.06378,-38.223743,-39.892475,-40.129395,-39.44243,-39.390625,-40.82598,-40.269066,-40.43293,-41.54193,-41.684414,-41.52482,-41.655704,-42.127506,-41.22031,-42.373077,-42.621002,-41.758907,-41.953827,-42.389347,-41.034,-40.941067,-41.627136,-41.01578,-42.267826,-41.09805,-42.829895,-44.27159,-44.4467,-45.80651,-46.228127,-46.20988,-46.338497,-45.400383,-45.539425,-44.677067,-43.523373,-42.307545,-42.083878,-42.333473,-42.673855,-43.60132,-44.225147,-45.192635,-47.178364,-49.047367,-51.480038,-52.814297,-52.60585,-51.897255,-51.30813,-50.377243,-50.019398,-52.185925,-53.17941,-52.456604,-51.151463,-48.83058,-47.347095,-45.85216,-46.668453,-47.063892,-47.94343,-47.93477,-49.548298,-49.360638,-49.44952,-51.008377,-54.15465,-57.012726,-77.733406,-79.74997,-79.82331,1
-209.9883,161.99933,-23.450838,16.18836,-30.184376,-5.4717765,-1.4501402,-21.720371,-12.656859,-13.627851,-9.266121,-7.285266,-4.99986,-61.272717,-57.543835,-50.003822,-42.8004,-34.70217,-28.97344,-27.522427,-30.245218,-33.685387,-33.73259,-33.539658,-33.674263,-33.858353,-32.3672,-29.985449,-30.540264,-29.956125,-30.365803,-33.00771,-34.747814,-32.648388,-30.784,-29.888115,-30.736315,-33.811848,-37.70572,-41.13548,-41.51211,-38.27309,-36.60963,-38.201862,-41.014935,-41.905792,-42.142815,-40.589615,-38.90305,-39.465313,-39.28108,-40.391495,-40.84534,-41.05353,-41.85196,-41.944088,-41.922817,-41.31828,-41.687794,-41.63994,-44.016304,-45.811256,-44.355232,-42.962963,-45.28639,-49.977924,-51.69926,-50.21017,-48.607803,-49.206398,-50.716667,-51.448875,-51.89908,-51.614517,-51.762367,-52.948803,-54.04108,-55.435577,-54.609627,-55.237972,-57.136932,-57.367466,-56.695763,-57.85413,-58.29737,-55.657787,-57.688076,-57.785213,-59.410748,-58.57318,-57.321526,-57.69044,-56.421417,-56.06374,-55.446995,-52.927513,-54.284714,-54.623634,-56.64693,-56.80789,-57.268265,-60.71123,-61.933167,-62.72572,-58.25814,-57.687782,-58.75298,-61.709293,-62.71593,-61.3964,-61.829056,-61.00033,-59.58231,-61.018276,-64.99527,-70.771324,-72.606125,-73.87198,-74.781815,-75.70333,-74.74674,-74.114136,-73.442505,-73.906296,-74.52016,-74.61155,-76.29613,-79.54337,-79.55181,-79.555786,-79.56262,-79.565735,-79.570175,-79.57463,-79.57703,-79.58172,-79.584465,-79.5864,-79.58939,-79.59112,-79.590126,1
-247.30359,85.89648,3.0106137,33.680607,4.484898,13.742003,-1.2565814,1.0695169,-10.945284,4.4948673,-13.640588,-2.1105127,-13.0483465,-35.942635,-44.889633,-42.106472,-35.28414,-29.64439,-28.853731,-29.744299,-31.375692,-34.364437,-34.964546,-34.355343,-33.76055,-33.638607,-35.539963,-36.864655,-38.951218,-39.58918,-39.94462,-40.511143,-40.891018,-42.904545,-45.040577,-44.57007,-44.346733,-44.88001,-46.636868,-48.27396,-49.027317,-48.957424,-48.07868,-48.22496,-48.432724,-47.39597,-47.287502,-48.17843,-48.39881,-48.58001,-47.76292,-47.31097,-46.65884,-47.18369,-48.87017,-50.25974,-49.846275,-48.812347,-48.626602,-48.7532,-49.40295,-51.03309,-50.785355,-49.979374,-49.979404,-49.737686,-49.683887,-49.703884,-49.608723,-48.80909,-49.076965,-47.886864,-46.940933,-46.984863,-47.726677,-48.84596,-49.937527,-50.53023,-51.40811,-53.47174,-54.02246,-54.00832,-54.53104,-54.77841,-54.604237,-54.166256,-53.827473,-52.397343,-51.014046,-49.92774,-48.79291,-48.926617,-49.148003,-48.97828,-49.98111,-51.528805,-52.960754,-55.211708,-55.660618,-55.732246,-55.684998,-54.54701,-53.323914,-51.880657,-51.871906,-52.600372,-53.44542,-54.890064,-55.16043,-56.14007,-56.377472,-56.37808,-56.838467,-57.45435,-57.624172,-57.413925,-57.870846,-58.505756,-58.129738,-58.762005,-60.20593,-62.241524,-63.07448,-62.65381,-60.964806,-60.149612,-58.247517,-56.780525,-58.838627,-60.09368,-60.61645,-59.475296,-57.8833,-59.07602,-60.242344,-62.089436,-62.42242,-64.675354,-78.99914,-79.1294,-79.125916,1
-159.70815,84.47068,-20.597208,39.699352,-10.092368,-3.6452196,-28.593779,-12.516111,-23.981441,-17.93117,-11.734378,-10.116254,-3.9205465,-57.687634,-56.963303,-52.608994,-49.34955,-45.390858,-34.894848,-26.672686,-21.410997,-20.201551,-25.827318,-33.397526,-34.237106,-33.486725,-34.20106,-34.559452,-32.88288,-28.383686,-22.588255,-20.518337,-25.632631,-32.196064,-35.759163,-38.906067,-41.035744,-41.507477,-38.93006,-38.112312,-38.949226,-40.61699,-43.80163,-46.10932,-47.276505,-48.17252,-49.392296,-48.446644,-45.784645,-42.81478,-41.12284,-42.89675,-46.44414,-48.835926,-50.223824,-48.517822,-44.752907,-41.88041,-43.052017,-44.326492,-45.826965,-47.60054,-47.020855,-44.8232,-45.05631,-46.027775,-45.757927,-45.191574,-44.87187,-44.991985,-45.246227,-44.959675,-43.94387,-43.857563,-44.755615,-45.50173,-44.7822,-44.343197,-43.296505,-42.90829,-43.102158,-42.64803,-41.80578,-41.62681,-42.003956,-42.83074,-43.08252,-44.092705,-45.093456,-43.440807,-45.53137,-46.84467,-46.20511,-46.545063,-46.536587,-45.839565,-45.82211,-48.479424,-47.491413,-45.677258,-45.284092,-45.730774,-44.877037,-47.530006,-50.26547,-51.728245,-53.60211,-53.432163,-53.562176,-53.876225,-52.95316,-52.024284,-51.221706,-49.690468,-48.83348,-49.018547,-48.91384,-49.250168,-49.835976,-52.14628,-53.7834,-54.09101,-54.3592,-56.3096,-60.074436,-62.10455,-62.781895,-63.58226,-64.250496,-65.15627,-64.28103,-64.684944,-63.6774,-60.86903,-59.43217,-58.17957,-56.587875,-60.220028,-78.11689,-79.18822,-79.22839,1
-291.2665,34.83212,13.067323,4.2881827,-23.032799,-35.695396,-25.85153,-15.383833,-14.222569,-20.25921,-5.597852,-9.744071,-0.8687215,-78.20169,-79.150826,-77.67724,-74.15016,-72.17827,-73.000496,-64.05759,-53.468773,-45.18885,-42.7529,-44.99622,-50.259285,-56.982006,-60.96642,-59.182346,-51.966198,-48.480717,-49.102066,-48.990616,-47.192837,-43.05872,-43.901665,-45.844994,-47.593693,-49.766457,-53.166725,-56.52075,-59.187138,-59.078827,-58.01799,-56.81506,-53.04654,-51.704742,-53.77123,-58.621105,-63.18827,-66.10847,-66.96635,-65.774124,-62.76752,-60.677483,-60.445595,-60.857845,-61.71363,-64.133125,-65.87184,-66.95491,-66.76114,-65.98685,-67.01367,-67.76021,-69.63229,-70.41709,-68.698074,-67.51613,-67.61426,-68.4237,-69.508316,-69.670105,-67.35071,-65.46091,-65.25629,-65.657005,-65.77506,-65.10667,-64.28084,-64.04265,-63.559742,-62.73838,-62.30172,-62.661182,-62.93384,-61.97266,-61.31874,-61.642788,-62.301483,-62.66519,-62.944668,-63.389107,-63.36672,-64.55838,-65.430595,-64.31253,-63.76106,-64.0216,-62.549595,-62.123795,-63.129715,-63.44093,-64.974304,-65.90326,-66.26781,-67.357315,-67.17878,-66.99086,-66.34387,-65.96325,-65.72536,-65.089645,-64.61727,-63.875885,-63.701523,-63.325504,-63.526196,-63.697884,-64.01258,-64.08061,-64.06904,-64.38272,-65.598785,-67.16644,-68.65613,-69.417656,-69.63889,-69.65078,-69.36139,-68.43062,-67.71857,-67.376175,-67.09867,-66.6395,-66.1463,-65.368706,-64.27431,-63.219692,-62.686737,-64.34874,-70.543,1
-223.36745,147.75883,-21.619877,32.76827,-22.080332,-1.9398468,-19.304335,-19.254543,-10.787315,-16.406479,-9.026481,-8.801444,-2.8300626,-59.791195,-56.770584,-51.1665,-42.116493,-31.143122,-24.646019,-26.207539,-32.42358,-35.444126,-35.655388,-33.321766,-29.872437,-27.379135,-28.264267,-30.752802,-31.490368,-31.473251,-29.774431,-28.760174,-28.772223,-30.369833,-31.56515,-33.92513,-36.34736,-37.096977,-37.753345,-37.852306,-38.559475,-40.276485,-42.05349,-44.03579,-43.530228,-42.162716,-42.126167,-44.72571,-45.299477,-45.627426,-45.091446,-44.19314,-43.54343,-45.284218,-46.4103,-45.922516,-45.26722,-44.21534,-46.099136,-48.01084,-49.487812,-48.258484,-46.116627,-46.1931,-47.24568,-48.20698,-51.339268,-51.33303,-50.3686,-49.308487,-49.40889,-51.25663,-49.846027,-48.42956,-48.721222,-50.294044,-50.41518,-49.1949,-50.15685,-51.696095,-50.716824,-49.462757,-49.825413,-54.340588,-54.877655,-53.733894,-55.98818,-58.547535,-57.743626,-58.1943,-57.690662,-55.12629,-53.739334,-53.24684,-51.1685,-50.63411,-51.12962,-53.964603,-57.108555,-57.378468,-57.913486,-61.376675,-63.403877,-62.285534,-61.46947,-57.969353,-59.064796,-56.841423,-54.46733,-54.691532,-55.73442,-56.489117,-57.983475,-57.800644,-61.201378,-66.24759,-69.77013,-71.90333,-70.20949,-69.007744,-68.846375,-68.84955,-68.369156,-69.520676,-69.20881,-69.2033,-72.63534,-79.487885,-79.49447,-79.49982,-79.50573,-79.51077,-79.51531,-79.51986,-79.52393,-79.5266,-79.53005,-79.532,-79.53456,-79.53567,-79.53674,1
-174.55858,87.682976,-21.353626,54.942085,-18.169138,1.4693681,-33.886913,-6.946734,-25.298838,-15.860563,-5.081712,-16.500233,-3.8548768,-56.492992,-53.88289,-50.15837,-47.383224,-43.123024,-36.838776,-25.227451,-17.269686,-17.095142,-23.898212,-31.469688,-35.50081,-35.894463,-33.081993,-29.1694,-26.060612,-24.639755,-25.759325,-29.482544,-32.367348,-33.27194,-32.851418,-33.752365,-34.63635,-36.68931,-40.122498,-43.19738,-43.627342,-42.741283,-41.863396,-41.294098,-41.08821,-43.259876,-46.4197,-49.142155,-48.694584,-48.14757,-47.34379,-47.187794,-46.755177,-46.759636,-48.140865,-48.130196,-46.95213,-46.78463,-46.94095,-46.25974,-46.561214,-47.606663,-47.202827,-46.588158,-45.90827,-46.10862,-46.10263,-46.237785,-45.689636,-46.706,-45.47036,-44.344,-44.98724,-44.133186,-45.695496,-45.341133,-45.370125,-45.21663,-43.74896,-44.629818,-45.955963,-43.91043,-42.068333,-41.697113,-41.598663,-41.94787,-42.29044,-42.277435,-42.651863,-42.16542,-42.840843,-44.469315,-44.31703,-43.945915,-44.382557,-44.063545,-44.229935,-45.282852,-45.50157,-44.978703,-46.403675,-45.95334,-45.451427,-48.164986,-48.09026,-50.71168,-51.62993,-51.848644,-52.351112,-52.57702,-51.49962,-50.79577,-49.2074,-47.222164,-45.87356,-45.05387,-44.744305,-45.069866,-46.846485,-47.942387,-50.955425,-52.423794,-55.099552,-56.91023,-58.356716,-59.260345,-60.292213,-63.025387,-66.69017,-68.92429,-69.3629,-69.63209,-69.17916,-67.50636,-65.870316,-64.74838,-63.690292,-66.496475,-79.20128,-79.60209,-79.60269,1
-165.66794,71.370026,-25.811222,34.728355,-9.758687,-4.616683,-14.942329,-15.708896,-22.679716,-10.033767,-17.916595,-1.7018647,-23.152193,-63.954987,-60.502094,-55.044533,-50.095387,-41.577038,-33.075703,-27.514517,-29.162523,-35.212025,-39.23437,-38.258213,-35.03483,-31.361658,-28.602297,-28.697346,-31.433582,-34.456184,-38.66899,-40.031338,-39.14986,-37.58962,-36.424088,-37.263966,-38.851192,-41.22319,-44.188107,-45.72463,-44.4961,-43.86914,-45.288635,-46.8774,-47.847115,-48.659225,-46.565414,-45.831615,-46.288456,-46.34918,-46.2947,-47.046886,-47.275238,-47.049118,-46.588917,-47.404778,-47.711502,-46.47887,-46.177063,-45.294918,-44.351093,-44.15573,-45.843178,-47.39588,-46.27938,-45.50574,-44.657772,-44.350643,-45.223003,-45.824436,-44.78408,-43.982895,-44.82147,-46.666492,-47.0764,-46.579132,-45.521797,-46.56146,-46.613934,-46.379326,-45.385735,-45.369946,-45.09913,-44.358913,-46.39007,-46.48646,-44.894558,-44.972424,-45.776306,-44.121876,-45.013058,-45.316456,-43.780636,-43.573486,-43.36673,-43.508293,-43.965893,-45.135155,-47.29603,-48.706345,-49.58143,-50.246853,-49.568386,-50.381565,-49.261406,-49.553123,-48.288506,-48.46542,-47.85933,-48.306374,-47.646194,-47.760857,-47.837463,-49.995388,-51.69851,-55.746315,-58.70158,-60.094402,-61.2613,-61.16652,-61.63426,-60.83875,-60.792553,-59.532776,-58.04076,-57.22833,-56.941826,-57.079895,-58.271717,-59.42909,-60.39239,-60.052677,-58.742584,-58.422466,-57.750053,-58.54713,-59.114758,-63.917347,-78.97736,-79.47751,-79.475395,1
-223.786,182.12053,-28.623468,28.079212,-41.771076,-4.407816,2.018869,-28.138018,-8.407749,-14.294978,-3.498015,-8.203552,-2.402064,-52.65267,-48.479717,-42.833176,-33.622883,-23.490442,-18.765182,-23.53626,-31.222313,-29.537567,-27.612017,-25.91487,-22.870892,-22.360367,-25.358517,-27.349045,-26.772007,-24.174986,-21.31133,-21.657612,-24.17708,-25.893257,-24.981056,-23.052622,-22.463123,-24.607449,-28.421091,-30.66356,-31.685633,-32.64253,-31.820509,-32.675667,-34.52754,-33.882027,-34.168114,-33.549503,-33.166733,-33.514145,-34.850178,-36.121357,-34.6997,-34.144184,-33.07271,-34.211277,-36.559902,-36.757816,-36.74995,-37.14361,-37.848347,-38.8159,-38.867977,-39.412308,-42.061394,-42.229733,-42.641247,-44.674477,-44.833355,-43.649834,-45.11567,-47.883625,-49.29976,-47.44312,-48.196472,-49.30635,-49.796745,-48.09288,-49.10727,-51.872856,-51.67226,-52.16479,-53.368282,-53.323093,-52.991447,-54.058094,-54.83654,-55.820717,-57.104115,-56.6007,-56.096302,-52.056828,-47.826187,-45.302444,-45.66874,-44.917965,-45.138504,-47.11907,-47.168808,-48.58471,-50.628647,-55.060932,-57.899727,-57.616047,-55.550728,-57.107258,-58.03732,-54.646904,-53.9713,-50.446243,-49.91864,-50.93437,-49.82627,-51.5829,-58.975746,-67.317116,-69.87637,-70.86699,-71.96853,-73.047005,-72.89709,-74.7132,-75.56356,-75.39253,-76.38141,-75.474144,-77.031944,-78.9075,-78.925766,-78.941605,-78.956535,-78.97307,-78.9884,-79.00062,-79.0169,-79.0306,-79.04088,-79.05002,-79.06032,-79.06784,-79.06974,1
-184.50261,81.52649,-33.494415,64.529236,-16.382278,-21.314413,10.913488,-34.487904,-19.357729,3.9982762,-22.093391,9.591972,-13.0285635,-56.057472,-55.121254,-49.988544,-41.072292,-32.282864,-29.730091,-33.76523,-35.42937,-31.883425,-30.790615,-31.754267,-33.96317,-34.92561,-35.731724,-34.65342,-33.638798,-31.416655,-29.511826,-30.031193,-33.49726,-36.11562,-36.748745,-35.603985,-34.754658,-35.961586,-37.833782,-40.58717,-43.265316,-44.92389,-47.012287,-48.402645,-48.89039,-47.730743,-46.953457,-46.56632,-47.548534,-49.475964,-49.37233,-48.381424,-47.447197,-47.495445,-48.126183,-46.477776,-46.06802,-46.542706,-47.456715,-47.720005,-47.556896,-46.66154,-46.135178,-46.620213,-47.27664,-47.15129,-46.462086,-47.073376,-47.224747,-45.47431,-45.688072,-47.043034,-46.42072,-45.84166,-46.691334,-47.128643,-47.72727,-48.061016,-47.210335,-47.61497,-47.579254,-46.226967,-47.842438,-46.0593,-44.5221,-45.341465,-45.07888,-43.72876,-42.675037,-42.404057,-40.449444,-39.795746,-37.876217,-37.04158,-35.151196,-34.75543,-34.94599,-36.224537,-37.014748,-38.65775,-39.825356,-39.13225,-38.15698,-37.238426,-34.947075,-35.01159,-36.39373,-38.104713,-41.64606,-46.07118,-50.334026,-54.468784,-57.831688,-60.4747,-62.740734,-64.964,-66.12987,-66.59186,-67.22986,-66.49691,-66.60084,-66.300835,-65.80616,-64.80641,-63.840992,-63.08092,-61.9005,-61.268757,-61.656654,-61.842308,-61.660713,-62.41278,-62.822796,-63.680534,-65.30431,-66.95252,-68.07514,-68.47253,-68.52041,-70.98689,-76.75397,1
-178.36685,131.61407,-0.3837659,30.912355,7.176745,13.910689,-10.680623,3.3737595,-7.056941,-7.9061947,-5.591765,6.154508,-18.87894,-21.975668,-33.91506,-30.38117,-17.087675,-13.873137,-23.395987,-27.256464,-21.533703,-16.04257,-16.667467,-20.950294,-23.875076,-23.689913,-22.932846,-22.085688,-22.809565,-26.024715,-29.63498,-29.718552,-26.60998,-27.048147,-31.780546,-34.542027,-32.294323,-30.674465,-32.179375,-35.56037,-36.030537,-34.292946,-34.411774,-36.562958,-37.716614,-36.57565,-36.69807,-38.28203,-38.679806,-37.545612,-38.119057,-39.202183,-38.626865,-37.900166,-37.513287,-38.416744,-38.40089,-37.51101,-37.722244,-37.8204,-39.751793,-38.573807,-38.96505,-39.672714,-40.462326,-40.06426,-39.23192,-40.288994,-41.072353,-39.813736,-39.646645,-40.854214,-41.054863,-40.02922,-41.382553,-42.101906,-42.002357,-42.607735,-42.9615,-42.665127,-42.6813,-43.450752,-42.426353,-43.003017,-43.486237,-43.07331,-43.39615,-41.931984,-42.30988,-41.56883,-43.162094,-45.114803,-47.34374,-48.39683,-49.366203,-50.89803,-52.23003,-53.34985,-53.87525,-54.107525,-53.641804,-53.641243,-53.508575,-52.177017,-50.101353,-48.65229,-48.51823,-49.463367,-50.02035,-50.855373,-51.33637,-50.955727,-51.283184,-51.641266,-51.384415,-51.742126,-52.205677,-53.48342,-55.85594,-56.22299,-57.74349,-59.69185,-61.251186,-61.15245,-59.264698,-58.874386,-59.863583,-59.734966,-59.883694,-59.985405,-58.459305,-54.436554,-53.76887,-54.534157,-55.980156,-57.020317,-59.2648,-63.237732,-78.78997,-79.37583,-79.379555,1
-126.60732,101.97466,-21.069283,18.902391,-28.89903,3.1607811,-10.5204115,-23.698586,-19.54968,-2.762793,-22.75227,3.8042634,-25.009565,-60.328686,-55.783634,-50.382523,-40.600407,-30.367964,-26.480104,-27.603668,-29.13826,-27.462757,-26.15922,-26.77213,-27.079576,-26.763067,-26.626781,-26.582855,-27.147188,-29.619398,-30.062471,-29.312546,-28.82513,-30.029627,-30.426884,-29.188238,-29.015621,-29.270351,-31.588705,-34.078808,-35.364845,-35.41951,-35.81834,-36.315754,-37.029083,-37.459667,-36.7944,-38.340607,-37.889004,-36.561176,-36.293243,-36.109715,-35.611984,-36.85114,-37.69822,-38.883675,-38.367767,-38.102455,-37.582443,-37.09442,-36.243233,-35.77462,-36.46536,-38.3744,-37.982952,-38.792244,-39.297928,-39.54836,-39.26809,-38.92816,-38.62277,-40.521988,-42.141342,-42.529247,-42.152126,-43.600067,-43.65732,-43.919403,-44.914837,-45.403965,-45.633533,-46.39958,-47.380024,-48.763298,-48.647194,-48.302715,-47.931313,-47.823307,-46.4162,-46.67431,-46.525234,-45.309364,-45.65312,-44.300743,-43.752872,-43.56341,-43.72506,-43.123474,-43.522236,-44.971508,-45.657455,-46.134094,-46.045395,-45.372223,-45.229343,-44.771137,-44.180176,-42.220016,-40.871826,-40.654575,-41.655415,-44.237514,-46.196583,-49.31814,-53.13497,-55.21096,-57.96258,-59.597122,-59.668716,-60.08483,-59.143085,-59.047455,-59.420082,-57.71134,-55.640667,-54.81211,-55.434483,-55.86175,-57.014637,-56.608517,-56.470196,-55.98173,-54.724564,-54.70758,-56.552555,-58.318768,-59.97746,-64.92359,-79.50501,-79.73388,-79.74436,1
-300.09952,68.12692,-1.3848692,13.505682,-36.97773,-30.746216,-36.28468,-24.219463,1.4829423,-24.034445,-6.1225753,-3.2510848,0.99804384,-76.654,-77.09195,-76.4356,-72.71491,-71.182335,-69.70561,-65.583435,-56.99112,-42.763264,-36.994976,-42.150837,-51.271366,-58.53028,-61.85784,-60.189552,-57.59164,-50.12357,-42.876705,-36.537605,-33.861732,-34.980606,-38.379757,-43.765965,-48.962208,-53.660667,-54.49582,-51.94466,-50.89759,-49.889076,-49.009632,-48.79091,-50.566505,-54.333225,-58.142803,-61.807743,-61.373028,-60.749573,-61.740993,-61.67275,-59.9824,-59.141582,-60.803795,-63.933773,-65.1942,-63.85042,-63.602875,-65.92996,-66.57865,-66.98012,-67.725395,-68.48531,-69.17298,-68.51908,-67.524315,-68.698135,-69.343025,-68.50441,-66.59895,-65.02188,-63.956257,-65.02721,-65.56433,-64.49696,-61.590096,-59.849724,-61.322544,-64.44516,-63.142685,-59.69788,-58.692436,-61.63175,-65.51289,-64.463585,-62.30327,-63.05806,-66.26662,-67.29668,-66.80472,-67.04011,-67.59023,-68.81266,-69.25134,-67.68053,-67.7129,-68.20074,-66.440765,-65.674484,-65.077095,-65.0715,-64.99644,-63.287014,-63.98448,-64.48244,-62.11054,-62.651947,-61.95411,-61.829662,-63.21145,-64.00729,-65.0996,-65.44851,-66.423615,-66.545074,-66.72294,-66.882225,-66.83613,-67.51181,-68.08654,-69.97231,-72.75001,-75.36616,-77.31051,-77.71583,-77.586464,-77.48692,-77.40356,-77.36089,-77.43821,-77.51491,-77.37228,-77.01971,-76.38136,-75.294174,-73.51535,-72.004745,-71.37142,-72.455666,-76.449326,1
-175.37076,67.194115,15.288079,50.11326,5.1251388,14.236779,-17.35325,7.6360993,-12.608488,6.2902484,-16.582558,11.233525,-16.052437,-26.737782,-36.943466,-35.75562,-30.379183,-20.696775,-20.595589,-27.161251,-30.153826,-29.230864,-23.797049,-22.998938,-26.864119,-31.90565,-31.66804,-29.350388,-30.093277,-31.763626,-34.350647,-36.003986,-36.064457,-36.228493,-36.757072,-37.457462,-37.4053,-38.561962,-39.549343,-41.99506,-44.17339,-42.713802,-41.54004,-41.251537,-44.15387,-47.59371,-48.70405,-46.719315,-45.81667,-46.23422,-47.181168,-48.137955,-47.214195,-46.094505,-46.78708,-48.67599,-49.089905,-47.643356,-46.223694,-46.898376,-48.22446,-48.93834,-48.060806,-45.91136,-45.939648,-47.07669,-47.739395,-47.15451,-46.666332,-46.95668,-46.752705,-46.086224,-44.742813,-44.525272,-44.77552,-43.128323,-42.98946,-43.030167,-43.558025,-43.64269,-43.06316,-43.185146,-43.49649,-44.16579,-44.3389,-45.19899,-44.917934,-45.345325,-45.44615,-45.097233,-45.035313,-44.646164,-44.028667,-44.53126,-43.319252,-43.97607,-45.386795,-46.65675,-47.628437,-47.45492,-48.072998,-47.630627,-48.088287,-47.60714,-46.665237,-45.4079,-44.79622,-44.2983,-43.652714,-43.586933,-43.329372,-44.19239,-46.068146,-48.229897,-49.90582,-50.323,-50.077694,-50.021885,-49.99594,-48.63599,-47.972897,-49.78167,-50.949554,-50.604393,-48.70924,-47.107204,-47.00847,-46.293346,-47.346455,-48.3592,-49.004932,-49.363964,-50.89635,-50.457836,-50.684914,-51.80629,-54.836582,-58.19088,-77.30618,-79.48912,-79.49087,1
-178.51076,79.79578,-14.596912,34.838768,-14.74313,2.7255938,-26.930298,-17.424444,-23.804195,-21.266527,-11.736935,-9.799364,-3.9893363,-62.436882,-60.403294,-57.459953,-54.617886,-51.117386,-45.63956,-37.166855,-29.937937,-24.180517,-22.860277,-27.704012,-37.094994,-40.921196,-41.631836,-38.5271,-36.40048,-35.228565,-34.327633,-32.599403,-28.99887,-29.65813,-34.53348,-40.104534,-42.97274,-45.96542,-48.64524,-51.11116,-51.368572,-49.286938,-45.767868,-44.097572,-45.37152,-48.484207,-52.909195,-55.266983,-55.59774,-55.370995,-52.68318,-49.724583,-47.025917,-45.681423,-45.931614,-47.807735,-51.14949,-52.877552,-51.532078,-49.58636,-48.49202,-47.33094,-46.270226,-46.73455,-47.402172,-50.269474,-54.095936,-53.29892,-51.170715,-49.121586,-48.01944,-48.582726,-49.648354,-51.297535,-50.693047,-49.99792,-49.88276,-49.09121,-48.98315,-50.213165,-51.230473,-50.28404,-48.728973,-47.804092,-49.42586,-51.16185,-49.809673,-49.276268,-49.921543,-50.566998,-51.6754,-53.00281,-53.780266,-52.625378,-52.79289,-53.557083,-51.56294,-52.761936,-54.65288,-53.165363,-50.766937,-49.75488,-49.33024,-48.576843,-50.748917,-53.82633,-55.63791,-56.69491,-57.646873,-57.366722,-56.148495,-55.84098,-54.557465,-53.254498,-52.15159,-50.525425,-51.491703,-51.704456,-52.726715,-54.90964,-57.61499,-59.779224,-60.39954,-61.712627,-62.425022,-63.21719,-64.25715,-66.07102,-67.51205,-69.276634,-70.14076,-70.49207,-68.54383,-65.73705,-64.240944,-62.21188,-60.570423,-64.3055,-79.47834,-79.84713,-79.84629,1
-215.68732,139.25655,-32.615017,19.277773,-24.435368,4.683498,-12.603732,-22.703901,-7.0089946,-11.357665,-8.887133,-8.95099,-5.2571383,-63.18898,-59.515335,-54.576126,-47.415768,-38.737015,-31.032003,-28.038109,-32.73112,-38.910366,-42.508686,-39.745018,-35.813858,-34.15132,-34.962246,-35.53166,-35.3411,-35.25546,-35.183475,-35.132507,-36.003693,-37.582527,-37.637882,-36.912327,-36.65524,-37.143818,-39.801853,-42.377792,-42.743057,-43.2141,-44.908493,-43.469616,-42.94765,-43.06363,-43.82257,-43.339687,-44.037907,-44.996376,-45.125683,-46.26009,-45.744423,-44.644524,-43.80838,-44.05744,-44.652576,-44.98792,-45.025852,-46.27476,-45.528988,-46.17834,-47.348114,-47.57321,-46.947117,-47.096043,-48.95185,-49.232216,-46.415634,-45.206367,-45.976734,-49.12631,-49.400517,-47.958824,-48.675255,-50.482002,-52.751495,-51.675514,-51.723305,-52.6817,-53.931458,-55.79554,-54.911037,-56.154858,-59.400276,-58.415955,-56.138466,-56.12197,-57.225285,-58.06466,-58.085583,-57.8311,-59.7572,-59.019638,-59.568886,-55.33047,-53.85561,-55.817005,-54.97177,-55.771313,-56.529266,-60.26105,-61.095715,-58.957115,-60.07493,-61.405228,-60.676838,-61.44393,-57.76083,-57.645107,-55.195194,-56.591797,-55.445393,-58.949932,-63.64218,-68.13277,-71.55289,-72.57183,-71.16805,-70.993805,-72.66483,-71.705925,-70.96279,-71.11793,-70.7899,-70.720924,-74.0551,-79.89529,-79.90003,-79.90291,-79.90479,-79.906975,-79.90888,-79.910065,-79.91079,-79.91184,-79.912834,-79.913666,-79.91546,-79.914825,-79.91458,1
-125.64134,84.9875,-30.274693,23.709599,-17.564404,-1.0038702,-21.021137,-13.911945,-20.295963,-2.8888354,-22.356646,2.1993406,-21.412174,-62.256783,-58.349136,-52.807312,-42.46087,-32.380024,-26.478128,-24.974234,-27.524696,-29.694883,-31.614176,-32.217533,-30.037443,-25.939806,-24.615187,-27.124313,-30.836258,-33.27892,-33.232025,-32.71453,-32.241207,-29.490587,-29.598011,-30.130573,-31.466648,-33.042053,-34.4719,-34.40029,-34.148346,-35.537357,-38.075306,-39.65877,-39.703007,-39.047928,-38.73467,-39.694523,-39.709682,-39.020145,-38.742847,-38.646484,-38.861504,-38.96558,-38.999035,-39.020763,-38.84832,-39.297127,-39.22179,-38.58921,-39.30704,-39.37681,-38.683277,-39.478756,-39.36572,-39.56793,-39.362556,-38.166294,-38.416843,-38.723896,-38.947136,-39.41207,-39.0249,-38.455616,-38.730602,-39.608746,-38.988243,-38.658783,-39.686844,-40.70562,-40.667088,-41.079887,-41.461056,-42.826912,-42.366585,-42.783726,-42.856586,-43.089226,-42.866062,-43.612167,-43.476543,-42.875965,-42.978386,-41.735554,-40.374187,-40.495636,-40.888664,-41.707775,-42.472366,-44.387505,-45.656487,-46.6613,-46.756893,-46.170467,-46.435814,-45.32048,-45.368607,-43.92778,-43.31913,-42.28974,-41.766087,-42.72923,-44.981125,-47.72558,-51.163254,-53.591793,-55.44846,-57.00748,-56.88057,-55.89686,-54.81817,-54.05936,-54.072857,-54.235912,-53.662685,-52.913166,-52.910122,-53.49515,-54.32828,-53.502895,-54.421284,-54.359093,-53.941833,-55.054523,-55.95088,-57.43405,-57.806534,-62.11604,-79.02493,-79.33442,-79.3381,1
-109.43093,83.05299,5.3476334,28.693377,-12.42206,-1.5616992,-17.291626,-3.4936297,-8.0197,-11.052164,-14.654453,-5.9212093,-2.74833,-48.335052,-44.47481,-41.03218,-38.028927,-29.409956,-17.86845,-17.698498,-22.632456,-25.114214,-28.361837,-28.468325,-24.811485,-24.025187,-28.118258,-31.0254,-30.214256,-26.528374,-22.809822,-23.043003,-26.481285,-30.459333,-33.479664,-34.408787,-33.072536,-30.437336,-30.44056,-34.252167,-37.45257,-39.52701,-38.864754,-36.988472,-35.224636,-35.55306,-34.292816,-36.037113,-38.080505,-37.504196,-37.691753,-40.698334,-41.294197,-40.79973,-38.848053,-38.263523,-38.207157,-41.12473,-45.53144,-45.973923,-43.74464,-41.92812,-40.646545,-42.88907,-42.802914,-42.113995,-43.54742,-46.678562,-46.47709,-43.727367,-43.422832,-45.292625,-45.449226,-44.248283,-42.394394,-40.07959,-41.506874,-41.335938,-39.86094,-39.356316,-41.03843,-41.90661,-41.217358,-41.619797,-41.991737,-42.18887,-44.49835,-44.93082,-44.083996,-45.177345,-45.80206,-44.441345,-44.694164,-45.87216,-45.384686,-45.917065,-45.435234,-45.79362,-43.95334,-45.05619,-44.56207,-43.29844,-43.07883,-41.70954,-41.78947,-43.0466,-44.297165,-45.545647,-47.718067,-50.383305,-49.4433,-49.357624,-47.96602,-46.242268,-45.306786,-45.374718,-44.634895,-43.92817,-45.414886,-46.87557,-47.877834,-49.951977,-50.12355,-51.462406,-51.909607,-52.437046,-53.323357,-51.876213,-51.56458,-52.76174,-53.78211,-55.65045,-58.105515,-57.622368,-57.252663,-55.005157,-56.341805,-56.263752,-55.475597,-58.25553,-66.82164,1
